global_phenotype,identifier,probability
G_NOISE,10AC_A,0.0
G_NOISE,10EH_C,0.0
G_NOISE,10FI_Y,0.0
G024,10MI_D,1.0
G009,10YE_A,0.9667217288501387
G010,10YE_B,1.0
G008,10YE_C,0.9413010585071176
G011,10YE_D,1.0
G028,10YE_L,1.0
G008,10YH_C,1.0
G_NOISE,11HU_A,0.0
G_NOISE,11LB_A,0.0
G_NOISE,11MP_D,0.0
G_NOISE,11QF_B,0.0
G_NOISE,11YY_A,0.0
G044,12FK_A,1.0
G001,1A02_F,1.0
G001,1A02_J,1.0
G_NOISE,1A02_N,0.0
G_NOISE,1A0A_A,0.0
G_NOISE,1A12_A,0.0
G003,1A1G_A,1.0
G003,1A1H_A,1.0
G003,1A1I_A,1.0
G_NOISE,1A2Z_A,0.0
G_NOISE,1A36_A,0.0
G_NOISE,1A3Q_A,0.0
G013,1A66_A,1.0
G_NOISE,1A6B_B,0.0
G_NOISE,1A6J_B,0.0
G_NOISE,1A73_A,0.0
G003,1AAY_A,1.0
G_NOISE,1AAZ_A,0.0
G_NOISE,1AG4_A,0.0
G_NOISE,1AHD_P,0.0
G_NOISE,1AIS_A,0.0
G_NOISE,1AIS_B,0.0
G_NOISE,1AKH_B,0.0
G_NOISE,1AL0_4,0.0
G_NOISE,1ALH_A,0.0
G_NOISE,1AM9_C,0.0
G_NOISE,1AN2_A,0.0
G_NOISE,1AN4_A,0.0
G008,1AOI_C,0.3903598556943252
G011,1AOI_D,0.8521345777950261
G_NOISE,1AOI_E,0.0
G_NOISE,1AWC_A,0.0
G006,1AZP_A,1.0
G028,1B3T_A,0.8502743556112916
G_NOISE,1B4U_A,0.0
G_NOISE,1B69_A,0.0
G007,1B8I_B,0.9481567289838496
G_NOISE,1B96_A,0.0
G_NOISE,1B97_A,0.0
G_NOISE,1B9H_A,0.0
G006,1BBX_C,0.9872664100272179
G_NOISE,1BC8_C,0.0
G_NOISE,1BCH_1,0.0
G_NOISE,1BDH_A,0.0
G_NOISE,1BDT_B,0.0
G_NOISE,1BDV_B,0.0
G006,1BF4_A,1.0
G_NOISE,1BF6_A,0.0
G_NOISE,1BJ6_A,0.0
G018,1BNK_A,1.0
G006,1BNZ_A,1.0
G017,1BRN_L,0.8031991311058484
G_NOISE,1BSS_A,0.0
G_NOISE,1BVO_A,0.0
G005,1BY4_B,0.9501925026180874
G_NOISE,1BYF_A,0.0
G_NOISE,1BYP_A,0.0
G_NOISE,1C0W_B,0.0
G_NOISE,1C7J_A,0.0
G_NOISE,1C7Y_A,0.0
G_NOISE,1C89_A,0.0
G006,1C8C_A,1.0
G_NOISE,1C9B_A,0.0
G_NOISE,1C9B_B,0.0
G004,1CBV_H,1.0
G004,1CBV_L,1.0
G_NOISE,1CDW_A,0.0
G_NOISE,1CGP_A,0.0
G_NOISE,1CHM_A,0.0
G_NOISE,1CI9_A,0.0
G005,1CIT_A,0.9019058445353062
G_NOISE,1CJG_A,0.0
G_NOISE,1CKT_A,0.0
G_NOISE,1CKV_A,0.0
G050,1CL8_A,0.48460557944891697
G042,1CLQ_A,0.2330594527407085
G_NOISE,1CMA_A,0.0
G_NOISE,1CMN_A,0.0
G_NOISE,1CO0_A,0.0
G_NOISE,1CUH_A,0.0
G_NOISE,1CW0_A,0.0
G_NOISE,1CYQ_A,0.0
G_NOISE,1CZJ_A,0.0
G_NOISE,1CZY_A,0.0
G_NOISE,1D02_B,0.0
G_NOISE,1D0D_A,0.0
G_NOISE,1D3U_A,0.0
G_NOISE,1D3U_B,0.0
G_NOISE,1D5Y_A,0.0
G_NOISE,1D7E_A,0.0
G038,1D8Y_A,0.1287505246031814
G041,1DC1_B,0.9491482733169372
G032,1DCT_A,0.9361657866689248
G030,1DE8_A,1.0
G030,1DEW_B,1.0
G001,1DH3_A,1.0
G_NOISE,1DHI_A,0.0
G_NOISE,1DL5_A,0.0
G_NOISE,1DMH_A,0.0
G046,1DMU_A,0.26754012984419806
G_NOISE,1DP7_P,0.0
G_NOISE,1DQE_A,0.0
G021,1DRG_A,1.0
G005,1DSZ_B,0.9501925026180874
G007,1DU0_B,1.0
G017,1DUX_C,0.8139986447089433
G_NOISE,1DXK_A,0.0
G_NOISE,1E0X_A,0.0
G_NOISE,1E30_A,0.0
G_NOISE,1E39_A,0.0
G_NOISE,1E4F_T,0.0
G_NOISE,1E6W_D,0.0
G_NOISE,1EA4_F,0.0
G046,1EBM_A,1.0
G_NOISE,1EF9_A,0.0
G_NOISE,1EFA_B,0.0
G_NOISE,1EGL_A,0.0
G_NOISE,1EGW_B,0.0
G_NOISE,1EH9_A,0.0
G_NOISE,1EHK_A,0.0
G004,1EHL_H,1.0
G004,1EHL_L,1.0
G029,1EMH_A,1.0
G_NOISE,1EOO_A,0.0
G_NOISE,1EQ9_A,0.0
G_NOISE,1EQZ_E,0.0
G_NOISE,1EVW_A,0.0
G018,1EWN_A,1.0
G_NOISE,1EYG_A,0.0
G_NOISE,1EYU_A,0.0
G_NOISE,1EZ6_A,0.0
G_NOISE,1F0V_A,0.0
G_NOISE,1F2I_G,0.0
G021,1F44_A,1.0
G_NOISE,1F4S_P,0.0
G034,1F4T_A,1.0
G_NOISE,1F5M_B,0.0
G_NOISE,1F5T_A,0.0
G018,1F6O_A,1.0
G_NOISE,1F94_A,0.0
G_NOISE,1FIU_A,0.0
G_NOISE,1FLO_B,0.0
G046,1FN7_A,1.0
G046,1FOK_A,0.26438796421741234
G001,1FOS_E,1.0
G017,1FYM_A,0.8445857342573156
G_NOISE,1FZ1_F,0.0
G003,1G2D_C,1.0
G003,1G2F_C,1.0
G_NOISE,1G38_A,0.0
G_NOISE,1G4D_A,0.0
G_NOISE,1G63_B,0.0
G_NOISE,1G8K_B,0.0
G039,1G9Z_A,1.0
G_NOISE,1GAT_A,0.0
G_NOISE,1GCC_A,0.0
G001,1GD2_E,1.0
G_NOISE,1GDT_A,0.0
G_NOISE,1GFF_2,0.0
G_NOISE,1GH9_A,0.0
G015,1GJI_A,1.0
G_NOISE,1GKA_B,0.0
G005,1GLU_A,1.0
G_NOISE,1GM5_A,0.0
G_NOISE,1GO3_E,0.0
G_NOISE,1GP0_A,0.0
G_NOISE,1GT0_D,0.0
G_NOISE,1GWT_A,0.0
G019,1GXP_A,0.7386389516771735
G_NOISE,1H0H_B,0.0
G_NOISE,1H1I_B,0.0
G_NOISE,1H2G_B,0.0
G_NOISE,1H6F_B,0.0
G_NOISE,1H88_B,0.0
G_NOISE,1H88_C,0.0
G001,1H89_A,1.0
G_NOISE,1H9D_C,0.0
G_NOISE,1H9T_A,0.0
G_NOISE,1HBX_E,0.0
G_NOISE,1HCR_A,0.0
G007,1HDD_C,1.0
G_NOISE,1HHT_P,0.0
G_NOISE,1HJB_C,0.0
G_NOISE,1HLO_A,0.0
G_NOISE,1HLQ_A,0.0
G_NOISE,1HLV_A,0.0
G_NOISE,1HM2_A,0.0
G_NOISE,1HQI_A,0.0
G_NOISE,1HQM_E,0.0
G_NOISE,1HRY_A,0.0
G049,1HUO_A,0.9818926760424808
G_NOISE,1HW2_A,0.0
G003,1HWT_D,0.8924893339519817
G025,1HYS_A,1.0
G_NOISE,1HYS_B,0.0
G050,1I6J_A,0.48460557944891697
G_NOISE,1I7D_A,0.0
G_NOISE,1I7H_A,0.0
G_NOISE,1I8D_A,0.0
G004,1I8M_B,1.0
G_NOISE,1IAW_A,0.0
G_NOISE,1IF1_A,0.0
G_NOISE,1IG4_A,0.0
G007,1IG7_A,1.0
G_NOISE,1IJS_P,0.0
G_NOISE,1IMH_C,0.0
G_NOISE,1IU3_C,0.0
G_NOISE,1IUH_A,0.0
G_NOISE,1J3E_A,0.0
G_NOISE,1J46_A,0.0
G_NOISE,1J47_A,0.0
G_NOISE,1J5N_A,0.0
G025,1J5O_A,0.9664224082637501
G_NOISE,1J5O_B,0.0
G_NOISE,1J8M_F,0.0
G_NOISE,1JAY_A,0.0
G037,1JET_A,1.0
G_NOISE,1JEY_B,0.0
G_NOISE,1JFI_C,0.0
G_NOISE,1JFS_A,0.0
G_NOISE,1JFT_A,0.0
G007,1JGG_A,1.0
G_NOISE,1JGT_B,0.0
G_NOISE,1JH9_A,0.0
G005,1JJ4_B,1.0
G003,1JK2_A,1.0
G_NOISE,1JLK_A,0.0
G046,1JMC_A,0.26241736880833855
G_NOISE,1JNR_A,0.0
G_NOISE,1JT0_A,0.0
G041,1JUV_A,0.9704916923670991
G_NOISE,1K0H_A,0.0
G007,1K61_A,1.0
G017,1K79_A,1.0
G035,1K82_A,0.7712532086089381
G_NOISE,1KB6_B,0.0
G021,1KBU_A,1.0
G034,1KDH_A,1.0
G_NOISE,1KDJ_A,0.0
G004,1KEG_H,1.0
G004,1KEG_L,1.0
G038,1KLN_A,0.1287505246031814
G_NOISE,1KQQ_A,0.0
G_NOISE,1KSX_A,0.0
G_NOISE,1KSY_B,0.0
G_NOISE,1KTB_A,0.0
G_NOISE,1KU7_A,0.0
G_NOISE,1KX5_E,0.0
G_NOISE,1KX5_F,0.0
G_NOISE,1KYZ_E,0.0
G_NOISE,1KZ1_C,0.0
G_NOISE,1KZL_A,0.0
G_NOISE,1L1M_A,0.0
G035,1L2B_A,1.0
G005,1LAT_B,1.0
G028,1LAU_E,1.0
G_NOISE,1LBG_A,0.0
G_NOISE,1LCC_A,0.0
G015,1LE5_A,1.0
G015,1LE5_B,1.0
G_NOISE,1LE8_A,0.0
G_NOISE,1LFU_P,0.0
G_NOISE,1LFW_A,0.0
G_NOISE,1LLI_B,0.0
G_NOISE,1LLM_C,0.0
G_NOISE,1LMB_4,0.0
G005,1LO1_A,1.0
G_NOISE,1LPQ_A,0.0
G_NOISE,1LQ1_C,0.0
G_NOISE,1LRI_A,0.0
G_NOISE,1LRR_A,0.0
G_NOISE,1LT4_A,0.0
G038,1LV5_A,1.0
G014,1LVM_A,0.9063987371979044
G_NOISE,1LWB_A,0.0
G046,1LWY_A,1.0
G033,1M06_F,1.0
G_NOISE,1M06_G,0.0
G046,1M3Q_A,1.0
G_NOISE,1M5R_A,0.0
G039,1M5X_A,0.6395262915254366
G_NOISE,1M6X_B,0.0
G_NOISE,1MDY_A,0.0
G_NOISE,1MDY_B,0.0
G_NOISE,1MEY_F,0.0
G_NOISE,1MHD_A,0.0
G_NOISE,1MJE_A,0.0
G_NOISE,1MJO_A,0.0
G020,1MM8_A,0.24268099626117073
G_NOISE,1MOW_A,0.0
G_NOISE,1MSE_C,0.0
G_NOISE,1MSW_D,0.0
G020,1MUH_A,0.24268099626117073
G020,1MUS_A,0.24268099626117073
G_NOISE,1MVM_A,0.0
G_NOISE,1MW8_X,0.0
G030,1MWI_A,0.3595967091293471
G_NOISE,1MWW_A,0.0
G046,1N3A_A,1.0
G046,1N3C_A,1.0
G039,1N3E_A,1.0
G_NOISE,1N40_A,0.0
G020,1N48_A,0.8604381213199975
G011,1N6J_A,0.3617032121060678
G_NOISE,1N6Z_A,0.0
G_NOISE,1NBA_D,0.0
G015,1NFK_A,1.0
G_NOISE,1NG6_A,0.0
G026,1NG9_A,0.802538327255504
G_NOISE,1NK2_P,0.0
G038,1NK4_A,1.0
G_NOISE,1NKP_A,0.0
G_NOISE,1NKP_B,0.0
G_NOISE,1NLW_A,0.0
G_NOISE,1NLW_B,0.0
G_NOISE,1NNE_A,0.0
G_NOISE,1NVP_A,0.0
G001,1NWQ_A,1.0
G_NOISE,1NWW_B,0.0
G021,1NZB_A,1.0
G_NOISE,1O3Q_A,0.0
G_NOISE,1O3S_A,0.0
G_NOISE,1ODG_A,0.0
G_NOISE,1ODH_A,0.0
G037,1ODZ_A,0.983350592384147
G030,1OE4_A,0.3784771412015541
G_NOISE,1OJQ_A,0.0
G_NOISE,1ORN_A,0.0
G_NOISE,1OSB_A,0.0
G_NOISE,1OUP_A,0.0
G_NOISE,1OWF_A,0.0
G_NOISE,1OWF_B,0.0
G_NOISE,1OWG_B,0.0
G_NOISE,1OWR_M,0.0
G_NOISE,1OX3_A,0.0
G034,1P0W_B,1.0
G_NOISE,1P1L_A,0.0
G003,1P47_A,1.0
G_NOISE,1P4E_B,0.0
G_NOISE,1P59_A,0.0
G_NOISE,1P5W_A,0.0
G_NOISE,1P71_A,0.0
G_NOISE,1P7H_L,0.0
G_NOISE,1PAH_A,0.0
G_NOISE,1PAV_A,0.0
G_NOISE,1PC5_A,0.0
G_NOISE,1PDN_C,0.0
G_NOISE,1PER_L,0.0
G_NOISE,1PF3_A,0.0
G_NOISE,1PF5_A,0.0
G_NOISE,1PFI_A,0.0
G041,1PGT_A,0.9466357110271764
G_NOISE,1PGZ_A,0.0
G_NOISE,1PH1_A,0.0
G_NOISE,1PH3_A,0.0
G_NOISE,1PH3_B,0.0
G_NOISE,1PH5_A,0.0
G_NOISE,1PH6_B,0.0
G_NOISE,1PIX_A,0.0
G035,1PJJ_A,1.0
G_NOISE,1PO6_A,0.0
G_NOISE,1PPF_I,0.0
G_NOISE,1PRC_C,0.0
G_NOISE,1PRN_A,0.0
G_NOISE,1PT3_A,0.0
G_NOISE,1PUE_F,0.0
G_NOISE,1PUF_A,0.0
G_NOISE,1PUF_B,0.0
G021,1PVP_A,1.0
G021,1PVR_A,1.0
G_NOISE,1PYI_A,0.0
G_NOISE,1Q0R_A,0.0
G_NOISE,1Q0T_A,0.0
G037,1Q19_A,1.0
G_NOISE,1Q23_B,0.0
G_NOISE,1Q27_A,0.0
G021,1Q3U_A,1.0
G_NOISE,1Q4T_A,0.0
G_NOISE,1Q5E_A,0.0
G042,1Q9Y_A,0.8526743158447686
G050,1QAI_A,0.48460557944891697
G050,1QAJ_A,0.48460557944891697
G_NOISE,1QEX_A,0.0
G_NOISE,1QHX_A,0.0
G003,1QP9_A,0.8924893339519817
G_NOISE,1QPI_A,0.0
G041,1QPS_A,1.0
G_NOISE,1QPZ_A,0.0
G041,1QRH_A,1.0
G041,1QRI_A,1.0
G_NOISE,1QRV_A,0.0
G_NOISE,1QSS_A,0.0
G_NOISE,1QTM_A,0.0
G038,1QUM_A,0.10058031767918621
G_NOISE,1QZG_A,0.0
G025,1R0A_A,0.9284552510372543
G_NOISE,1R0A_B,0.0
G005,1R0N_A,1.0
G035,1R2Z_A,1.0
G_NOISE,1R49_A,0.0
G_NOISE,1R8D_A,0.0
G012,1R8E_A,1.0
G_NOISE,1RCS_A,0.0
G_NOISE,1RFX_A,0.0
G017,1RNB_A,0.8031991311058484
G_NOISE,1RQW_A,0.0
G025,1RTD_A,1.0
G_NOISE,1RTD_B,0.0
G_NOISE,1RUO_B,0.0
G_NOISE,1RWI_A,0.0
G034,1RXW_A,0.9835486566335491
G_NOISE,1RYL_A,0.0
G_NOISE,1RZM_A,0.0
G050,1RZT_A,1.0
G_NOISE,1S40_A,0.0
G_NOISE,1S9K_C,0.0
G001,1S9K_D,1.0
G001,1S9K_E,1.0
G038,1S9R_A,0.10058031767918621
G_NOISE,1SA3_A,0.0
G_NOISE,1SAX_A,0.0
G005,1SFU_A,0.9086313727883616
G_NOISE,1SK7_A,0.0
G_NOISE,1SQU_B,0.0
G_NOISE,1SR8_A,0.0
G_NOISE,1SUM_B,0.0
G_NOISE,1SUW_A,0.0
G_NOISE,1SUZ_A,0.0
G_NOISE,1SX5_A,0.0
G_NOISE,1T03_B,0.0
G_NOISE,1T05_B,0.0
G_NOISE,1T2K_A,0.0
G001,1T2K_C,1.0
G001,1T2K_D,1.0
G_NOISE,1T2S_A,0.0
G_NOISE,1T3N_A,0.0
G_NOISE,1T6K_A,0.0
G018,1T71_A,1.0
G_NOISE,1T8E_B,0.0
G039,1T9I_B,1.0
G039,1T9J_A,1.0
G_NOISE,1TAU_A,0.0
G_NOISE,1TC3_C,0.0
G_NOISE,1TDP_A,0.0
G035,1TDZ_A,1.0
G_NOISE,1TEJ_B,0.0
G041,1TEZ_A,1.0
G003,1TF3_A,1.0
G_NOISE,1TF6_D,0.0
G_NOISE,1TGH_A,0.0
G_NOISE,1TKD_A,0.0
G_NOISE,1TM9_A,0.0
G011,1TQE_P,0.3617032121060678
G_NOISE,1TRO_A,0.0
G_NOISE,1TRR_A,0.0
G049,1TV9_A,1.0
G_NOISE,1TWU_A,0.0
G039,1U0C_A,1.0
G039,1U0D_A,0.8772102831708208
G_NOISE,1U1Q_A,0.0
G_NOISE,1U3E_M,0.0
G038,1U4B_A,0.9749297347342479
G_NOISE,1U8R_H,0.0
G045,1UAA_A,0.26887453669208455
G003,1UBD_C,0.9312962259135829
G_NOISE,1ULI_C,0.0
G_NOISE,1UMD_A,0.0
G_NOISE,1USY_A,0.0
G_NOISE,1UUT_A,0.0
G_NOISE,1V15_B,0.0
G_NOISE,1V1A_A,0.0
G037,1V3I_A,1.0
G_NOISE,1VAS_A,0.0
G_NOISE,1VC1_A,0.0
G_NOISE,1VDW_A,0.0
G_NOISE,1VFC_A,0.0
G015,1VKX_A,1.0
G_NOISE,1VLC_A,0.0
G_NOISE,1VOL_A,0.0
G_NOISE,1VOL_B,0.0
G_NOISE,1VPW_A,0.0
G_NOISE,1VRL_A,0.0
G_NOISE,1VTL_E,0.0
G_NOISE,1VTN_C,0.0
G_NOISE,1VTO_B,0.0
G007,1W0T_A,0.9763666084114955
G_NOISE,1W0U_A,0.0
G_NOISE,1W36_B,0.0
G_NOISE,1W36_C,0.0
G026,1W7A_A,0.802538327255504
G026,1WB9_A,0.802538327255504
G014,1WBA_A,1.0
G026,1WBB_A,0.802538327255504
G026,1WBD_A,0.802538327255504
G_NOISE,1WC2_A,0.0
G_NOISE,1WM4_A,0.0
G_NOISE,1WPI_A,0.0
G_NOISE,1WSR_A,0.0
G_NOISE,1WTB_A,0.0
G_NOISE,1WTE_A,0.0
G006,1WTO_A,1.0
G006,1WTQ_A,1.0
G006,1WTR_A,1.0
G006,1WTW_A,1.0
G_NOISE,1WVL_A,0.0
G_NOISE,1X9E_A,0.0
G_NOISE,1X9J_A,0.0
G039,1XBR_A,0.6395262915254366
G037,1XFI_A,1.0
G_NOISE,1XJV_A,0.0
G_NOISE,1XN8_A,0.0
G021,1XNS_A,1.0
G021,1XO0_A,1.0
G_NOISE,1XS9_A,0.0
G_NOISE,1XSD_A,0.0
G050,1XSL_A,1.0
G_NOISE,1XXU_A,0.0
G006,1XYI_A,1.0
G_NOISE,1Y1P_A,0.0
G_NOISE,1Y23_B,0.0
G046,1Y6F_A,0.26754012984419806
G031,1YCL_A,1.0
G_NOISE,1YF3_A,0.0
G_NOISE,1YFH_A,0.0
G_NOISE,1YFJ_A,0.0
G_NOISE,1YNV_X,0.0
G_NOISE,1YO5_C,0.0
G_NOISE,1YPQ_B,0.0
G046,1YQK_A,1.0
G046,1YQR_A,1.0
G_NOISE,1YS6_B,0.0
G001,1YSA_C,1.0
G034,1YT5_A,0.9835486566335491
G_NOISE,1YTB_A,0.0
G_NOISE,1YTN_A,0.0
G_NOISE,1YU0_A,0.0
G_NOISE,1YUI_A,0.0
G_NOISE,1YUK_A,0.0
G_NOISE,1YX7_A,0.0
G_NOISE,1Z9C_C,0.0
G003,1ZAA_C,1.0
G019,1ZBI_B,1.0
G019,1ZBL_A,1.0
G_NOISE,1ZCJ_A,0.0
G_NOISE,1ZDS_B,0.0
G_NOISE,1ZGS_A,0.0
G_NOISE,1ZHV_A,0.0
G_NOISE,1ZME_C,0.0
G_NOISE,1ZQ3_P,0.0
G_NOISE,1ZR4_A,0.0
G_NOISE,1ZRF_A,0.0
G_NOISE,1ZS4_A,0.0
G_NOISE,1ZTG_B,0.0
G050,1ZTW_A,0.48460557944891697
G_NOISE,1ZVO_C,0.0
G_NOISE,1ZVV_A,0.0
G_NOISE,1ZYQ_A,0.0
G_NOISE,1ZZI_A,0.0
G_NOISE,21NP_A,0.0
G_NOISE,21VV_K,0.0
G051,22EU_A,0.6531973103239633
G_NOISE,22EU_B,0.0
G_NOISE,23NX_A,0.0
G_NOISE,24BP_A,0.0
G_NOISE,24BQ_A,0.0
G_NOISE,24QP_Q,0.0
G_NOISE,25EC_B,0.0
G_NOISE,25HS_D,0.0
G034,25QC_A,0.9835486566335491
G041,28KE_B,0.9600876817560661
G_NOISE,28OP_N,0.0
G_NOISE,2A3V_B,0.0
G_NOISE,2A6O_A,0.0
G_NOISE,2A6Z_A,0.0
G041,2A8D_A,1.0
G_NOISE,2ACJ_C,0.0
G_NOISE,2AD6_A,0.0
G_NOISE,2AD6_B,0.0
G_NOISE,2AHV_A,0.0
G_NOISE,2AJQ_A,0.0
G037,2AN3_B,1.0
G_NOISE,2AOR_B,0.0
G_NOISE,2AS5_M,0.0
G020,2ASD_A,1.0
G_NOISE,2AYG_A,0.0
G_NOISE,2B5X_A,0.0
G046,2B7U_A,0.38788558976287857
G_NOISE,2B99_C,0.0
G_NOISE,2B9S_A,0.0
G034,2BAM_B,0.9543257411608346
G038,2BDP_A,1.0
G037,2BGH_A,0.9703817474785196
G_NOISE,2BGW_A,0.0
G_NOISE,2BJC_A,0.0
G_NOISE,2BNW_B,0.0
G_NOISE,2BOL_A,0.0
G_NOISE,2BOP_A,0.0
G033,2BPA_1,1.0
G_NOISE,2BPA_3,0.0
G_NOISE,2BSQ_A,0.0
G_NOISE,2BT1_A,0.0
G_NOISE,2BVW_A,0.0
G_NOISE,2BZF_A,0.0
G_NOISE,2C12_A,0.0
G_NOISE,2C5R_B,0.0
G_NOISE,2C62_A,0.0
G005,2C7A_A,1.0
G046,2C7P_A,0.2748945294827415
G046,2C7R_A,0.2748945294827415
G_NOISE,2C9L_Y,0.0
G_NOISE,2C9N_Y,0.0
G_NOISE,2CCZ_A,0.0
G_NOISE,2CLI_B,0.0
G_NOISE,2CN3_A,0.0
G_NOISE,2CWL_A,0.0
G_NOISE,2CY3_A,0.0
G_NOISE,2D1C_A,0.0
G_NOISE,2D7D_A,0.0
G_NOISE,2D8M_A,0.0
G_NOISE,2DE6_B,0.0
G_NOISE,2DNJ_A,0.0
G_NOISE,2DP6_A,0.0
G_NOISE,2DPD_B,0.0
G_NOISE,2DRP_D,0.0
G042,2DTU_A,0.23597739390351102
G_NOISE,2DWM_A,0.0
G_NOISE,2E52_A,0.0
G_NOISE,2E5V_A,0.0
G_NOISE,2EA0_A,0.0
G038,2EB6_A,0.11100037199679551
G_NOISE,2EGJ_A,0.0
G_NOISE,2EIU_E,0.0
G_NOISE,2EJA_A,0.0
G003,2ER8_A,0.8924893339519817
G003,2ERG_A,0.8924893339519817
G_NOISE,2ES2_A,0.0
G039,2EX5_A,0.6395262915254366
G_NOISE,2EXF_A,0.0
G034,2EZV_B,1.0
G_NOISE,2F2C_A,0.0
G_NOISE,2F55_A,0.0
G035,2F5P_A,1.0
G035,2F5Q_A,1.0
G008,2F8N_G,0.46848987482542465
G_NOISE,2F8X_C,0.0
G_NOISE,2F9Z_A,0.0
G_NOISE,2FCC_A,0.0
G_NOISE,2FCR_A,0.0
G005,2FF0_A,0.9501925026180874
G_NOISE,2FHL_A,0.0
G_NOISE,2FIO_A,0.0
G_NOISE,2FKC_A,0.0
G039,2FLD_B,0.6395262915254366
G_NOISE,2FO1_A,0.0
G004,2FR4_A,1.0
G004,2FR4_B,1.0
G_NOISE,2G5H_C,0.0
G_NOISE,2G5X_A,0.0
G019,2G8K_A,1.0
G_NOISE,2GAI_A,0.0
G_NOISE,2GAK_A,0.0
G_NOISE,2GAT_A,0.0
G_NOISE,2GB7_B,0.0
G_NOISE,2GCA_A,0.0
G_NOISE,2GE5_A,0.0
G014,2GEQ_B,1.0
G_NOISE,2GIE_A,0.0
G_NOISE,2GIH_A,0.0
G_NOISE,2GJP_A,0.0
G_NOISE,2GKD_A,0.0
G_NOISE,2GLI_A,0.0
G005,2GLO_A,0.9501925026180874
G_NOISE,2GM4_A,0.0
G039,2GRR_A,0.6093978614028488
G_NOISE,2GXA_E,0.0
G_NOISE,2GZK_A,0.0
G_NOISE,2H1K_B,0.0
G_NOISE,2H1O_A,0.0
G_NOISE,2H1O_E,0.0
G_NOISE,2H27_A,0.0
G_NOISE,2H3A_A,0.0
G_NOISE,2H47_F,0.0
G001,2H7H_A,1.0
G028,2H8C_B,0.9322811345356058
G_NOISE,2H9Z_A,0.0
G003,2HAP_C,0.8924893339519817
G_NOISE,2HAX_A,0.0
G_NOISE,2HDC_A,0.0
G007,2HDD_B,1.0
G038,2HHV_A,0.9318432458412699
G025,2HMI_A,0.9664224082637501
G_NOISE,2HMI_B,0.0
G021,2HOI_A,1.0
G007,2HOS_B,1.0
G_NOISE,2HVR_A,0.0
G_NOISE,2HY5_B,0.0
G021,2I06_A,1.0
G_NOISE,2I0F_A,0.0
G_NOISE,2I0M_A,0.0
G_NOISE,2I0Q_A,0.0
G039,2I3P_A,1.0
G039,2I3Q_A,0.918888837123731
G046,2I5W_A,1.0
G046,2I9K_A,0.2748945294827415
G015,2I9T_A,1.0
G_NOISE,2IAP_A,0.0
G_NOISE,2IC8_A,0.0
G_NOISE,2IEF_A,0.0
G_NOISE,2IFC_C,0.0
G046,2IHM_B,0.2907999796755634
G_NOISE,2IHN_A,0.0
G_NOISE,2IHV_A,0.0
G_NOISE,2IIE_A,0.0
G_NOISE,2IIF_A,0.0
G020,2IMW_P,1.0
G_NOISE,2IN0_A,0.0
G_NOISE,2IRF_G,0.0
G045,2IS6_A,0.26887453669208455
G_NOISE,2IT0_A,0.0
G_NOISE,2ITL_A,0.0
G_NOISE,2IVH_A,0.0
G018,2IX5_A,1.0
G020,2J6U_A,1.0
G046,2J9F_A,0.26754012984419806
G_NOISE,2JHP_A,0.0
G_NOISE,2JIN_A,0.0
G_NOISE,2JLG_A,0.0
G_NOISE,2JP9_A,0.0
G_NOISE,2JSO_A,0.0
G_NOISE,2JTO_A,0.0
G_NOISE,2JX1_A,0.0
G_NOISE,2JXI_A,0.0
G_NOISE,2K0Q_A,0.0
G_NOISE,2K1N_A,0.0
G_NOISE,2K2Q_B,0.0
G013,2K7F_A,1.0
G_NOISE,2KB4_A,0.0
G_NOISE,2KCW_A,0.0
G_NOISE,2KDZ_A,0.0
G038,2KFN_A,0.1287505246031814
G_NOISE,2KKF_A,0.0
G_NOISE,2KMK_A,0.0
G_NOISE,2KMT_A,0.0
G_NOISE,2KN7_A,0.0
G_NOISE,2KO0_A,0.0
G_NOISE,2KTQ_A,0.0
G_NOISE,2KWB_A,0.0
G_NOISE,2KY8_A,0.0
G_NOISE,2L4L_A,0.0
G_NOISE,2L4Q_A,0.0
G_NOISE,2L8B_A,0.0
G_NOISE,2L97_A,0.0
G_NOISE,2LBT_A,0.0
G_NOISE,2LD5_A,0.0
G_NOISE,2LEF_A,0.0
G_NOISE,2LEN_A,0.0
G_NOISE,2LEV_A,0.0
G_NOISE,2LGD_A,0.0
G_NOISE,2LHR_A,0.0
G_NOISE,2LJP_A,0.0
G_NOISE,2LKX_A,0.0
G_NOISE,2LLF_A,0.0
G_NOISE,2LLI_A,0.0
G_NOISE,2LNA_A,0.0
G_NOISE,2LOE_A,0.0
G_NOISE,2LON_A,0.0
G_NOISE,2LOR_A,0.0
G_NOISE,2LQO_A,0.0
G_NOISE,2LRJ_A,0.0
G_NOISE,2LRK_A,0.0
G_NOISE,2LS8_A,0.0
G_NOISE,2LT5_A,0.0
G_NOISE,2LT7_A,0.0
G_NOISE,2LTT_A,0.0
G_NOISE,2M2W_A,0.0
G_NOISE,2MAP_A,0.0
G_NOISE,2MCQ_A,0.0
G_NOISE,2ME6_A,0.0
G_NOISE,2MNA_A,0.0
G_NOISE,2MOE_A,0.0
G_NOISE,2MT9_A,0.0
G_NOISE,2MTZ_A,0.0
G_NOISE,2N8A_A,0.0
G_NOISE,2N9W_A,0.0
G_NOISE,2NBJ_A,0.0
G005,2NLL_A,0.9501925026180874
G003,2NLL_B,0.9477941335083073
G019,2NNR_A,0.7463864449123339
G046,2NOB_A,1.0
G046,2NOE_A,1.0
G046,2NOF_A,1.0
G046,2NOH_A,1.0
G046,2NOI_A,1.0
G046,2NOL_A,1.0
G046,2NOZ_A,1.0
G_NOISE,2NP2_A,0.0
G_NOISE,2NP6_A,0.0
G038,2NQ9_A,0.10058031767918621
G038,2NQJ_A,0.10058031767918621
G028,2NRA_C,1.0
G_NOISE,2NRG_A,0.0
G_NOISE,2NSW_A,0.0
G_NOISE,2NT3_A,0.0
G_NOISE,2NTC_A,0.0
G_NOISE,2NXV_A,0.0
G013,2O4A_A,1.0
G_NOISE,2O5C_A,0.0
G_NOISE,2O5I_C,0.0
G_NOISE,2O61_A,0.0
G015,2O61_B,1.0
G_NOISE,2O6M_A,0.0
G_NOISE,2O7I_A,0.0
G_NOISE,2O8E_B,0.0
G_NOISE,2O8K_A,0.0
G_NOISE,2O93_L,0.0
G_NOISE,2OAA_B,0.0
G_NOISE,2OEH_A,0.0
G_NOISE,2OFX_A,0.0
G_NOISE,2OG0_B,0.0
G004,2OK0_H,0.9231565175174393
G004,2OK0_L,1.0
G_NOISE,2OPF_A,0.0
G_NOISE,2OQA_A,0.0
G_NOISE,2OST_A,0.0
G_NOISE,2OX1_A,0.0
G050,2OXV_A,0.48460557944891697
G_NOISE,2P0J_A,0.0
G_NOISE,2P3N_A,0.0
G_NOISE,2P5L_D,0.0
G_NOISE,2P6R_A,0.0
G013,2P7C_B,1.0
G_NOISE,2PA8_L,0.0
G_NOISE,2PE5_B,0.0
G_NOISE,2PGN_A,0.0
G_NOISE,2PI0_B,0.0
G_NOISE,2PI4_A,0.0
G_NOISE,2PJR_B,0.0
G041,2PJR_F,1.0
G_NOISE,2POR_A,0.0
G_NOISE,2PP0_A,0.0
G_NOISE,2PUA_A,0.0
G_NOISE,2PUE_A,0.0
G_NOISE,2PVI_A,0.0
G032,2PYJ_B,1.0
G008,2PYO_G,0.46848987482542465
G050,2Q10_A,0.49401457246935887
G040,2Q2T_A,0.7289889204531157
G_NOISE,2Q5X_A,0.0
G_NOISE,2Q66_A,0.0
G027,2QBY_A,1.0
G_NOISE,2QBY_B,0.0
G_NOISE,2QHB_A,0.0
G_NOISE,2QIQ_A,0.0
G_NOISE,2QJG_A,0.0
G_NOISE,2QKK_A,0.0
G_NOISE,2QL2_B,0.0
G_NOISE,2QL2_C,0.0
G020,2QMC_C,0.24268099626117073
G_NOISE,2QNC_A,0.0
G_NOISE,2QNF_A,0.0
G035,2QRL_A,0.7636118688499504
G_NOISE,2QSG_A,0.0
G_NOISE,2QSH_A,0.0
G_NOISE,2QSK_A,0.0
G_NOISE,2QV6_A,0.0
G_NOISE,2R0Q_C,0.0
G050,2R1B_A,0.48460557944891697
G_NOISE,2R1J_L,0.0
G_NOISE,2R8K_A,0.0
G015,2RAM_A,1.0
G_NOISE,2RGR_A,0.0
G_NOISE,2SAS_A,0.0
G029,2SSP_E,1.0
G_NOISE,2STT_A,0.0
G020,2UVU_A,1.0
G020,2UVV_A,1.0
G_NOISE,2UWJ_G,0.0
G046,2UYC_A,0.2748945294827415
G046,2UYH_A,0.2748945294827415
G046,2UZ4_A,0.2748945294827415
G_NOISE,2UZK_A,0.0
G_NOISE,2V1U_A,0.0
G015,2V2T_A,1.0
G015,2V2T_B,1.0
G_NOISE,2V4C_A,0.0
G_NOISE,2V4J_C,0.0
G_NOISE,2V6E_A,0.0
G039,2VBJ_A,1.0
G039,2VBJ_B,1.0
G039,2VBL_A,1.0
G039,2VBL_B,1.0
G039,2VBO_A,1.0
G039,2VBO_B,1.0
G_NOISE,2VIC_A,0.0
G_NOISE,2VLA_A,0.0
G_NOISE,2VLB_C,0.0
G_NOISE,2VLP_B,0.0
G_NOISE,2VOR_A,0.0
G_NOISE,2VQE_Q,0.0
G_NOISE,2VS8_F,0.0
G_NOISE,2VTB_A,0.0
G_NOISE,2VTB_B,0.0
G_NOISE,2VVF_A,0.0
G016,2VWJ_A,0.8888178664437403
G_NOISE,2VYE_A,0.0
G_NOISE,2VZ4_A,0.0
G_NOISE,2W0C_T,0.0
G_NOISE,2W1V_A,0.0
G_NOISE,2W36_A,0.0
G_NOISE,2W7N_B,0.0
G_NOISE,2W87_A,0.0
G038,2W8T_A,0.09107825373117893
G020,2W9B_A,1.0
G003,2WBS_A,1.0
G003,2WBU_A,1.0
G_NOISE,2WCC_3,0.0
G046,2WGV_B,0.2639477652951463
G_NOISE,2WIW_B,0.0
G_NOISE,2WL5_C,0.0
G_NOISE,2WPV_C,0.0
G001,2WT7_A,1.0
G_NOISE,2WT7_B,0.0
G_NOISE,2WTY_B,0.0
G_NOISE,2X0J_A,0.0
G_NOISE,2X2S_B,0.0
G_NOISE,2X48_A,0.0
G_NOISE,2X4I_A,0.0
G026,2XCR_D,1.0
G_NOISE,2XE0_A,0.0
G_NOISE,2XE0_B,0.0
G_NOISE,2XGP_B,0.0
G016,2XHB_A,0.7173491373800844
G_NOISE,2XHY_A,0.0
G_NOISE,2XMA_E,0.0
G_NOISE,2XMX_A,0.0
G_NOISE,2XO6_A,0.0
G038,2XO7_A,1.0
G_NOISE,2XOL_B,0.0
G_NOISE,2XQC_D,0.0
G_NOISE,2XRO_B,0.0
G038,2XY5_A,1.0
G038,2XY6_A,1.0
G038,2XY7_A,0.9272980086034031
G_NOISE,2Y1E_B,0.0
G038,2Y1J_A,0.42268419049349937
G042,2Y35_A,0.09266338182223792
G_NOISE,2Y7H_A,0.0
G_NOISE,2Y7H_B,0.0
G_NOISE,2Y88_A,0.0
G_NOISE,2Y8L_E,0.0
G_NOISE,2Y9Z_B,0.0
G_NOISE,2YAJ_B,0.0
G_NOISE,2YDS_A,0.0
G_NOISE,2YEV_B,0.0
G_NOISE,2YFK_A,0.0
G_NOISE,2YJG_A,0.0
G_NOISE,2YOJ_A,0.0
G_NOISE,2YPB_B,0.0
G_NOISE,2YSW_A,0.0
G033,2YZC_A,0.929676476153809
G019,2Z33_A,0.7386389516771735
G_NOISE,2Z58_B,0.0
G046,2Z6A_A,0.2748945294827415
G046,2Z6Q_A,0.2748945294827415
G046,2Z6U_A,0.2748945294827415
G029,2Z70_A,1.0
G046,2ZCJ_A,0.2748945294827415
G_NOISE,2ZKD_A,0.0
G_NOISE,2ZZD_H,0.0
G_NOISE,30FH_6,0.0
G_NOISE,30GB_I,0.0
G_NOISE,30GB_K,0.0
G_NOISE,31OX_2,0.0
G_NOISE,36AX_R,0.0
G_NOISE,36HT_A,0.0
G_NOISE,36HT_I,0.0
G_NOISE,36HT_L,0.0
G007,36NB_A,1.0
G051,36OF_A,1.0
G_NOISE,36PP_D,0.0
G_NOISE,36XS_A,0.0
G007,3A01_F,0.9751860931038269
G_NOISE,3A06_B,0.0
G_NOISE,3A1K_A,0.0
G_NOISE,3A46_A,0.0
G_NOISE,3A4K_D,0.0
G_NOISE,3A5U_A,0.0
G_NOISE,3A8U_X,0.0
G_NOISE,3ACP_A,0.0
G_NOISE,3AFE_A,0.0
G_NOISE,3AHY_B,0.0
G_NOISE,3AJ4_A,0.0
G_NOISE,3APA_A,0.0
G037,3AUK_A,0.983350592384147
G_NOISE,3AUO_A,0.0
G_NOISE,3AXD_A,0.0
G_NOISE,3AYQ_A,0.0
G_NOISE,3B18_A,0.0
G041,3B39_A,0.9491482733169372
G001,3B5N_C,0.9420798859905373
G019,3B7A_A,0.7317511905996472
G028,3BBB_B,0.9744244619336828
G_NOISE,3BDN_A,0.0
G038,3BDZ_A,0.09491383842418018
G_NOISE,3BEP_A,0.0
G030,3BI3_A,0.4626329686226156
G030,3BIE_A,0.4626329686226156
G030,3BKZ_A,0.4626329686226156
G_NOISE,3BMB_A,0.0
G_NOISE,3BMX_A,0.0
G020,3BQ1_A,0.363639629045967
G_NOISE,3BRG_C,0.0
G017,3BS1_A,0.8031991311058484
G_NOISE,3BSU_G,0.0
G028,3BTX_A,0.9871150362108244
G028,3BTY_A,0.9871150362108244
G028,3BTZ_A,0.9871150362108244
G028,3BU0_A,0.9871150362108244
G_NOISE,3BWU_D,0.0
G_NOISE,3C1M_C,0.0
G_NOISE,3C25_A,0.0
G021,3C29_A,1.0
G050,3C5F_A,1.0
G050,3C5G_B,1.0
G_NOISE,3CAW_A,0.0
G005,3CBB_B,0.9501925026180874
G042,3CFR_A,0.3338358292074135
G041,3CHL_A,1.0
G_NOISE,3CKY_A,0.0
G_NOISE,3CLZ_B,0.0
G_NOISE,3CMU_A,0.0
G_NOISE,3CMW_A,0.0
G_NOISE,3CMY_A,0.0
G_NOISE,3CO6_C,0.0
G_NOISE,3COQ_A,0.0
G042,3CQ8_A,0.5607538900594796
G_NOISE,3CRO_L,0.0
G021,3CRX_A,1.0
G_NOISE,3CVV_A,0.0
G_NOISE,3CVW_A,0.0
G_NOISE,3CVX_A,0.0
G_NOISE,3CW7_A,0.0
G_NOISE,3CX5_C,0.0
G_NOISE,3D0N_A,0.0
G_NOISE,3D1R_A,0.0
G_NOISE,3D54_B,0.0
G_NOISE,3D6N_B,0.0
G012,3D6Z_A,1.0
G012,3D70_A,1.0
G012,3D71_A,1.0
G_NOISE,3DFX_A,0.0
G_NOISE,3DHI_E,0.0
G015,3DO7_A,1.0
G_NOISE,3DO7_B,0.0
G041,3DPG_A,1.0
G_NOISE,3DR3_A,0.0
G_NOISE,3DSC_A,0.0
G_NOISE,3DSD_A,0.0
G_NOISE,3E0D_A,0.0
G_NOISE,3E3J_B,0.0
G_NOISE,3E3K_B,0.0
G_NOISE,3E3U_A,0.0
G_NOISE,3E54_A,0.0
G_NOISE,3E6C_C,0.0
G_NOISE,3E8M_A,0.0
G_NOISE,3EA6_A,0.0
G020,3ECP_A,0.24268099626117073
G_NOISE,3EH8_A,0.0
G_NOISE,3EI2_B,0.0
G_NOISE,3EMH_A,0.0
G037,3ES7_A,1.0
G038,3EWD_A,0.09491383842418018
G014,3EXJ_A,1.0
G019,3EY1_A,1.0
G_NOISE,3EYI_B,0.0
G038,3EYZ_A,1.0
G038,3EZ5_A,0.8857212880284195
G_NOISE,3EZM_A,0.0
G_NOISE,3F1L_A,0.0
G022,3F2B_A,0.6337858533057182
G_NOISE,3F8J_B,0.0
G_NOISE,3FBD_A,0.0
G_NOISE,3FD2_A,0.0
G_NOISE,3FDE_A,0.0
G_NOISE,3FHZ_D,0.0
G_NOISE,3FIR_A,0.0
G_NOISE,3FMT_A,0.0
G_NOISE,3FZ7_F,0.0
G_NOISE,3G00_A,0.0
G_NOISE,3G0Q_A,0.0
G_NOISE,3G2C_A,0.0
G_NOISE,3G7G_H,0.0
G005,3G9I_B,1.0
G_NOISE,3GFI_A,0.0
G_NOISE,3GLF_G,0.0
G_NOISE,3GLG_G,0.0
G035,3GO8_A,1.0
G_NOISE,3GOX_A,0.0
G035,3GP1_A,1.0
G_NOISE,3GP8_A,0.0
G035,3GPU_A,1.0
G035,3GPX_A,1.0
G035,3GQ4_A,1.0
G035,3GQ5_A,1.0
G019,3GX4_X,0.7552211422604338
G_NOISE,3GXB_A,0.0
G_NOISE,3GXQ_B,0.0
G037,3GY1_B,1.0
G041,3GZ6_A,0.9958501758003471
G018,3H1K_B,1.0
G038,3H3J_B,0.09245284817110556
G_NOISE,3H40_A,0.0
G_NOISE,3H4D_A,0.0
G_NOISE,3H6Q_A,0.0
G028,3H8O_A,0.9871150362108244
G_NOISE,3H9C_A,0.0
G_NOISE,3HC7_A,0.0
G007,3HDD_B,1.0
G_NOISE,3HJF_A,0.0
G_NOISE,3HK2_B,0.0
G_NOISE,3HOT_A,0.0
G_NOISE,3HQ2_B,0.0
G_NOISE,3HQF_A,0.0
G_NOISE,3HQG_A,0.0
G038,3HT3_A,0.9318432458412699
G_NOISE,3HW2_A,0.0
G050,3HW8_A,1.0
G050,3HX0_A,0.8811216456871354
G_NOISE,3HXQ_A,0.0
G_NOISE,3I0W_A,0.0
G_NOISE,3I0X_A,0.0
G030,3I3M_A,0.4626329686226156
G019,3I8D_A,1.0
G_NOISE,3IAG_C,0.0
G_NOISE,3IAY_A,0.0
G_NOISE,3IGC_A,0.0
G014,3IGK_A,1.0
G046,3IH7_A,1.0
G_NOISE,3IKT_B,0.0
G_NOISE,3IQE_A,0.0
G_NOISE,3ISL_A,0.0
G_NOISE,3IYD_A,0.0
G_NOISE,3IYD_D,0.0
G_NOISE,3J3I_A,0.0
G_NOISE,3J9X_1,0.0
G_NOISE,3JAY_C,0.0
G_NOISE,3JCA_A,0.0
G_NOISE,3JCA_C,0.0
G035,3JR5_A,1.0
G025,3JSM_A,1.0
G_NOISE,3JSP_A,0.0
G_NOISE,3JTG_A,0.0
G_NOISE,3JX7_A,0.0
G_NOISE,3JXB_C,0.0
G_NOISE,3JXZ_A,0.0
G_NOISE,3JY1_A,0.0
G026,3K0S_A,0.802538327255504
G_NOISE,3K4X_A,0.0
G_NOISE,3K57_A,0.0
G_NOISE,3K7T_A,0.0
G044,3K8G_A,1.0
G042,3KD1_E,0.45812561808546
G_NOISE,3KDE_C,0.0
G_NOISE,3KET_A,0.0
G_NOISE,3KFF_A,0.0
G030,3KHC_B,0.4626329686226156
G_NOISE,3KJP_A,0.0
G_NOISE,3KK2_B,0.0
G025,3KLE_A,1.0
G_NOISE,3KLE_B,0.0
G025,3KLF_A,1.0
G025,3KLH_A,1.0
G013,3KMP_A,1.0
G028,3KNT_A,0.9744244619336828
G039,3KO2_A,0.6395262915254366
G_NOISE,3KQH_A,0.0
G_NOISE,3KQN_A,0.0
G046,3KTU_A,1.0
G009,3KWQ_A,0.8202508618685416
G006,3KXT_A,1.0
G_NOISE,3L1P_A,0.0
G046,3L2P_A,0.26438796421741234
G042,3LDS_A,0.9305266842198905
G_NOISE,3LFZ_A,0.0
G_NOISE,3LGS_C,0.0
G_NOISE,3LJ5_A,0.0
G_NOISE,3LNQ_A,0.0
G006,3LWH_A,1.0
G_NOISE,3M12_B,0.0
G_NOISE,3M7K_A,0.0
G003,3M9E_E,0.9477941335083073
G050,3MDA_A,1.0
G_NOISE,3ME7_A,0.0
G039,3MIP_A,0.6395262915254366
G039,3MIS_A,0.6395262915254366
G_NOISE,3MKZ_A,0.0
G_NOISE,3MLN_B,0.0
G_NOISE,3MR1_A,0.0
G041,3MSU_B,1.0
G_NOISE,3MU6_A,0.0
G044,3MVA_O,1.0
G044,3MVB_O,1.0
G_NOISE,3MVD_L,0.0
G_NOISE,3MX4_A,0.0
G_NOISE,3MXI_A,0.0
G_NOISE,3MXM_A,0.0
G_NOISE,3MZH_A,0.0
G039,3N1I_A,0.6395262915254366
G_NOISE,3N20_A,0.0
G_NOISE,3N2B_A,0.0
G_NOISE,3N6S_A,0.0
G044,3N7Q_A,1.0
G_NOISE,3NBN_A,0.0
G042,3NCI_A,1.0
G_NOISE,3NDH_A,0.0
G_NOISE,3NE2_C,0.0
G042,3NE6_A,1.0
G042,3NGI_A,1.0
G_NOISE,3NK7_B,0.0
G_NOISE,3NM9_A,0.0
G_NOISE,3NYT_A,0.0
G019,3NZN_A,1.0
G030,3O1T_A,0.4626329686226156
G_NOISE,3O3F_A,0.0
G_NOISE,3O3G_A,0.0
G_NOISE,3O4G_A,0.0
G_NOISE,3O9X_A,0.0
G_NOISE,3ODC_B,0.0
G_NOISE,3ODH_A,0.0
G_NOISE,3OGD_A,0.0
G049,3OGU_A,0.6828274650285322
G_NOISE,3OH9_A,0.0
G_NOISE,3OHA_A,0.0
G_NOISE,3ON0_A,0.0
G_NOISE,3OOL_A,0.0
G_NOISE,3OOR_A,0.0
G_NOISE,3OQM_A,0.0
G_NOISE,3OQO_A,0.0
G_NOISE,3ORC_A,0.0
G_NOISE,3OSN_A,0.0
G_NOISE,3OYJ_A,0.0
G_NOISE,3OYM_A,0.0
G_NOISE,3OYY_A,0.0
G_NOISE,3P1G_A,0.0
G011,3P57_A,0.3617032121060678
G023,3PIH_A,0.39382056633847945
G_NOISE,3PKY_A,0.0
G_NOISE,3PL1_A,0.0
G050,3PML_B,1.0
G_NOISE,3POV_A,0.0
G020,3PR5_B,1.0
G_NOISE,3PT6_B,0.0
G_NOISE,3PTA_A,0.0
G_NOISE,3PU7_A,0.0
G_NOISE,3PVI_A,0.0
G_NOISE,3PVV_A,0.0
G020,3PW7_A,1.0
G_NOISE,3PY8_A,0.0
G_NOISE,3Q05_A,0.0
G_NOISE,3Q06_A,0.0
G_NOISE,3Q23_A,0.0
G_NOISE,3Q24_A,0.0
G012,3Q3D_A,1.0
G_NOISE,3Q5F_A,0.0
G012,3Q5P_A,1.0
G_NOISE,3Q8K_A,0.0
G_NOISE,3Q8M_A,0.0
G_NOISE,3QAP_A,0.0
G_NOISE,3QBE_A,0.0
G_NOISE,3QE9_Y,0.0
G_NOISE,3QEB_Z,0.0
G018,3QI5_B,1.0
G_NOISE,3QJJ_A,0.0
G_NOISE,3QLI_A,0.0
G_NOISE,3QMX_A,0.0
G042,3QNO_A,1.0
G051,3QQY_A,1.0
G_NOISE,3QRF_F,0.0
G_NOISE,3QRF_M,0.0
G_NOISE,3QSV_A,0.0
G_NOISE,3QSY_A,0.0
G018,3QTG_A,1.0
G_NOISE,3QVS_A,0.0
G014,3QYM_E,1.0
G_NOISE,3QYX_A,0.0
G020,3QZ7_A,1.0
G_NOISE,3R0N_A,0.0
G_NOISE,3R3J_A,0.0
G_NOISE,3R6W_A,0.0
G_NOISE,3R8F_A,0.0
G039,3RA0_A,0.6395262915254366
G_NOISE,3RA4_A,0.0
G026,3RAE_A,0.9564937505649167
G020,3RAX_A,1.0
G_NOISE,3RFY_A,0.0
G049,3RH6_A,1.0
G037,3RHY_A,1.0
G007,3RKQ_A,1.0
G_NOISE,3RN5_A,0.0
G050,3RNU_B,0.516771843430664
G029,3ROA_A,1.0
G046,3RQP_A,0.26754012984419806
G_NOISE,3RT4_A,0.0
G_NOISE,3RX6_A,0.0
G028,3RZG_A,0.9871150362108244
G028,3RZJ_A,0.9871150362108244
G028,3RZL_D,0.9871150362108244
G028,3RZM_A,0.9871150362108244
G_NOISE,3S3N_A,0.0
G028,3S5A_A,0.9871150362108244
G_NOISE,3S6I_D,0.0
G_NOISE,3S8Q_B,0.0
G042,3S9H_A,1.0
G035,3SAR_A,1.0
G035,3SAS_A,1.0
G042,3SI6_A,1.0
G034,3SLP_A,0.9835486566335491
G034,3SM4_C,0.9835486566335491
G_NOISE,3SO6_A,0.0
G_NOISE,3SPD_A,0.0
G042,3SPY_A,1.0
G042,3SQ1_A,1.0
G042,3SQ2_A,1.0
G_NOISE,3SQR_A,0.0
G018,3STV_B,1.0
G042,3SUN_A,0.8588223030178789
G042,3SUO_A,1.0
G042,3SUQ_A,0.6904149216029847
G_NOISE,3SZQ_A,0.0
G_NOISE,3T5A_A,0.0
G_NOISE,3T5V_A,0.0
G039,3T63_M,0.6093978614028488
G037,3T6B_A,0.9790811570157417
G_NOISE,3T72_4,0.0
G_NOISE,3T79_A,0.0
G042,3TAG_A,0.2330594527407085
G038,3TAN_A,0.47111098775523935
G_NOISE,3TAY_A,0.0
G_NOISE,3TDO_C,0.0
G_NOISE,3TEE_A,0.0
G_NOISE,3TH0_A,0.0
G_NOISE,3TH1_A,0.0
G_NOISE,3TIK_A,0.0
G_NOISE,3TO8_A,0.0
G_NOISE,3TQ6_A,0.0
G_NOISE,3TQT_A,0.0
G019,3TS9_A,0.8261326387928318
G_NOISE,3TT1_A,0.0
G_NOISE,3TU4_K,0.0
G_NOISE,3TUR_B,0.0
G_NOISE,3U2B_C,0.0
G_NOISE,3U3W_A,0.0
G_NOISE,3U43_A,0.0
G_NOISE,3U44_B,0.0
G_NOISE,3U4Q_A,0.0
G_NOISE,3U58_A,0.0
G_NOISE,3U5Z_A,0.0
G_NOISE,3U60_A,0.0
G_NOISE,3U62_A,0.0
G035,3U6P_A,1.0
G_NOISE,3U6W_B,0.0
G013,3U88_C,1.0
G_NOISE,3U9G_A,0.0
G032,3UBT_A,0.9361657866689248
G_NOISE,3UGJ_A,0.0
G_NOISE,3UGT_C,0.0
G_NOISE,3UJ7_A,0.0
G_NOISE,3ULP_C,0.0
G_NOISE,3ULR_B,0.0
G029,3UO7_A,1.0
G029,3UOB_A,1.0
G_NOISE,3UR1_B,0.0
G_NOISE,3UR1_C,0.0
G_NOISE,3UTN_X,0.0
G_NOISE,3UUM_B,0.0
G_NOISE,3UV2_A,0.0
G_NOISE,3UVF_A,0.0
G_NOISE,3UW2_A,0.0
G_NOISE,3UW8_A,0.0
G_NOISE,3UX3_A,0.0
G049,3UXP_A,0.9818926760424808
G050,3V1Z_A,0.516771843430664
G_NOISE,3V53_B,0.0
G020,3V6H_A,1.0
G020,3V6K_A,1.0
G002,3V6T_A,1.0
G049,3V72_A,0.7112351638772937
G049,3V7J_A,0.7841197822802255
G049,3V7K_A,0.6617464370541257
G_NOISE,3V9X_B,0.0
G_NOISE,3VAJ_A,0.0
G_NOISE,3VBA_A,0.0
G034,3VDI_A,1.0
G_NOISE,3VDJ_A,0.0
G038,3VDM_A,0.12348498469517925
G_NOISE,3VEB_B,0.0
G_NOISE,3VF0_B,0.0
G_NOISE,3VH0_A,0.0
G_NOISE,3VK8_A,0.0
G_NOISE,3VKE_A,0.0
G037,3VKF_A,1.0
G_NOISE,3VM6_A,0.0
G_NOISE,3VMF_B,0.0
G034,3VO1_A,1.0
G_NOISE,3VOK_A,0.0
G_NOISE,3VQJ_A,0.0
G_NOISE,3VR8_A,0.0
G_NOISE,3VRC_B,0.0
G004,3VW3_H,1.0
G004,3VW3_L,1.0
G_NOISE,3VW4_A,0.0
G_NOISE,3VXV_A,0.0
G_NOISE,3VYG_A,0.0
G_NOISE,3W42_A,0.0
G_NOISE,3W6X_A,0.0
G_NOISE,3W7V_A,0.0
G_NOISE,3WAZ_B,0.0
G036,3WGI_A,1.0
G_NOISE,3WHQ_B,0.0
G_NOISE,3WI7_A,0.0
G_NOISE,3WPD_A,0.0
G_NOISE,3WPG_A,0.0
G_NOISE,3WU1_A,0.0
G017,3WU1_B,1.0
G_NOISE,3X1L_B,0.0
G_NOISE,3X1L_D,0.0
G_NOISE,3X1L_G,0.0
G_NOISE,3ZDA_A,0.0
G_NOISE,3ZH2_C,0.0
G005,3ZHM_A,0.9115765401602121
G_NOISE,3ZI5_A,0.0
G017,3ZP5_A,1.0
G_NOISE,3ZPL_E,0.0
G_NOISE,3ZQC_J,0.0
G_NOISE,3ZSC_A,0.0
G_NOISE,3ZUI_A,0.0
G_NOISE,3ZVK_F,0.0
G015,3ZVM_A,1.0
G_NOISE,3ZVS_B,0.0
G_NOISE,3ZZR_A,0.0
G_NOISE,4A04_B,0.0
G_NOISE,4A0B_D,0.0
G_NOISE,4A0X_A,0.0
G041,4A15_A,0.9660184821055147
G_NOISE,4A25_B,0.0
G_NOISE,4A2N_B,0.0
G_NOISE,4A53_A,0.0
G_NOISE,4A5V_A,0.0
G_NOISE,4A6D_A,0.0
G_NOISE,4A75_A,0.0
G_NOISE,4A7F_B,0.0
G_NOISE,4A7Z_A,0.0
G_NOISE,4A8M_Q,0.0
G_NOISE,4A8W_A,0.0
G041,4A91_A,1.0
G_NOISE,4A9A_A,0.0
G_NOISE,4A9W_A,0.0
G_NOISE,4AA6_B,0.0
G039,4AAB_A,1.0
G039,4AAE_B,1.0
G_NOISE,4ADF_G,0.0
G_NOISE,4AIE_A,0.0
G_NOISE,4AIK_B,0.0
G016,4AIL_C,1.0
G_NOISE,4ALX_A,0.0
G_NOISE,4AN6_A,0.0
G_NOISE,4AUW_E,0.0
G_NOISE,4AVX_A,0.0
G_NOISE,4AWL_B,0.0
G_NOISE,4B20_A,0.0
G025,4B3O_A,0.4310099230777845
G_NOISE,4B3O_B,0.0
G_NOISE,4B3P_A,0.0
G_NOISE,4B3Q_A,0.0
G_NOISE,4B3Q_B,0.0
G_NOISE,4B5G_A,0.0
G_NOISE,4B5H_A,0.0
G038,4B9N_A,0.25280921392335054
G_NOISE,4BAC_A,0.0
G_NOISE,4BE2_A,0.0
G_NOISE,4BGF_F,0.0
G_NOISE,4BHK_A,0.0
G_NOISE,4BHM_A,0.0
G_NOISE,4BOC_A,0.0
G037,4BOF_B,1.0
G017,4BQA_A,1.0
G_NOISE,4BWJ_A,0.0
G_NOISE,4BXO_B,0.0
G047,4BY1_B,1.0
G038,4C2U_A,0.1108701391519449
G_NOISE,4C3G_A,0.0
G_NOISE,4C8L_A,0.0
G_NOISE,4CGZ_A,0.0
G_NOISE,4CH1_A,0.0
G035,4CIS_B,1.0
G_NOISE,4CJA_A,0.0
G_NOISE,4CLC_C,0.0
G_NOISE,4CMX_A,0.0
G005,4CN3_C,0.9501925026180874
G_NOISE,4CRO_B,0.0
G021,4CRX_A,1.0
G_NOISE,4D1Q_H,0.0
G029,4D87_A,1.0
G_NOISE,4D8J_A,0.0
G_NOISE,4D8K_A,0.0
G_NOISE,4D9M_B,0.0
G_NOISE,4DA4_A,0.0
G_NOISE,4DAV_A,0.0
G027,4DBE_A,1.0
G_NOISE,4DBL_C,0.0
G_NOISE,4DCN_D,0.0
G_NOISE,4DG9_A,0.0
G_NOISE,4DIQ_A,0.0
G_NOISE,4DIX_A,0.0
G_NOISE,4DJT_B,0.0
G_NOISE,4DKJ_A,0.0
G_NOISE,4DLF_A,0.0
G020,4DM0_A,0.24268099626117073
G_NOISE,4DMU_J,0.0
G_NOISE,4DOJ_A,0.0
G_NOISE,4DPV_Z,0.0
G038,4DQQ_D,0.47111098775523935
G_NOISE,4DQY_C,0.0
G038,4DS5_A,0.47111098775523935
G_NOISE,4DT4_A,0.0
G042,4DTJ_A,1.0
G_NOISE,4DW0_A,0.0
G038,4DWI_A,1.0
G027,4DX1_A,1.0
G_NOISE,4DYL_A,0.0
G046,4E0V_B,0.26754012984419806
G046,4E1Y_A,0.2639477652951463
G_NOISE,4E4T_A,0.0
G_NOISE,4E54_B,0.0
G_NOISE,4E5Z_B,0.0
G_NOISE,4ECW_A,0.0
G_NOISE,4EEE_A,0.0
G_NOISE,4EEI_B,0.0
G_NOISE,4EFI_A,0.0
G_NOISE,4EFJ_A,0.0
G013,4EFO_A,1.0
G038,4EFZ_A,0.11100037199679551
G_NOISE,4EJY_A,0.0
G_NOISE,4EN6_B,0.0
G_NOISE,4EO1_A,0.0
G_NOISE,4EOD_A,0.0
G_NOISE,4EOT_A,0.0
G_NOISE,4ER8_A,0.0
G_NOISE,4ESV_C,0.0
G_NOISE,4EVF_A,0.0
G_NOISE,4EVV_A,0.0
G_NOISE,4EW4_A,0.0
G046,4F1H_A,0.2639477652951463
G046,4F1H_B,0.2639477652951463
G038,4F2R_D,0.47111098775523935
G_NOISE,4F30_A,0.0
G_NOISE,4F43_A,0.0
G020,4F4W_A,0.45282760421002854
G020,4F4Y_A,0.363639629045967
G020,4F4Z_A,0.8711392863507874
G020,4F50_A,0.45282760421002854
G049,4F5P_A,1.0
G_NOISE,4F8C_A,0.0
G_NOISE,4FBH_A,0.0
G020,4FBT_A,1.0
G034,4FD6_A,0.9897892417021387
G_NOISE,4FEI_A,0.0
G_NOISE,4FFX_A,0.0
G_NOISE,4FGN_A,0.0
G_NOISE,4FHR_A,0.0
G016,4FLW_A,0.5026041988724279
G016,4FM2_A,0.5026041988724279
G_NOISE,4FM9_A,0.0
G_NOISE,4FNV_A,0.0
G046,4FPV_B,0.2639477652951463
G_NOISE,4FTH_A,0.0
G_NOISE,4FXD_A,0.0
G_NOISE,4FYD_A,0.0
G027,4FZY_A,1.0
G_NOISE,4G2R_B,0.0
G020,4G3I_A,1.0
G035,4G4N_A,1.0
G035,4G4O_A,1.0
G035,4G4Q_A,1.0
G035,4G4R_A,1.0
G_NOISE,4G92_A,0.0
G_NOISE,4G92_B,0.0
G_NOISE,4G9P_A,0.0
G_NOISE,4GAT_A,0.0
G020,4GC7_A,1.0
G027,4GCL_B,1.0
G027,4GCT_C,1.0
G_NOISE,4GDF_A,0.0
G002,4GJP_A,1.0
G002,4GJR_A,1.0
G_NOISE,4GLE_A,0.0
G038,4GLX_A,0.09391533544470657
G_NOISE,4GNX_C,0.0
G014,4GUQ_A,1.0
G046,4GZ1_A,0.2639477652951463
G046,4GZ2_A,0.2639477652951463
G003,4GZN_C,1.0
G_NOISE,4H5Q_B,0.0
G_NOISE,4H8K_A,0.0
G_NOISE,4HC7_A,0.0
G_NOISE,4HCC_A,0.0
G_NOISE,4HGP_A,0.0
G_NOISE,4HHT_A,0.0
G_NOISE,4HIO_A,0.0
G014,4HJE_A,1.0
G_NOISE,4HQB_A,0.0
G_NOISE,4HQE_B,0.0
G_NOISE,4HQX_A,0.0
G_NOISE,4HSB_A,0.0
G019,4HTU_A,1.0
G_NOISE,4I1A_B,0.0
G034,4I27_A,1.0
G019,4I3B_A,1.0
G_NOISE,4I3H_A,0.0
G014,4IBU_B,1.0
G014,4IBW_A,1.0
G_NOISE,4IHS_B,0.0
G_NOISE,4IJ5_A,0.0
G_NOISE,4IQJ_D,0.0
G_NOISE,4IQR_F,0.0
G034,4IQW_A,1.0
G_NOISE,4IS1_D,0.0
G019,4IUF_A,0.7159343022941324
G_NOISE,4IVZ_E,0.0
G_NOISE,4J00_A,0.0
G_NOISE,4J1J_C,0.0
G042,4J2A_A,1.0
G042,4J2B_A,1.0
G042,4J2D_A,1.0
G042,4J2E_A,1.0
G_NOISE,4J2X_C,0.0
G039,4JBK_A,0.6093978614028488
G039,4JBM_A,0.6093978614028488
G029,4JGC_A,1.0
G_NOISE,4JQD_E,0.0
G_NOISE,4JS4_A,0.0
G049,4JWM_A,1.0
G049,4JWN_A,1.0
G_NOISE,4JZV_A,0.0
G038,4K1G_A,0.10058031767918621
G050,4K4I_A,1.0
G_NOISE,4K82_A,0.0
G016,4K8X_A,0.7052487934057097
G040,4K96_B,1.0
G040,4KB6_A,1.0
G_NOISE,4KDP_A,0.0
G_NOISE,4KFC_B,0.0
G042,4KHN_A,1.0
G_NOISE,4KI2_B,0.0
G_NOISE,4KIS_A,0.0
G_NOISE,4KMF_A,0.0
G_NOISE,4KNY_B,0.0
G_NOISE,4KW5_A,0.0
G_NOISE,4KYW_A,0.0
G039,4L5R_C,0.6093978614028488
G039,4L5S_A,0.6093978614028488
G_NOISE,4L62_A,0.0
G_NOISE,4L80_B,0.0
G_NOISE,4LD0_A,0.0
G_NOISE,4LDX_B,0.0
G040,4LEZ_A,1.0
G017,4LG0_B,1.0
G_NOISE,4LG7_A,0.0
G038,4LHE_A,0.10058031767918621
G018,4LJR_A,1.0
G_NOISE,4LLN_J,0.0
G039,4LNQ_A,0.6093978614028488
G051,4LOX_A,1.0
G051,4LQ0_A,0.8321624927985751
G019,4LVL_A,0.6567802559682985
G042,4M42_A,0.9578830242203825
G049,4M47_A,1.0
G_NOISE,4M6F_A,0.0
G_NOISE,4M8O_A,0.0
G003,4M9E_A,1.0
G003,4M9V_C,1.0
G_NOISE,4MDF_A,0.0
G049,4MFA_A,1.0
G028,4MG2_A,0.9871150362108244
G028,4MGT_A,0.9871150362108244
G_NOISE,4MZR_A,0.0
G046,4N0O_C,0.29310460788657006
G_NOISE,4N5S_A,0.0
G_NOISE,4NCA_A,0.0
G028,4NDH_A,1.0
G028,4NDI_A,1.0
G_NOISE,4NDS_A,0.0
G_NOISE,4NE1_I,0.0
G_NOISE,4NE1_L,0.0
G_NOISE,4NFW_F,0.0
G_NOISE,4NGN_A,0.0
G030,4NID_A,0.4626329686226156
G030,4NIG_A,0.4626329686226156
G030,4NIH_A,0.4626329686226156
G030,4NII_A,0.4626329686226156
G020,4NLG_A,0.363639629045967
G_NOISE,4NQA_I,0.0
G_NOISE,4NRW_A,0.0
G_NOISE,4NV0_B,0.0
G038,4O0I_A,1.0
G_NOISE,4O3M_A,0.0
G_NOISE,4O3S_A,0.0
G049,4O5K_A,1.0
G040,4O6A_A,1.0
G_NOISE,4O7O_B,0.0
G045,4OBV_A,0.26887453669208455
G_NOISE,4OI8_B,0.0
G_NOISE,4OJV_A,0.0
G038,4OKZ_A,0.09491383842418018
G043,4OO8_A,1.0
G_NOISE,4OPX_C,0.0
G002,4OSH_B,0.9749641922565883
G002,4OSJ_B,0.957360529624506
G002,4OSK_B,0.43537480924706085
G002,4OSM_B,1.0
G002,4OSQ_A,1.0
G002,4OSR_A,1.0
G002,4OSS_A,1.0
G002,4OST_A,1.0
G002,4OSV_A,1.0
G002,4OSW_A,1.0
G002,4OSZ_A,0.9749641922565883
G002,4OT0_A,1.0
G002,4OT3_A,1.0
G002,4OTO_A,1.0
G_NOISE,4OU6_A,0.0
G_NOISE,4OU7_A,0.0
G_NOISE,4P0Q_A,0.0
G_NOISE,4P9U_A,0.0
G_NOISE,4PAR_A,0.0
G035,4PCZ_A,1.0
G035,4PD2_A,1.0
G038,4PE8_A,0.10058031767918621
G026,4PLB_B,1.0
G_NOISE,4POG_A,0.0
G_NOISE,4PQU_D,0.0
G_NOISE,4PSO_I,0.0
G_NOISE,4PTF_A,0.0
G_NOISE,4PXI_B,0.0
G_NOISE,4PY5_A,0.0
G_NOISE,4PYN_A,0.0
G_NOISE,4PZI_A,0.0
G020,4Q45_A,0.3606837373384268
G_NOISE,4QCB_A,0.0
G_NOISE,4QGU_A,0.0
G_NOISE,4QHF_A,0.0
G_NOISE,4QJU_A,0.0
G_NOISE,4QLC_U,0.0
G_NOISE,4QPQ_B,0.0
G_NOISE,4QQW_A,0.0
G_NOISE,4QR9_A,0.0
G_NOISE,4QTT_C,0.0
G020,4QWB_A,1.0
G020,4QWC_A,1.0
G020,4QWD_A,1.0
G028,4QYZ_B,1.0
G_NOISE,4QYZ_F,0.0
G013,4R22_B,1.0
G013,4R24_B,1.0
G_NOISE,4R28_C,0.0
G003,4R2D_A,1.0
G_NOISE,4R2P_A,0.0
G_NOISE,4R2S_A,0.0
G_NOISE,4R4E_B,0.0
G006,4R55_A,1.0
G049,4R63_A,1.0
G049,4R64_A,1.0
G_NOISE,4R8A_A,0.0
G_NOISE,4R8P_L,0.0
G020,4R8U_A,0.3606837373384268
G020,4R8U_B,0.3606837373384268
G_NOISE,4RB3_C,0.0
G_NOISE,4RDM_A,0.0
G_NOISE,4RDU_D,0.0
G047,4REC_A,0.8135316654646411
G047,4RI9_A,0.8135316654646411
G047,4RIB_B,0.8135316654646411
G047,4RIC_B,0.8135316654646411
G_NOISE,4RKH_D,0.0
G_NOISE,4ROC_B,0.0
G049,4RQ8_A,1.0
G047,4RUL_A,0.8199619047871727
G_NOISE,4S04_A,0.0
G_NOISE,4S0H_B,0.0
G_NOISE,4S0H_E,0.0
G028,4S0N_D,0.9310224853767511
G_NOISE,4S2Q_D,0.0
G029,4SKN_E,1.0
G020,4TQR_A,0.6810086307079355
G_NOISE,4TU7_A,0.0
G_NOISE,4TUG_A,0.0
G_NOISE,4TYN_A,0.0
G_NOISE,4TZD_A,0.0
G_NOISE,4U0Y_A,0.0
G_NOISE,4U7B_A,0.0
G_NOISE,4UDQ_A,0.0
G_NOISE,4UMM_A,0.0
G_NOISE,4UMM_E,0.0
G043,4UN3_B,1.0
G_NOISE,4UNC_D,0.0
G_NOISE,4UNO_A,0.0
G038,4UQG_A,1.0
G_NOISE,4UQM_A,0.0
G_NOISE,4USG_A,0.0
G_NOISE,4UUS_B,0.0
G_NOISE,4UUV_A,0.0
G014,4UZB_A,0.9063987371979044
G_NOISE,4V1N_O,0.0
G_NOISE,4V61_AO,0.0
G_NOISE,4V8P_AH,0.0
G_NOISE,4V8P_AQ,0.0
G_NOISE,4V8S_AR,0.0
G_NOISE,4V8S_AW,0.0
G_NOISE,4V8S_AY,0.0
G_NOISE,4V9F_L,0.0
G_NOISE,4V9F_Z,0.0
G_NOISE,4W9M_C,0.0
G_NOISE,4WNB_B,0.0
G_NOISE,4WPY_A,0.0
G_NOISE,4WUH_A,0.0
G_NOISE,4WWC_B,0.0
G031,4WX9_B,1.0
G_NOISE,4WZW_A,0.0
G013,4X0G_B,1.0
G008,4X23_C,0.418946804262799
G011,4X23_D,0.5891262593765711
G009,4X23_E,0.8202508618685416
G_NOISE,4X8I_B,0.0
G003,4X9J_A,1.0
G_NOISE,4XB6_E,0.0
G007,4XIC_A,1.0
G_NOISE,4XIU_A,0.0
G_NOISE,4XLN_D,0.0
G_NOISE,4XLN_F,0.0
G_NOISE,4XLR_C,0.0
G_NOISE,4XLS_M,0.0
G017,4XQJ_A,0.8031991311058484
G_NOISE,4XQK_A,0.0
G017,4XQQ_A,0.8031991311058484
G021,4XR0_A,1.0
G021,4XR2_A,1.0
G_NOISE,4XRM_B,0.0
G_NOISE,4XRS_B,0.0
G_NOISE,4XRS_G,0.0
G050,4XUS_A,1.0
G_NOISE,4XVI_A,0.0
G028,4XZF_A,0.9310224853767511
G010,4XZQ_B,1.0
G011,4XZQ_D,1.0
G_NOISE,4Y60_C,0.0
G_NOISE,4YD1_A,0.0
G_NOISE,4YF0_B,0.0
G_NOISE,4YFH_B,0.0
G_NOISE,4YG1_A,0.0
G_NOISE,4YG7_D,0.0
G051,4YHX_A,0.6773132253326088
G_NOISE,4YIG_A,0.0
G_NOISE,4YIR_A,0.0
G051,4YIS_A,0.8765712197299241
G051,4YIT_D,1.0
G_NOISE,4YJ0_B,0.0
G_NOISE,4YKL_B,0.0
G_NOISE,4YNQ_A,0.0
G_NOISE,4YOQ_A,0.0
G_NOISE,4YOW_A,0.0
G_NOISE,4YPR_A,0.0
G_NOISE,4YQW_A,0.0
G_NOISE,4YR3_A,0.0
G_NOISE,4YRV_A,0.0
G_NOISE,4YWA_A,0.0
G037,4YXQ_A,1.0
G_NOISE,4Z1X_A,0.0
G051,4Z20_A,1.0
G026,4Z2C_A,0.9213834215896194
G029,4Z3A_A,1.0
G_NOISE,4Z5D_A,0.0
G_NOISE,4Z5H_A,0.0
G008,4Z66_C,1.0
G011,4Z66_D,1.0
G004,4Z8F_H,1.0
G004,4Z8F_L,1.0
G_NOISE,4Z8W_A,0.0
G_NOISE,4ZCF_A,0.0
G030,4ZHN_A,0.4626329686226156
G_NOISE,4ZSF_A,0.0
G_NOISE,4ZUX_e,0.0
G_NOISE,4ZYD_A,0.0
G_NOISE,5A0M_A,0.0
G_NOISE,5A0M_B,0.0
G_NOISE,5A0W_D,0.0
G_NOISE,5A1V_E,0.0
G_NOISE,5A21_G,0.0
G_NOISE,5A3D_B,0.0
G_NOISE,5A72_B,0.0
G_NOISE,5A74_B,0.0
G_NOISE,5AF7_B,0.0
G_NOISE,5AKM_A,0.0
G_NOISE,5AKN_F,0.0
G_NOISE,5AKO_B,0.0
G_NOISE,5AWH_A,0.0
G037,5AYC_A,1.0
G_NOISE,5AYE_A,0.0
G_NOISE,5B04_B,0.0
G043,5B2R_B,1.0
G043,5B2S_B,1.0
G043,5B2T_B,1.0
G_NOISE,5B43_A,0.0
G_NOISE,5B7J_A,0.0
G_NOISE,5BNG_B,0.0
G028,5BNH_A,0.9310224853767511
G_NOISE,5BOX_A,0.0
G_NOISE,5BPD_A,0.0
G_NOISE,5BS8_D,0.0
G_NOISE,5BYG_B,0.0
G_NOISE,5C8E_G,0.0
G031,5CDM_D,1.0
G031,5CDN_U,1.0
G031,5CDO_B,1.0
G026,5CDP_A,1.0
G031,5CDP_B,1.0
G031,5CDQ_S,1.0
G_NOISE,5CG9_A,0.0
G_NOISE,5CHI_A,0.0
G044,5CKY_O,1.0
G_NOISE,5CL3_A,0.0
G_NOISE,5CL8_A,0.0
G_NOISE,5CLV_B,0.0
G_NOISE,5CLV_E,0.0
G_NOISE,5CM3_A,0.0
G044,5CO0_O,1.0
G_NOISE,5CQQ_B,0.0
G044,5CRJ_O,1.0
G044,5CRK_O,1.0
G050,5CWR_A,1.0
G_NOISE,5CY1_A,0.0
G048,5CZZ_A,1.0
G_NOISE,5D4S_B,0.0
G_NOISE,5D4V_B,0.0
G_NOISE,5D5X_B,0.0
G_NOISE,5D8C_B,0.0
G_NOISE,5D8F_B,0.0
G017,5D8K_B,1.0
G_NOISE,5DAC_A,0.0
G030,5DFF_A,1.0
G030,5DFJ_A,1.0
G_NOISE,5DIH_B,0.0
G050,5DKW_A,1.0
G027,5DLJ_B,1.0
G_NOISE,5DLJ_E,0.0
G_NOISE,5DNY_B,0.0
G027,5DQZ_B,1.0
G_NOISE,5DQZ_E,0.0
G027,5DS5_B,1.0
G_NOISE,5DS5_E,0.0
G_NOISE,5DS9_B,0.0
G_NOISE,5DUD_A,0.0
G_NOISE,5DWA_A,0.0
G_NOISE,5DY0_A,0.0
G_NOISE,5E01_B,0.0
G033,5E24_E,0.9361290959387353
G051,5E5O_A,1.0
G051,5E5S_A,1.0
G051,5E63_A,1.0
G051,5E67_A,1.0
G_NOISE,5EAN_A,0.0
G_NOISE,5EAX_A,0.0
G_NOISE,5EEA_G,0.0
G_NOISE,5EG0_A,0.0
G_NOISE,5EGO_A,0.0
G026,5EIX_A,1.0
G_NOISE,5EN4_A,0.0
G051,5ESP_A,0.8519878817613176
G_NOISE,5EXH_C,0.0
G_NOISE,5EYB_A,0.0
G_NOISE,5EYO_C,0.0
G014,5F0Q_A,0.9063987371979044
G_NOISE,5F3W_B,0.0
G_NOISE,5F55_A,0.0
G_NOISE,5F7Q_E,0.0
G_NOISE,5F8A_A,0.0
G008,5F99_G,0.32181534846527793
G043,5F9R_B,1.0
G_NOISE,5FB2_A,0.0
G_NOISE,5FDK_D,0.0
G_NOISE,5FHE_A,0.0
G_NOISE,5FKV_A,0.0
G_NOISE,5FMF_1,0.0
G_NOISE,5FMF_M,0.0
G_NOISE,5FMF_U,0.0
G_NOISE,5FMF_V,0.0
G_NOISE,5FMF_X,0.0
G_NOISE,5FTE_A,0.0
G_NOISE,5FUR_C,0.0
G043,5FW1_B,1.0
G043,5FW2_B,1.0
G043,5FW3_B,1.0
G032,5G5T_A,1.0
G_NOISE,5G6R_B,0.0
G_NOISE,5GKE_A,0.0
G029,5GKP_B,1.0
G004,5GKR_A,1.0
G004,5GKR_B,1.0
G027,5GPC_A,1.0
G_NOISE,5GXF_A,0.0
G_NOISE,5GZY_A,0.0
G_NOISE,5H1Q_A,0.0
G_NOISE,5H3R_A,0.0
G041,5H8W_A,0.9660184821055147
G046,5H9F_A,0.29310460788657006
G028,5H9F_B,1.0
G046,5H9F_J,0.2834710653546537
G027,5HAW_B,1.0
G027,5HBU_B,1.0
G_NOISE,5HCH_A,0.0
G017,5HDN_C,1.0
G049,5HHH_A,1.0
G_NOISE,5HK3_B,0.0
G_NOISE,5HLG_B,0.0
G_NOISE,5HNF_A,0.0
G034,5HNK_A,1.0
G_NOISE,5HOD_A,0.0
G034,5HP4_A,1.0
G_NOISE,5HRF_A,0.0
G_NOISE,5HRG_A,0.0
G_NOISE,5HRH_B,0.0
G_NOISE,5HRK_B,0.0
G046,5HT2_A,0.2639477652951463
G_NOISE,5HY3_B,0.0
G_NOISE,5I2D_G,0.0
G013,5I44_B,1.0
G_NOISE,5IFF_A,0.0
G050,5IIO_A,1.0
G046,5INO_A,0.2639477652951463
G_NOISE,5IOX_A,0.0
G047,5IUD_D,0.8439545307983989
G026,5IWI_A,1.0
G031,5IWI_B,1.0
G047,5IYB_B,1.0
G_NOISE,5IYB_C,0.0
G_NOISE,5IYB_M,0.0
G_NOISE,5J0N_F,0.0
G_NOISE,5J0N_I,0.0
G025,5J2M_A,1.0
G_NOISE,5J2N_B,0.0
G_NOISE,5J5P_A,0.0
G017,5JA9_C,1.0
G_NOISE,5JH0_D,0.0
G044,5JJV_B,1.0
G_NOISE,5JLT_A,0.0
G_NOISE,5JQ6_A,0.0
G_NOISE,5JRO_A,0.0
G_NOISE,5JTK_A,0.0
G_NOISE,5JUB_A,0.0
G_NOISE,5K1Y_B,0.0
G027,5K58_A,1.0
G003,5K5H_A,0.9312962259135829
G003,5K5J_A,0.8116750148599134
G_NOISE,5K5L_G,0.0
G_NOISE,5K5R_B,0.0
G_NOISE,5K83_A,0.0
G_NOISE,5K97_A,0.0
G_NOISE,5K98_A,0.0
G014,5KBD_A,1.0
G_NOISE,5KBJ_A,0.0
G003,5KE7_A,1.0
G003,5KE9_A,1.0
G003,5KEA_A,1.0
G_NOISE,5KEG_A,0.0
G_NOISE,5KFS_A,0.0
G_NOISE,5KK5_A,0.0
G003,5KKQ_A,0.9312962259135829
G_NOISE,5KL4_A,0.0
G_NOISE,5KL7_A,0.0
G034,5KN8_A,0.9835486566335491
G034,5KN9_A,0.9835486566335491
G005,5KRB_G,0.9019058445353062
G_NOISE,5KSE_A,0.0
G041,5KW6_A,1.0
G_NOISE,5L2P_A,0.0
G_NOISE,5L9W_C,0.0
G_NOISE,5LCL_A,0.0
G_NOISE,5LD2_D,0.0
G_NOISE,5LEK_A,0.0
G038,5LIE_B,0.09491383842418018
G_NOISE,5LQZ_I,0.0
G_NOISE,5LRS_A,0.0
G_NOISE,5LTY_K,0.0
G007,5LUX_K,1.0
G_NOISE,5M1S_A,0.0
G_NOISE,5M1S_D,0.0
G_NOISE,5M58_A,0.0
G_NOISE,5M5W_B,0.0
G_NOISE,5MC6_i,0.0
G_NOISE,5MC6_j,0.0
G014,5MCT_A,1.0
G_NOISE,5MEZ_A,0.0
G_NOISE,5MHJ_A,0.0
G_NOISE,5MLD_A,0.0
G009,5MLU_A,1.0
G011,5MLU_D,1.0
G008,5MLU_G,0.9811347914337364
G011,5MLU_H,1.0
G_NOISE,5MPD_Z,0.0
G_NOISE,5MS0_D,0.0
G_NOISE,5MS0_F,0.0
G040,5N6I_A,1.0
G_NOISE,5N9D_B,0.0
G_NOISE,5N9J_Y,0.0
G_NOISE,5ND8_E,0.0
G_NOISE,5NFV_A,0.0
G_NOISE,5NLL_A,0.0
G029,5NNU_A,1.0
G_NOISE,5NNX_A,0.0
G_NOISE,5NO6_A,0.0
G_NOISE,5NO6_N,0.0
G026,5NPK_b,1.0
G026,5NPP_B,1.0
G029,5NWA_A,0.952300994668922
G034,5NX7_A,1.0
G_NOISE,5NZT_E,0.0
G_NOISE,5O6B_A,0.0
G_NOISE,5O6G_A,0.0
G_NOISE,5O6I_A,0.0
G033,5O6U_D,0.9361290959387353
G_NOISE,5O6U_F,0.0
G_NOISE,5O7T_A,0.0
G_NOISE,5ODG_A,0.0
G_NOISE,5ODL_A,0.0
G_NOISE,5ODU_A,0.0
G_NOISE,5OLA_A,0.0
G_NOISE,5OLA_E,0.0
G_NOISE,5OQO_A,0.0
G_NOISE,5OQP_A,0.0
G_NOISE,5OR5_A,0.0
G_NOISE,5SVC_A,0.0
G_NOISE,5SWW_D,0.0
G_NOISE,5SZX_A,0.0
G001,5T01_A,1.0
G003,5T0U_A,0.9312962259135829
G_NOISE,5T1J_A,0.0
G051,5T2H_A,1.0
G051,5T2N_A,0.7972983055446358
G051,5T2O_A,1.0
G034,5T4I_B,0.9994379193884677
G_NOISE,5T5K_B,0.0
G028,5T7X_B,0.8502743556112916
G051,5T8D_A,1.0
G_NOISE,5TC1_A,0.0
G_NOISE,5TD5_A,0.0
G051,5THG_A,1.0
G_NOISE,5TKZ_A,0.0
G050,5TRD_A,0.48460557944891697
G_NOISE,5TVM_E,0.0
G_NOISE,5TWR_A,0.0
G025,5TXL_A,1.0
G025,5TXM_A,1.0
G025,5TXN_A,1.0
G025,5TXO_A,1.0
G_NOISE,5U0A_E,0.0
G_NOISE,5U1J_B,0.0
G043,5U33_A,0.37241970018014514
G049,5U8H_A,1.0
G049,5U8I_A,1.0
G_NOISE,5U90_C,0.0
G021,5U91_A,0.9564998132954409
G_NOISE,5UC6_A,0.0
G_NOISE,5UI5_V,0.0
G_NOISE,5UK7_K,0.0
G_NOISE,5UM9_A,0.0
G_NOISE,5UX0_D,0.0
G_NOISE,5V09_Z,0.0
G051,5V0Q_A,1.0
G_NOISE,5V3G_D,0.0
G_NOISE,5V3J_F,0.0
G_NOISE,5V49_B,0.0
G_NOISE,5V8F_7,0.0
G005,5VA0_B,1.0
G005,5VA7_A,1.0
G_NOISE,5VC9_C,0.0
G_NOISE,5VFX_F,0.0
G047,5VHE_A,0.8159688871142787
G_NOISE,5VHV_A,0.0
G022,5VI5_C,1.0
G024,5VI5_D,1.0
G_NOISE,5VMX_A,0.0
G_NOISE,5VMZ_A,0.0
G_NOISE,5VOX_P,0.0
G001,5VPE_A,0.9605777235140288
G001,5VPE_B,1.0
G049,5VS2_A,1.0
G016,5VU9_A,1.0
G_NOISE,5VVJ_F,0.0
G_NOISE,5VVL_F,0.0
G_NOISE,5VXN_C,0.0
G_NOISE,5VZ7_A,0.0
G_NOISE,5VZB_A,0.0
G_NOISE,5VZE_A,0.0
G_NOISE,5VZG_A,0.0
G_NOISE,5W0U_B,0.0
G_NOISE,5W1C_B,0.0
G_NOISE,5W2M_A,0.0
G_NOISE,5W36_A,0.0
G_NOISE,5W65_P,0.0
G_NOISE,5W66_M,0.0
G_NOISE,5W6Q_G,0.0
G_NOISE,5W7G_A,0.0
G_NOISE,5W7G_B,0.0
G_NOISE,5W9Q_A,0.0
G_NOISE,5WCU_C,0.0
G_NOISE,5WCU_D,0.0
G_NOISE,5WCU_U,0.0
G_NOISE,5WJQ_D,0.0
G_NOISE,5WM1_A,0.0
G030,5WN3_B,1.0
G006,5WVW_A,1.0
G006,5WVY_A,1.0
G006,5WVZ_A,1.0
G006,5WWC_B,1.0
G_NOISE,5WX9_A,0.0
G_NOISE,5X11_E,0.0
G_NOISE,5X90_A,0.0
G_NOISE,5XB6_A,0.0
G_NOISE,5XC2_B,0.0
G015,5XFP_B,0.9874728226743009
G015,5XFQ_A,0.9874728226743009
G033,5XFR_B,1.0
G_NOISE,5XH6_A,0.0
G_NOISE,5XH7_A,0.0
G_NOISE,5XM8_A,0.0
G_NOISE,5XM9_A,0.0
G_NOISE,5XNB_C,0.0
G039,5XOG_E,0.6210728703860552
G_NOISE,5XPG_A,0.0
G_NOISE,5XUT_A,0.0
G_NOISE,5XVN_F,0.0
G_NOISE,5XVP_B,0.0
G_NOISE,5XX9_A,0.0
G040,5XZB_A,1.0
G_NOISE,5Y36_A,0.0
G_NOISE,5Y3M_A,0.0
G_NOISE,5Y3R_A,0.0
G_NOISE,5Y3R_B,0.0
G_NOISE,5Y7Q_A,0.0
G_NOISE,5YBB_D,0.0
G017,5YBD_A,1.0
G_NOISE,5YCZ_A,0.0
G003,5YEG_B,0.9312962259135829
G003,5YEH_A,0.9312962259135829
G_NOISE,5YEL_B,0.0
G_NOISE,5YFP_B,0.0
G_NOISE,5YI2_A,0.0
G_NOISE,5YI3_A,0.0
G_NOISE,5YIW_A,0.0
G020,5YUY_A,0.3606837373384268
G_NOISE,5YX6_A,0.0
G_NOISE,5Z3N_A,0.0
G_NOISE,5Z40_A,0.0
G_NOISE,5Z7D_B,0.0
G_NOISE,5ZAD_A,0.0
G034,5ZCW_A,1.0
G_NOISE,5ZE0_C,0.0
G_NOISE,5ZIK_A,0.0
G_NOISE,5ZJR_B,0.0
G_NOISE,5ZLN_B,0.0
G017,5ZMC_B,1.0
G_NOISE,5ZMN_A,0.0
G_NOISE,5ZMO_A,0.0
G_NOISE,5ZOG_A,0.0
G_NOISE,5ZR1_E,0.0
G_NOISE,5ZU1_A,0.0
G_NOISE,5ZUP_C,0.0
G_NOISE,5ZUX_A,0.0
G_NOISE,6A57_A,0.0
G_NOISE,6A5N_A,0.0
G_NOISE,6A8R_A,0.0
G_NOISE,6A9B_A,0.0
G043,6AEG_B,1.0
G043,6AI6_A,1.0
G_NOISE,6AJO_A,0.0
G_NOISE,6AKO_C,0.0
G025,6AMO_A,1.0
G047,6AS7_A,0.8439545307983989
G_NOISE,6ASB_I,0.0
G_NOISE,6ASD_C,0.0
G_NOISE,6B0O_A,0.0
G_NOISE,6B0R_A,0.0
G_NOISE,6B44_A,0.0
G_NOISE,6B44_B,0.0
G036,6B44_F,1.0
G_NOISE,6B6H_G,0.0
G_NOISE,6B6H_I,0.0
G051,6BCF_J,0.6951641298322753
G051,6BCG_D,0.6951641298322753
G051,6BCH_A,0.6951641298322753
G051,6BCI_A,0.6951641298322753
G051,6BCN_A,0.6951641298322753
G051,6BD0_A,1.0
G051,6BDA_A,1.0
G051,6BDB_A,1.0
G_NOISE,6BFI_B,0.0
G046,6BKG_A,0.26438796421741234
G005,6BQU_B,1.0
G028,6BRR_A,1.0
G_NOISE,6BS3_A,0.0
G025,6BSG_A,0.5337964973419114
G049,6BTE_A,1.0
G_NOISE,6BUX_A,0.0
G_NOISE,6BWY_B,0.0
G011,6BZ1_C,0.3617032121060678
G024,6BZO_D,1.0
G022,6C04_C,1.0
G_NOISE,6C26_B,0.0
G_NOISE,6C31_A,0.0
G_NOISE,6C62_C,0.0
G_NOISE,6C66_A,0.0
G_NOISE,6C66_M,0.0
G_NOISE,6C66_O,0.0
G_NOISE,6CCG_A,0.0
G_NOISE,6CES_M,0.0
G_NOISE,6CFI_A,0.0
G_NOISE,6CG8_E,0.0
G_NOISE,6CIK_B,0.0
G_NOISE,6CIM_A,0.0
G_NOISE,6CKM_A,0.0
G037,6COJ_B,1.0
G026,6CQ2_A,0.9758380420139251
G_NOISE,6CRM_A,0.0
G_NOISE,6CRO_A,0.0
G040,6CT9_A,1.0
G049,6CTR_A,1.0
G028,6CVP_B,1.0
G028,6CVQ_A,1.0
G028,6CVR_A,1.0
G028,6CVS_A,1.0
G028,6CVT_A,1.0
G_NOISE,6D0Z_A,0.0
G_NOISE,6D5F_A,0.0
G_NOISE,6D5F_a,0.0
G_NOISE,6D92_A,0.0
G_NOISE,6D95_A,0.0
G_NOISE,6DG0_A,0.0
G_NOISE,6DGD_A,0.0
G049,6DIC_A,1.0
G019,6DOG_A,1.0
G019,6DOH_A,1.0
G019,6DOS_A,1.0
G019,6DPB_A,1.0
G019,6DPG_A,1.0
G019,6DPI_A,1.0
G038,6DSX_A,1.0
G_NOISE,6DT1_A,0.0
G033,6DT7_A,0.9295527992321366
G_NOISE,6DT7_B,0.0
G_NOISE,6DTN_B,0.0
G022,6DVC_C,1.0
G_NOISE,6DVC_F,0.0
G038,6DWV_A,0.09491383842418018
G_NOISE,6DWW_A,0.0
G_NOISE,6E33_A,0.0
G003,6E93_A,0.9145822911045847
G003,6E94_A,0.9145822911045847
G040,6EDC_A,1.0
G022,6EDT_C,1.0
G024,6EDT_D,1.0
G_NOISE,6EHT_A,0.0
G_NOISE,6EMY_B,0.0
G_NOISE,6EN0_B,0.0
G_NOISE,6EN1_A,0.0
G030,6EO6_H,0.39723323190656623
G_NOISE,6ERQ_C,0.0
G_NOISE,6ES2_K,0.0
G_NOISE,6ES3_K,0.0
G_NOISE,6ESZ_D,0.0
G_NOISE,6ET4_A,0.0
G_NOISE,6EU0_P,0.0
G047,6EU1_B,0.9077298468975311
G047,6EXV_B,1.0
G019,6F1K_A,0.7294568331431137
G037,6F2E_A,0.9703817474785196
G_NOISE,6F2S_A,0.0
G_NOISE,6F2S_H,0.0
G_NOISE,6F2S_I,0.0
G039,6F59_B,0.6395262915254366
G_NOISE,6FAI_G,0.0
G039,6FB0_A,1.0
G039,6FB0_B,1.0
G039,6FB1_A,1.0
G039,6FB8_A,1.0
G_NOISE,6FBC_A,0.0
G_NOISE,6FBU_A,0.0
G_NOISE,6FF2_A,0.0
G_NOISE,6FIX_B,0.0
G_NOISE,6FK4_A,0.0
G_NOISE,6FKE_A,0.0
G035,6FL1_A,1.0
G_NOISE,6FN0_A,0.0
G010,6FQ5_B,1.0
G008,6FQ5_C,0.60805363610177
G011,6FQ5_D,0.9763657119939919
G_NOISE,6FQB_E,0.0
G_NOISE,6FTX_E,0.0
G_NOISE,6FTX_W,0.0
G_NOISE,6FWR_A,0.0
G013,6FZS_B,1.0
G013,6FZT_A,1.0
G_NOISE,6FZV_A,0.0
G_NOISE,6G0A_A,0.0
G_NOISE,6G1T_A,0.0
G_NOISE,6GAT_A,0.0
G_NOISE,6GCF_A,0.0
G_NOISE,6GED_A,0.0
G_NOISE,6GIS_A,0.0
G_NOISE,6GOV_G,0.0
G_NOISE,6GOV_N,0.0
G023,6GOV_Y,1.0
G_NOISE,6GRH_1,0.0
G_NOISE,6GRH_C,0.0
G_NOISE,6GTG_A,0.0
G_NOISE,6GTS_C,0.0
G_NOISE,6GVQ_B,0.0
G_NOISE,6GY3_A,0.0
G035,6H0S_A,1.0
G_NOISE,6H1V_A,0.0
G_NOISE,6H59_A,0.0
G_NOISE,6H5E_B,0.0
G_NOISE,6HB4_A,0.0
G_NOISE,6HD7_v,0.0
G_NOISE,6HP7_A,0.0
G_NOISE,6HY0_D,0.0
G_NOISE,6I1K_A,0.0
G_NOISE,6I1L_A,0.0
G_NOISE,6I52_B,0.0
G_NOISE,6I52_C,0.0
G_NOISE,6I5O_A,0.0
G_NOISE,6I8A_A,0.0
G_NOISE,6I8V_A,0.0
G_NOISE,6I9E_H,0.0
G_NOISE,6IAW_A,0.0
G_NOISE,6IFM_B,0.0
G_NOISE,6IIT_B,0.0
G038,6IJA_A,0.11100037199679551
G_NOISE,6IMK_A,0.0
G_NOISE,6IMN_A,0.0
G_NOISE,6IOD_A,0.0
G009,6IPU_A,1.0
G008,6IPU_C,1.0
G011,6IPU_D,0.9934411271346814
G010,6IPU_F,0.9664045434670857
G008,6IQ4_C,1.0
G_NOISE,6IR8_A,0.0
G016,6IS7_A,0.7052487934057097
G028,6IS8_A,1.0
G018,6IUD_A,1.0
G009,6IY2_A,0.6646237398496452
G008,6IY2_C,0.6091000316335052
G011,6IY2_D,0.8521345777950261
G011,6IY3_D,0.9588766812674988
G031,6IZH_A,1.0
G_NOISE,6J2Q_T,0.0
G_NOISE,6J4R_A,0.0
G_NOISE,6J5B_C,0.0
G034,6J80_B,0.9507006419843181
G019,6J9C_D,0.8261326387928318
G022,6J9F_C,1.0
G_NOISE,6JBX_A,0.0
G022,6JCY_C,1.0
G_NOISE,6JCZ_C,0.0
G_NOISE,6JDD_A,0.0
G_NOISE,6JDV_A,0.0
G_NOISE,6JE4_K,0.0
G_NOISE,6JG8_B,0.0
G_NOISE,6JMA_C,0.0
G_NOISE,6JNI_A,0.0
G_NOISE,6JNX_P,0.0
G028,6JRF_A,1.0
G028,6JRG_A,1.0
G_NOISE,6JTB_A,0.0
G002,6JTQ_A,1.0
G_NOISE,6JUM_A,0.0
G_NOISE,6JUN_A,0.0
G020,6JUP_A,0.3606837373384268
G020,6JUQ_A,0.3606837373384268
G_NOISE,6JUR_A,0.0
G_NOISE,6JUS_A,0.0
G002,6JW0_A,1.0
G002,6JW3_A,0.9165250799205702
G002,6JW5_A,0.9176419476334563
G008,6JXD_C,1.0
G011,6JXD_D,0.9934411271346814
G009,6JXD_E,1.0
G008,6JXD_G,1.0
G_NOISE,6JYW_A,0.0
G_NOISE,6K3J_A,0.0
G043,6K4Q_B,1.0
G_NOISE,6K4Y_M,0.0
G_NOISE,6K8O_A,0.0
G_NOISE,6KBS_B,0.0
G_NOISE,6KC8_A,0.0
G_NOISE,6KCP_D,0.0
G_NOISE,6KCQ_B,0.0
G028,6KDB_A,0.9884227085000679
G009,6KE9_E,1.0
G008,6KE9_G,0.9811347914337364
G_NOISE,6KF9_B,0.0
G_NOISE,6KF9_C,0.0
G018,6KI3_B,1.0
G_NOISE,6KKM_E,0.0
G_NOISE,6KNB_E,0.0
G024,6KOP_D,1.0
G_NOISE,6KS6_Q,0.0
G029,6KSF_A,0.952300994668922
G028,6KVO_A,0.8270012716978421
G_NOISE,6L1L_B,0.0
G_NOISE,6L2O_A,0.0
G005,6L6Q_A,0.9019058445353062
G_NOISE,6L6S_A,0.0
G_NOISE,6L6Y_D,0.0
G020,6L84_A,1.0
G_NOISE,6L8E_A,0.0
G_NOISE,6LBR_A,0.0
G005,6LC1_A,0.9019058445353062
G_NOISE,6LCT_A,0.0
G_NOISE,6LDI_H,0.0
G_NOISE,6LLZ_A,0.0
G_NOISE,6LMJ_A,0.0
G033,6LNB_G,1.0
G034,6LPV_A,1.0
G048,6LTR_A,1.0
G048,6LTU_A,1.0
G_NOISE,6LVW_A,0.0
G035,6LWA_D,1.0
G035,6LWD_A,1.0
G035,6LWL_A,1.0
G035,6LWN_D,1.0
G035,6LWP_A,1.0
G035,6LWR_A,1.0
G_NOISE,6LXN_A,0.0
G048,6M0X_A,1.0
G_NOISE,6M75_A,0.0
G_NOISE,6M9R_A,0.0
G026,6MII_E,0.9290430312185856
G003,6ML4_A,0.9312962259135829
G_NOISE,6MQ8_A,0.0
G_NOISE,6MRJ_B,0.0
G038,6MU4_A,1.0
G010,6MUO_B,0.678785706481597
G_NOISE,6MUP_A,0.0
G011,6MUP_D,1.0
G008,6MUP_G,0.9811347914337364
G_NOISE,6MUP_M,0.0
G_NOISE,6MXO_A,0.0
G_NOISE,6MZM_W,0.0
G_NOISE,6N1P_B,0.0
G_NOISE,6N4C_A,0.0
G_NOISE,6N4C_B,0.0
G_NOISE,6N4C_C,0.0
G_NOISE,6N4C_D,0.0
G_NOISE,6N4C_F,0.0
G_NOISE,6N7W_H,0.0
G_NOISE,6NC9_A,0.0
G_NOISE,6NCL_d9,0.0
G_NOISE,6NCM_A,0.0
G036,6NE0_F,1.0
G_NOISE,6NE3_W,0.0
G_NOISE,6NJU_D,0.0
G049,6NL0_A,1.0
G_NOISE,6NSM_A,0.0
G_NOISE,6NUH_A,0.0
G043,6O0Z_A,0.47687190409233854
G_NOISE,6O19_A,0.0
G017,6O3T_A,0.8261774412676834
G_NOISE,6O71_A,0.0
G_NOISE,6O8E_A,0.0
G_NOISE,6O8G_B,0.0
G_NOISE,6O8H_A,0.0
G_NOISE,6O8Q_B,0.0
G_NOISE,6O9L_Q,0.0
G_NOISE,6O9L_T,0.0
G041,6OBJ_A,1.0
G_NOISE,6OD3_A,0.0
G_NOISE,6ODM_E,0.0
G_NOISE,6OEA_A,0.0
G_NOISE,6OFD_A,0.0
G037,6OHB_A,1.0
G_NOISE,6OJ0_A,0.0
G_NOISE,6OJ0_Z,0.0
G_NOISE,6OLA_A0,0.0
G_NOISE,6OMV_B,0.0
G025,6OTZ_A,1.0
G_NOISE,6OX6_B,0.0
G_NOISE,6OY6_D,0.0
G045,6P0C_A,1.0
G045,6P0E_A,1.0
G_NOISE,6P18_Q,0.0
G_NOISE,6P3E_A,0.0
G_NOISE,6P4F_B,0.0
G_NOISE,6P4F_C,0.0
G038,6P5C_A,1.0
G_NOISE,6P71_D,0.0
G_NOISE,6P73_A,0.0
G_NOISE,6P7B_A,0.0
G_NOISE,6P7E_G,0.0
G_NOISE,6P8U_B,0.0
G030,6P93_A,1.0
G030,6P94_A,1.0
G_NOISE,6PAX_A,0.0
G_NOISE,6PBD_A,0.0
G_NOISE,6PBZ_A,0.0
G_NOISE,6PCM_A,0.0
G_NOISE,6PEU_B,0.0
G033,6PIJ_A,1.0
G_NOISE,6PIJ_G,0.0
G049,6PKZ_A,1.0
G_NOISE,6PMI_F,0.0
G_NOISE,6PNZ_A,0.0
G046,6PR5_A,0.29310460788657006
G023,6PSQ_J,1.0
G_NOISE,6PST_L,0.0
G_NOISE,6PT8_A,0.0
G_NOISE,6PY8_E,0.0
G_NOISE,6Q0C_A,0.0
G045,6Q1V_A,1.0
G_NOISE,6Q5U_R,0.0
G_NOISE,6QEC_A,0.0
G_NOISE,6QEM_G,0.0
G_NOISE,6QFD_B,0.0
G_NOISE,6QIB_A,0.0
G_NOISE,6QJT_A,0.0
G_NOISE,6QL9_G,0.0
G_NOISE,6QLD_a,0.0
G_NOISE,6QLD_b,0.0
G_NOISE,6QLD_d,0.0
G_NOISE,6QLD_e,0.0
G_NOISE,6QLD_g,0.0
G_NOISE,6QLD_h,0.0
G_NOISE,6QLD_i,0.0
G037,6QP3_A,1.0
G_NOISE,6QUA_B,0.0
G_NOISE,6QWF_A,0.0
G_NOISE,6QWH_A,0.0
G_NOISE,6QWK_A,0.0
G_NOISE,6QWM_A,0.0
G026,6QX2_J,1.0
G031,6QX2_K,1.0
G031,6QX2_d,1.0
G031,6QX2_k,1.0
G026,6QX2_r,1.0
G031,6QX2_s,1.0
G031,6QX2_u,1.0
G_NOISE,6QXF_B,0.0
G_NOISE,6QZ9_0A,0.0
G032,6QZK_A,1.0
G_NOISE,6R1T_D,0.0
G_NOISE,6R1T_G,0.0
G_NOISE,6R1U_K,0.0
G_NOISE,6R2Q_B,0.0
G_NOISE,6R2Q_C,0.0
G_NOISE,6R2V_B,0.0
G_NOISE,6R2V_C,0.0
G_NOISE,6RAR_I,0.0
G_NOISE,6RAS_I,0.0
G_NOISE,6RAU_I,0.0
G034,6RCN_A,0.9507006419843181
G_NOISE,6RFR_6,0.0
G_NOISE,6RIE_A,0.0
G_NOISE,6RKW_A,0.0
G_NOISE,6RKW_B,0.0
G035,6RNM_A,1.0
G035,6RNR_A,1.0
G_NOISE,6RQL_A,0.0
G_NOISE,6RWM_A,0.0
G_NOISE,6RWO_A,0.0
G007,6RYD_A,0.9481567289838496
G_NOISE,6RZ2_A,0.0
G_NOISE,6S16_B,0.0
G_NOISE,6S3O_A,0.0
G_NOISE,6S3P_A,0.0
G_NOISE,6S48_A,0.0
G_NOISE,6S6H_B,0.0
G_NOISE,6S85_A,0.0
G_NOISE,6SA0_A,0.0
G_NOISE,6SD0_A,0.0
G_NOISE,6SLF_A,0.0
G_NOISE,6T0B_J,0.0
G019,6T21_A,0.8356970666133581
G_NOISE,6T2U_B,0.0
G_NOISE,6T5X_A,0.0
G_NOISE,6T8H_B,0.0
G_NOISE,6T8H_C,0.0
G013,6TBZ_A,1.0
G035,6TC9_A,1.0
G013,6TCE_A,1.0
G_NOISE,6TJJ_AAA,0.0
G_NOISE,6TNY_A,0.0
G_NOISE,6TQN_G,0.0
G023,6TQN_Y,1.0
G_NOISE,6TRA_A,0.0
G_NOISE,6TUX_A,0.0
G_NOISE,6TXR_A,0.0
G_NOISE,6U0M_2,0.0
G_NOISE,6U0M_4,0.0
G_NOISE,6U0M_7,0.0
G_NOISE,6U81_A,0.0
G_NOISE,6U82_D,0.0
G028,6U8W_A,0.9884227085000679
G028,6U8X_A,0.9884227085000679
G028,6U90_A,0.9884227085000679
G028,6U91_A,0.9884227085000679
G_NOISE,6UBF_A,0.0
G_NOISE,6UG1_A,0.0
G_NOISE,6UH5_L,0.0
G_NOISE,6UH5_N,0.0
G025,6UIS_A,0.778323800343465
G025,6UJZ_A,0.778323800343465
G_NOISE,6UKF_X,0.0
G_NOISE,6UMM_C,0.0
G049,6UOL_A,1.0
G_NOISE,6UQI_A,0.0
G038,6UR4_A,1.0
G_NOISE,6USO_A,0.0
G_NOISE,6USQ_A,0.0
G_NOISE,6UT6_G,0.0
G051,6UVW_D,1.0
G051,6UW0_B,1.0
G051,6UWG_A,1.0
G051,6UWH_A,1.0
G051,6UWJ_A,1.0
G051,6UWK_A,1.0
G_NOISE,6V10_1,0.0
G_NOISE,6V1G_1,0.0
G_NOISE,6V1Z_1,0.0
G_NOISE,6V7B_A,0.0
G_NOISE,6VAE_A,0.0
G033,6VBW_D,1.0
G_NOISE,6VCS_B,0.0
G_NOISE,6VDD_A,0.0
G_NOISE,6VEN_M,0.0
G_NOISE,6VF1_A,0.0
G_NOISE,6VG8_D,0.0
G_NOISE,6VGD_A,0.0
G_NOISE,6VJW_A,0.0
G043,6VPC_B,0.47687190409233854
G_NOISE,6VR2_A,0.0
G003,6VTX_A,1.0
G_NOISE,6VU7_C,0.0
G024,6VVY_D,1.0
G022,6VW0_C,1.0
G_NOISE,6VYP_K,0.0
G_NOISE,6VZJ_AE,0.0
G046,6W0M_A,0.9968687844546321
G030,6W0Q_A,1.0
G046,6W0R_A,1.0
G046,6W13_A,1.0
G_NOISE,6W1A_A,0.0
G_NOISE,6W1F_A,0.0
G_NOISE,6W2D_K,0.0
G030,6W2P_A,1.0
G030,6W43_A,1.0
G030,6W4I_A,1.0
G048,6W5C_A,1.0
G019,6W7A_A,0.8261326387928318
G028,6W8B_A,1.0
G028,6W8J_D,1.0
G_NOISE,6WB9_2,0.0
G_NOISE,6WB9_5,0.0
G_NOISE,6WBR_A,0.0
G_NOISE,6WC0_A,0.0
G011,6WC2_D,0.3617032121060678
G011,6WC5_B,0.3617032121060678
G007,6WC5_I,1.0
G_NOISE,6WHI_I,0.0
G019,6WHM_A,0.8261326387928318
G_NOISE,6WKT_A,0.0
G033,6WMC_A,1.0
G_NOISE,6WMD_A,0.0
G003,6WMI_A,0.9312962259135829
G023,6WMU_D,1.0
G_NOISE,6WOY_D,0.0
G025,6WPJ_A,1.0
G_NOISE,6WQ0_A,0.0
G_NOISE,6WQ2_A,0.0
G_NOISE,6WQ2_a,0.0
G023,6WVJ_D,0.39042451602357797
G016,6WYA_A,1.0
G_NOISE,6X1J_A,0.0
G022,6X43_A,0.638236449207281
G005,6X6D_A,1.0
G005,6X6E_A,1.0
G_NOISE,6X74_A,0.0
G_NOISE,6X76_A,0.0
G_NOISE,6X77_A,0.0
G_NOISE,6X7F_AB,0.0
G_NOISE,6X9J_A,0.0
G_NOISE,6XAS_B,0.0
G_NOISE,6XB8_C,0.0
G_NOISE,6XBU_A,0.0
G_NOISE,6XEO_A,0.0
G_NOISE,6XGX_A,0.0
G_NOISE,6XH7_G,0.0
G012,6XL5_G,1.0
G_NOISE,6XNY_D,0.0
G_NOISE,6Y37_C,0.0
G_NOISE,6Y39_C,0.0
G_NOISE,6Y42_A,0.0
G_NOISE,6Y5D_A,0.0
G009,6Y5E_A,1.0
G008,6Y5E_C,1.0
G008,6Y5E_G,0.9413010585071176
G040,6Y5E_K,1.0
G_NOISE,6Y6G_A,0.0
G_NOISE,6Y79_2,0.0
G_NOISE,6YCQ_A,0.0
G_NOISE,6YJ4_f,0.0
G_NOISE,6YKF_A,0.0
G_NOISE,6YL2_A,0.0
G_NOISE,6YO9_A,0.0
G_NOISE,6YRA_A,0.0
G_NOISE,6YRA_B,0.0
G_NOISE,6YSL_C,0.0
G_NOISE,6YUG_A,0.0
G026,6Z1A_B,1.0
G_NOISE,6Z6P_K,0.0
G_NOISE,6Z6P_M,0.0
G_NOISE,6Z8D_B,0.0
G_NOISE,6Z9Q_A,0.0
G_NOISE,6ZA3_B,0.0
G_NOISE,6ZG8_H,0.0
G_NOISE,6ZHE_C,0.0
G_NOISE,6ZJ2_B,0.0
G013,6ZMN_A,1.0
G045,6ZNP_A,0.26887453669208455
G_NOISE,6ZTJ_AJ,0.0
G044,6ZZ6_A,1.0
G_NOISE,6ZZ6_B,0.0
G_NOISE,7A23_Z,0.0
G_NOISE,7ABS_A,0.0
G_NOISE,7AE5_c,0.0
G_NOISE,7AEO_A,0.0
G_NOISE,7AGJ_A,0.0
G_NOISE,7AH9_1A,0.0
G_NOISE,7AH9_1F,0.0
G_NOISE,7AH9_1I,0.0
G_NOISE,7AH9_1L,0.0
G_NOISE,7AI6_B,0.0
G026,7AI7_A,0.802538327255504
G012,7AMV_K,1.0
G_NOISE,7AMV_W,0.0
G047,7AOE_B,0.8362509480555982
G_NOISE,7AOH_E,0.0
G_NOISE,7AOH_I,0.0
G044,7AOH_Y,1.0
G_NOISE,7APD_C,0.0
G_NOISE,7APD_G,0.0
G025,7AUD_A,0.25001853486576503
G_NOISE,7AW7_D,0.0
G016,7B0H_F,0.8602433128485554
G_NOISE,7B20_B,0.0
G_NOISE,7B24_B,0.0
G_NOISE,7B25_B,0.0
G014,7B49_A,1.0
G014,7B4D_A,1.0
G014,7B4G_A,1.0
G_NOISE,7B5Y_A,0.0
G_NOISE,7BHY_A,0.0
G_NOISE,7BJQ_A,0.0
G_NOISE,7BK8_A,0.0
G_NOISE,7BTQ_A,0.0
G_NOISE,7BTQ_E,0.0
G_NOISE,7BTX_C,0.0
G_NOISE,7BWD_L,0.0
G_NOISE,7C0G_A,0.0
G040,7C0M_K,1.0
G_NOISE,7C4P_A,0.0
G_NOISE,7C4P_B,0.0
G_NOISE,7C4R_A,0.0
G_NOISE,7C7L_A,0.0
G_NOISE,7C8Z_B,0.0
G_NOISE,7C99_A,0.0
G_NOISE,7C9A_A,0.0
G_NOISE,7CBY_C,0.0
G_NOISE,7CC9_A,0.0
G_NOISE,7CCD_A,0.0
G_NOISE,7CCJ_B,0.0
G008,7CCQ_C,0.7584682790844676
G040,7CCQ_K,1.0
G_NOISE,7CE1_K,0.0
G_NOISE,7CKQ_G,0.0
G051,7CQ4_A,0.8706880927647138
G_NOISE,7CR8_C,0.0
G_NOISE,7CRE_A,0.0
G_NOISE,7CS1_A,0.0
G_NOISE,7CSY_B,0.0
G_NOISE,7CY6_A,0.0
G_NOISE,7CZO_A,0.0
G048,7D2L_A,1.0
G048,7D3J_A,1.0
G_NOISE,7D3V_A,0.0
G_NOISE,7D58_A,0.0
G_NOISE,7D58_E,0.0
G_NOISE,7D7D_I,0.0
G_NOISE,7D8T_A,0.0
G_NOISE,7D98_P,0.0
G_NOISE,7DBW_A,0.0
G_NOISE,7DCJ_B,0.0
G017,7DCU_B,1.0
G027,7DKP_A,1.0
G_NOISE,7DN2_d,0.0
G_NOISE,7DTA_A,0.0
G_NOISE,7DV2_A,0.0
G_NOISE,7DVV_B,0.0
G018,7DWR_B,1.0
G_NOISE,7E1B_A,0.0
G_NOISE,7E2C_A,0.0
G_NOISE,7E4H_B,0.0
G_NOISE,7E80_CE,0.0
G009,7EA5_A,0.6022099687556269
G008,7EA5_C,0.9407037386838557
G_NOISE,7EA5_K,0.0
G009,7EA8_A,0.5439634125132596
G008,7EA8_C,0.9407037386838557
G_NOISE,7EA8_L,0.0
G_NOISE,7EDB_A,0.0
G014,7EDS_A,1.0
G_NOISE,7EEB_H,0.0
G_NOISE,7EF9_A,0.0
G_NOISE,7EGA_o,0.0
G_NOISE,7EGK_B,0.0
G_NOISE,7EJ6_A,0.0
G_NOISE,7EJE_A,0.0
G048,7EL1_A,1.0
G_NOISE,7EL3_A,0.0
G_NOISE,7ELN_A,0.0
G_NOISE,7ELN_B,0.0
G_NOISE,7EN4_A,0.0
G036,7EQG_G,1.0
G_NOISE,7EXT_B7,0.0
G014,7EZJ_k,1.0
G_NOISE,7F0R_C,0.0
G_NOISE,7F0R_D,0.0
G042,7F4Y_B,0.23597739390351102
G_NOISE,7F75_C,0.0
G_NOISE,7F75_G,0.0
G_NOISE,7F9F_B,0.0
G_NOISE,7FDE_G,0.0
G040,7FTN_A,1.0
G_NOISE,7JGS_D,0.0
G_NOISE,7JM4_A,0.0
G_NOISE,7JN3_A,0.0
G_NOISE,7JQQ_A,0.0
G_NOISE,7JRJ_H,0.0
G_NOISE,7JU3_B,0.0
G_NOISE,7JVT_D,0.0
G_NOISE,7JW1_B,0.0
G_NOISE,7JW1_E,0.0
G_NOISE,7JY8_A,0.0
G_NOISE,7K30_A,0.0
G_NOISE,7K31_A,0.0
G010,7K6P_F,0.9664045434670857
G009,7K6Q_A,1.0
G011,7K6Q_D,0.737774620065181
G_NOISE,7K6Q_K,0.0
G_NOISE,7K9Y_A,0.0
G_NOISE,7KC0_A,0.0
G023,7KHE_D,1.0
G_NOISE,7KHI_F,0.0
G_NOISE,7KIF_J,0.0
G_NOISE,7KII_A,0.0
G_NOISE,7KIN_M,0.0
G_NOISE,7KQN_A,0.0
G045,7KR4_A,1.0
G_NOISE,7KSP_A,0.0
G_NOISE,7KTK_A,0.0
G009,7KTQ_A,0.9224726961329862
G_NOISE,7KZ1_A,0.0
G_NOISE,7KZV_U,0.0
G_NOISE,7L1K_B,0.0
G045,7L34_A,1.0
G045,7L35_A,1.0
G_NOISE,7L49_A,0.0
G040,7L4C_A,0.7774269908564898
G040,7L4H_A,0.7774269908564898
G040,7L4K_A,0.7774269908564898
G040,7L4N_A,0.7774269908564898
G028,7L4X_B,0.999245244865152
G_NOISE,7LBW_A,0.0
G_NOISE,7LCC_A,0.0
G_NOISE,7LH9_B,0.0
G026,7LHZ_C,1.0
G_NOISE,7LIV_r,0.0
G_NOISE,7LO5_A,0.0
G_NOISE,7LSY_Y,0.0
G_NOISE,7LT5_B,0.0
G_NOISE,7LUF_B,0.0
G_NOISE,7LV8_A,0.0
G_NOISE,7LV8_B,0.0
G_NOISE,7LYT_A,0.0
G050,7M0D_B,1.0
G050,7M0E_A,1.0
G_NOISE,7M3R_L,0.0
G050,7M49_A,1.0
G_NOISE,7M7T_A,0.0
G_NOISE,7MCA_C,0.0
G_NOISE,7MG6_A,0.0
G_NOISE,7MI4_A,0.0
G_NOISE,7MI4_E,0.0
G017,7MK1_A,0.8700900673268984
G_NOISE,7MR3_D,0.0
G_NOISE,7MSN_A,0.0
G_NOISE,7MTL_A,0.0
G026,7MVS_B,1.0
G_NOISE,7MWM_A,0.0
G_NOISE,7MXW_Z,0.0
G_NOISE,7MXX_Z,0.0
G049,7MZ0_A,1.0
G_NOISE,7N3Y_A,0.0
G_NOISE,7N8S_A,0.0
G_NOISE,7NE6_A,0.0
G_NOISE,7NPF_C,0.0
G_NOISE,7NWH_ii,0.0
G_NOISE,7NX5_A,0.0
G_NOISE,7NYX_A,0.0
G_NOISE,7O0G_A,0.0
G044,7O0H_A,1.0
G_NOISE,7O3H_V,0.0
G_NOISE,7O4T_D,0.0
G_NOISE,7OA5_B,0.0
G_NOISE,7OAR_A,0.0
G_NOISE,7OB9_B,0.0
G_NOISE,7OB9_M,0.0
G_NOISE,7OBN_A,0.0
G_NOISE,7OCI_H,0.0
G048,7ODF_A,1.0
G_NOISE,7OIY_A,0.0
G016,7OM3_A,1.0
G_NOISE,7ON0_AAA,0.0
G_NOISE,7OOK_A,0.0
G_NOISE,7OUF_B,0.0
G_NOISE,7OVB_D,0.0
G043,7OX9_B,1.0
G_NOISE,7OXQ_B,0.0
G_NOISE,7P0W_A,0.0
G022,7P5X_AC,1.0
G_NOISE,7P8L_A,0.0
G_NOISE,7PA6_AAA,0.0
G_NOISE,7PBO_D,0.0
G_NOISE,7PBU_A,0.0
G_NOISE,7PDS_A,0.0
G_NOISE,7PEL_B,0.0
G_NOISE,7PLO_O,0.0
G_NOISE,7PSX_A,0.0
G_NOISE,7PZB_A,0.0
G_NOISE,7Q06_A,0.0
G_NOISE,7Q0N_A,0.0
G007,7Q3O_C,1.0
G_NOISE,7Q4N_K,0.0
G041,7Q8A_B,0.9704916923670991
G029,7QAZ_B,0.9499699534913656
G_NOISE,7QF6_B,0.0
G_NOISE,7QG9_A,0.0
G_NOISE,7QG9_G,0.0
G_NOISE,7QG9_L,0.0
G_NOISE,7QG9_V,0.0
G_NOISE,7QHM_I,0.0
G_NOISE,7QO1_B,0.0
G012,7QOF_B,1.0
G_NOISE,7QOF_a,0.0
G_NOISE,7QOG_C,0.0
G_NOISE,7QOI_FS,0.0
G_NOISE,7QOJ_D,0.0
G_NOISE,7QOJ_E,0.0
G_NOISE,7QOJ_I,0.0
G_NOISE,7QOK_A,0.0
G_NOISE,7QQD_B,0.0
G_NOISE,7QRU_F,0.0
G_NOISE,7QW6_A,0.0
G036,7R2K_L,1.0
G_NOISE,7R2K_S,0.0
G_NOISE,7R2K_Y,0.0
G_NOISE,7R3X_A,0.0
G_NOISE,7R3Y_A,0.0
G_NOISE,7R5S_L,0.0
G_NOISE,7R5S_N,0.0
G_NOISE,7R5S_W,0.0
G034,7R6T_C,0.9994379193884677
G034,7R6V_D,0.9994379193884677
G_NOISE,7R8H_A,0.0
G_NOISE,7R8I_A,0.0
G_NOISE,7RAY_A,0.0
G051,7RCC_A,1.0
G051,7RCD_A,1.0
G051,7RCE_A,1.0
G051,7RCF_A,1.0
G051,7RCG_A,1.0
G_NOISE,7RGO_A,0.0
G_NOISE,7RH2_B,0.0
G_NOISE,7RHZ_A,0.0
G_NOISE,7RL1_1,0.0
G_NOISE,7RPO_C,0.0
G_NOISE,7RPW_A,0.0
G_NOISE,7RPX_B,0.0
G_NOISE,7RPX_E,0.0
G_NOISE,7RRO_e,0.0
G016,7RSU_A,1.0
G_NOISE,7RT0_A,0.0
G_NOISE,7RTI_C,0.0
G_NOISE,7S01_A,0.0
G_NOISE,7S01_C,0.0
G_NOISE,7S01_D,0.0
G_NOISE,7S01_c,0.0
G012,7S01_d,1.0
G043,7S36_P,0.875517041287545
G_NOISE,7S9W_A,0.0
G046,7SBA_A,0.26241736880833855
G_NOISE,7SBA_H,0.0
G_NOISE,7SBA_I,0.0
G_NOISE,7SQK_C,0.0
G_NOISE,7SQK_E,0.0
G_NOISE,7SR6_A,0.0
G041,7SS5_A,1.0
G_NOISE,7SU3_A,0.0
G045,7SUM_A,1.0
G030,7SUV_B,1.0
G_NOISE,7SVU_X,0.0
G_NOISE,7T18_A,0.0
G_NOISE,7T21_A,0.0
G_NOISE,7T3L_A,0.0
G_NOISE,7T8K_A,0.0
G_NOISE,7TAW_J,0.0
G013,7TEA_B,1.0
G_NOISE,7TFH_B,0.0
G_NOISE,7TIB_F,0.0
G_NOISE,7TMR_H,0.0
G004,7TQB_H,1.0
G004,7TQB_L,1.0
G016,7TQW_A,1.0
G030,7TR7_A,1.0
G_NOISE,7TRA_A,0.0
G_NOISE,7TRA_D,0.0
G_NOISE,7TRA_Q,0.0
G_NOISE,7TXJ_A,0.0
G_NOISE,7TXJ_a,0.0
G_NOISE,7TZV_M,0.0
G_NOISE,7U02_M,0.0
G_NOISE,7U06_G,0.0
G_NOISE,7U1T_A,0.0
G_NOISE,7U5C_E,0.0
G033,7U5D_B,1.0
G_NOISE,7U5D_I,0.0
G_NOISE,7UBL_A,0.0
G_NOISE,7UBN_Q,0.0
G_NOISE,7UBU_A,0.0
G036,7UFI_1,1.0
G_NOISE,7UGW_B,0.0
G026,7UGW_C,0.8293633349046683
G_NOISE,7UIN_D,0.0
G_NOISE,7UNG_P,0.0
G040,7UUX_A,1.0
G_NOISE,7UWH_C,0.0
G_NOISE,7UXD_A,0.0
G_NOISE,7UY6_A,0.0
G_NOISE,7V59_B,0.0
G004,7V5N_E,1.0
G004,7V5N_F,1.0
G_NOISE,7V6W_B,0.0
G011,7V90_D,0.8521345777950261
G_NOISE,7V9G_D,0.0
G_NOISE,7V9I_A,0.0
G_NOISE,7V9U_A,0.0
G_NOISE,7VE5_A,0.0
G017,7VG8_A,0.8031991311058484
G_NOISE,7VJQ_A,0.0
G_NOISE,7VN3_A,0.0
G_NOISE,7VOV_A,0.0
G_NOISE,7VS4_A,0.0
G_NOISE,7VS4_B,0.0
G036,7VS4_C,0.9393990054921013
G048,7VW3_A,1.0
G_NOISE,7VWY_G,0.0
G_NOISE,7W1K_A,0.0
G_NOISE,7W1Y_5,0.0
G_NOISE,7W5X_K,0.0
G_NOISE,7W7T_A,0.0
G_NOISE,7WAY_A,0.0
G_NOISE,7WB3_A,0.0
G_NOISE,7WJU_A,0.0
G009,7WLR_A,0.4837849935309509
G010,7WLR_B,0.9826240231890018
G011,7WLR_D,0.37091798472248927
G008,7WLR_G,0.4175536394456504
G_NOISE,7WM3_A,0.0
G_NOISE,7WMP_a,0.0
G_NOISE,7WNH_D,0.0
G_NOISE,7WNR_B,0.0
G_NOISE,7WWV_B,0.0
G033,7WWV_C,0.929676476153809
G011,7X1N_C,0.3617032121060678
G_NOISE,7X5A_A,0.0
G_NOISE,7X5E_B,0.0
G_NOISE,7X5E_E,0.0
G_NOISE,7X5G_B,0.0
G_NOISE,7X7P_M,0.0
G_NOISE,7X7Q_A,0.0
G_NOISE,7XAQ_B,0.0
G008,7XCR_C,1.0
G_NOISE,7XCR_L,0.0
G011,7XCT_D,1.0
G010,7XCT_F,0.9664045434670857
G011,7XD0_D,1.0
G051,7XG0_A,0.6951641298322753
G036,7XG0_D,1.0
G_NOISE,7XG3_L,0.0
G_NOISE,7XHV_B,0.0
G_NOISE,7XI3_B,0.0
G_NOISE,7XJG_A,0.0
G051,7XJG_J,0.6531973103239633
G025,7XJP_B,0.2164320658065847
G_NOISE,7XLT_H,0.0
G_NOISE,7XLT_L,0.0
G_NOISE,7XML_C,0.0
G047,7XN7_B,1.0
G_NOISE,7XP3_A,0.0
G_NOISE,7XQ5_A,0.0
G_NOISE,7XQ5_B,0.0
G011,7XUZ_H,0.3617032121060678
G005,7XV6_A,1.0
G005,7XV8_A,1.0
G011,7XYF_D,0.9824128270620309
G_NOISE,7XZX_K,0.0
G_NOISE,7Y01_A,0.0
G_NOISE,7Y43_A,0.0
G_NOISE,7Y7R_A,0.0
G_NOISE,7Y8R_M,0.0
G_NOISE,7YE1_A,0.0
G_NOISE,7YEO_B,0.0
G_NOISE,7YMI_Z,0.0
G_NOISE,7YOJ_A,0.0
G_NOISE,7YQ3_F,0.0
G008,7YQK_C,0.47870921717793113
G009,7YRD_E,0.6022099687556269
G008,7YRD_G,0.46848987482542465
G_NOISE,7YRD_K,0.0
G_NOISE,7YZA_A,0.0
G_NOISE,7YZO_A,0.0
G_NOISE,7Z0S_C,0.0
G_NOISE,7Z0S_D,0.0
G_NOISE,7Z0S_G,0.0
G_NOISE,7Z0U_A,0.0
G_NOISE,7Z1O_A,0.0
G039,7Z1O_E,0.6395262915254366
G041,7Z3X_A,0.9704916923670991
G_NOISE,7Z4B_EA,0.0
G_NOISE,7Z4W_1,0.0
G_NOISE,7Z5I_A,0.0
G_NOISE,7Z5K_A,0.0
G_NOISE,7Z5Z_A,0.0
G_NOISE,7ZHJ_b,0.0
G_NOISE,8A0X_A,0.0
G017,8A0X_D,1.0
G_NOISE,8A1C_A,0.0
G_NOISE,8A3T_O,0.0
G012,8A3T_Q,1.0
G047,8A40_B,1.0
G_NOISE,8A5T_A,0.0
G_NOISE,8A93_A,0.0
G_NOISE,8AAN_A,0.0
G_NOISE,8AAS_B,0.0
G_NOISE,8AG6_A,0.0
G_NOISE,8AGE_C,0.0
G_NOISE,8AGE_E,0.0
G_NOISE,8AMU_F,0.0
G_NOISE,8APM_C,0.0
G_NOISE,8ASC_F,0.0
G_NOISE,8ASC_K,0.0
G_NOISE,8ATT_B,0.0
G_NOISE,8AXK_O,0.0
G_NOISE,8B1T_B,0.0
G019,8B4B_W,0.7062588661157818
G019,8B4D_C,0.7062588661157818
G_NOISE,8B6K_A,0.0
G_NOISE,8B76_B,0.0
G_NOISE,8B7E_B,0.0
G_NOISE,8BAR_A,0.0
G_NOISE,8BBG_C,0.0
G_NOISE,8BD5_E,0.0
G_NOISE,8BIP_A,0.0
G_NOISE,8BIP_B,0.0
G_NOISE,8BPX_N,0.0
G_NOISE,8BPX_n,0.0
G_NOISE,8BRI_C,0.0
G_NOISE,8BVW_3,0.0
G_NOISE,8BX1_E,0.0
G_NOISE,8BYX_B,0.0
G_NOISE,8BZM_B,0.0
G_NOISE,8BZM_E,0.0
G031,8C24_A,1.0
G_NOISE,8C56_A,0.0
G_NOISE,8C7S_A,0.0
G_NOISE,8C7U_D,0.0
G_NOISE,8C81_E,0.0
G011,8C84_B,0.3617032121060678
G039,8CDN_A,0.6395262915254366
G_NOISE,8CEO_5,0.0
G_NOISE,8CID_A,0.0
G_NOISE,8CRO_C,0.0
G_NOISE,8CSZ_D,0.0
G_NOISE,8CWW_P,0.0
G_NOISE,8D0B_A,0.0
G_NOISE,8D0B_B,0.0
G_NOISE,8D0K_B,0.0
G_NOISE,8D0K_D,0.0
G_NOISE,8D2L_A,0.0
G_NOISE,8D2M_A,0.0
G_NOISE,8D3M_A,0.0
G_NOISE,8D3M_E,0.0
G_NOISE,8D3M_I,0.0
G_NOISE,8D3P_B,0.0
G_NOISE,8D3P_E,0.0
G_NOISE,8D4A_A,0.0
G_NOISE,8DEJ_C,0.0
G_NOISE,8DEJ_J,0.0
G_NOISE,8DF8_A,0.0
G_NOISE,8DFS_M,0.0
G028,8DLF_A,0.8502743556112916
G_NOISE,8DQ1_C,0.0
G_NOISE,8DQW_E,0.0
G_NOISE,8DR0_C,0.0
G_NOISE,8DR0_D,0.0
G_NOISE,8DR1_C,0.0
G_NOISE,8DTP_A,0.0
G_NOISE,8DUE_B,0.0
G_NOISE,8DW0_A,0.0
G050,8DW8_A,0.48460557944891697
G_NOISE,8DWE_A,0.0
G_NOISE,8DWF_A,0.0
G_NOISE,8DWJ_A,0.0
G_NOISE,8DY7_H,0.0
G_NOISE,8DY9_B,0.0
G022,8DY9_C,1.0
G024,8DY9_D,1.0
G_NOISE,8DY9_I,0.0
G_NOISE,8DZJ_A,0.0
G_NOISE,8E2P_B,0.0
G_NOISE,8E2Q_B,0.0
G_NOISE,8E3S_A,0.0
G_NOISE,8E5D_A,0.0
G017,8E66_A,0.8139986447089433
G017,8E67_F,0.8139986447089433
G_NOISE,8E9A_A,0.0
G_NOISE,8EA4_O,0.0
G005,8EB5_A,1.0
G044,8EBT_A,1.0
G_NOISE,8EBT_B,0.0
G_NOISE,8EBT_H,0.0
G_NOISE,8EBT_K,0.0
G_NOISE,8EFV_B,0.0
G023,8EG8_J,1.0
G023,8EH8_J,1.0
G024,8EJ3_D,1.0
G_NOISE,8EKI_C,0.0
G_NOISE,8EKI_D,0.0
G_NOISE,8EMH_B,0.0
G_NOISE,8EPX_D,0.0
G_NOISE,8ER8_A,0.0
G_NOISE,8ESW_AL,0.0
G023,8F3C_J,1.0
G_NOISE,8F69_A,0.0
G_NOISE,8F6B_F,0.0
G028,8FCJ_A,1.0
G_NOISE,8FCJ_H,0.0
G_NOISE,8FCJ_I,0.0
G036,8FCV_P,1.0
G012,8FFI_A,1.0
G_NOISE,8FGW_A,0.0
G_NOISE,8FGW_C,0.0
G_NOISE,8FIJ_B,0.0
G_NOISE,8FIK_A,0.0
G041,8FLJ_B,1.0
G_NOISE,8FLJ_F,0.0
G_NOISE,8FLJ_G,0.0
G_NOISE,8FS2_B,0.0
G_NOISE,8FS3_C,0.0
G_NOISE,8FW5_H,0.0
G_NOISE,8FW5_I,0.0
G_NOISE,8FW7_D,0.0
G027,8FYB_C,1.0
G_NOISE,8FYC_A,0.0
G_NOISE,8FYC_C,0.0
G_NOISE,8FYC_K,0.0
G043,8FZT_E,0.39221005904855577
G_NOISE,8G0H_D,0.0
G_NOISE,8G0L_B,0.0
G_NOISE,8G0Z_A,0.0
G023,8G1S_J,1.0
G040,8G2Q_A,1.0
G023,8G2W_J,1.0
G_NOISE,8G6S_K,0.0
G023,8G7E_J,1.0
G_NOISE,8G9U_A,0.0
G_NOISE,8G9U_G,0.0
G_NOISE,8G9U_H,0.0
G_NOISE,8G9U_N,0.0
G_NOISE,8G9U_P,0.0
G_NOISE,8GAO_G,0.0
G_NOISE,8GCC_A,0.0
G_NOISE,8GH8_A,0.0
G040,8GIS_A,1.0
G_NOISE,8GLV_5H,0.0
G_NOISE,8GLV_DC,0.0
G_NOISE,8GLV_DO,0.0
G_NOISE,8GLV_Em,0.0
G_NOISE,8GLV_Ey,0.0
G_NOISE,8GLV_FO,0.0
G_NOISE,8GLV_HX,0.0
G_NOISE,8GLV_Hx,0.0
G_NOISE,8GLV_IT,0.0
G_NOISE,8GME_C,0.0
G_NOISE,8GMU_F,0.0
G009,8GRM_A,1.0
G008,8GRM_C,1.0
G011,8GRM_D,0.9934411271346814
G010,8GRM_F,1.0
G_NOISE,8GRM_P,0.0
G008,8GRQ_C,1.0
G022,8GZH_C,1.0
G_NOISE,8GZH_D,0.0
G_NOISE,8GZH_Z,0.0
G_NOISE,8H0L_A,0.0
G_NOISE,8H38_M,0.0
G_NOISE,8H3V_S,0.0
G022,8H40_A,0.8910955350972949
G_NOISE,8H40_B,0.0
G_NOISE,8H40_E,0.0
G003,8H9H_G,1.0
G017,8HCL_A,1.0
G_NOISE,8HCM_A,0.0
G_NOISE,8HD0_E,0.0
G_NOISE,8HFS_B,0.0
G032,8HG1_A,1.0
G_NOISE,8HHL_A,0.0
G036,8HI1_A,1.0
G_NOISE,8HKC_E,0.0
G010,8HQY_F,1.0
G009,8HR1_A,1.0
G010,8HR1_B,1.0
G008,8HR1_C,1.0
G011,8HR1_D,1.0
G_NOISE,8HR5_A,0.0
G024,8HVR_D,1.0
G_NOISE,8HVR_H,0.0
G_NOISE,8HYJ_E,0.0
G022,8I23_C,1.0
G023,8I23_D,0.39042451602357797
G_NOISE,8I24_F,0.0
G_NOISE,8I54_A,0.0
G_NOISE,8I8B_J,0.0
G_NOISE,8IA3_E,0.0
G_NOISE,8IAZ_A,0.0
G_NOISE,8IDB_D,0.0
G011,8IEJ_D,1.0
G_NOISE,8IF8_B,0.0
G_NOISE,8IHM_N,0.0
G_NOISE,8IJO_A,0.0
G_NOISE,8IJP_A,0.0
G_NOISE,8IK4_A,0.0
G_NOISE,8IK5_C,0.0
G_NOISE,8IKD_A,0.0
G_NOISE,8IKE_C,0.0
G_NOISE,8ILE_B,0.0
G_NOISE,8ILF_B,0.0
G_NOISE,8ILG_A,0.0
G_NOISE,8ILI_A,0.0
G_NOISE,8ILW_C,0.0
G_NOISE,8IMQ_A,0.0
G_NOISE,8IN8_C,0.0
G_NOISE,8IP0_B,0.0
G_NOISE,8IPP_B,0.0
G_NOISE,8IQI_C,0.0
G012,8ISZ_B,1.0
G_NOISE,8ITY_O,0.0
G_NOISE,8IUF_QB,0.0
G_NOISE,8IYJ_3,0.0
G_NOISE,8IYJ_A,0.0
G_NOISE,8IYJ_T3,0.0
G_NOISE,8IYK_E,0.0
G_NOISE,8J07_2R,0.0
G_NOISE,8J07_T,0.0
G_NOISE,8J0R_A,0.0
G_NOISE,8J12_A,0.0
G_NOISE,8J1J_A,0.0
G_NOISE,8J3R_A,0.0
G_NOISE,8J4X_I,0.0
G005,8J54_C,0.9501925026180874
G_NOISE,8J7S_B,0.0
G032,8J8G_A,1.0
G_NOISE,8J8G_B,0.0
G012,8J9G_B,1.0
G047,8JCH_B,0.9766543057563136
G_NOISE,8JFR_C,0.0
G_NOISE,8JFU_B,0.0
G048,8JG9_A,1.0
G008,8JHF_C,0.32181534846527793
G010,8JHG_F,0.554063475315726
G_NOISE,8JHG_G,0.0
G_NOISE,8JKK_D,0.0
G_NOISE,8JKL_C,0.0
G_NOISE,8JKN_C,0.0
G_NOISE,8JL0_A,0.0
G018,8JMJ_A,1.0
G_NOISE,8JO2_H,0.0
G_NOISE,8JPX_A,0.0
G_NOISE,8JQ0_D,0.0
G_NOISE,8JTJ_A,0.0
G_NOISE,8K21_A,0.0
G_NOISE,8K22_A,0.0
G_NOISE,8K22_B,0.0
G_NOISE,8K22_C,0.0
G_NOISE,8K22_D,0.0
G_NOISE,8K22_G,0.0
G_NOISE,8K23_B,0.0
G_NOISE,8K24_B,0.0
G_NOISE,8K24_D,0.0
G_NOISE,8K25_A,0.0
G_NOISE,8K25_e,0.0
G019,8K3D_A,0.7552211422604338
G_NOISE,8K4L_A,0.0
G022,8K58_C,1.0
G023,8K58_D,1.0
G_NOISE,8K59_F,0.0
G024,8K60_D,1.0
G001,8K8C_A,1.0
G032,8K8U_A,1.0
G029,8KA5_A,1.0
G_NOISE,8KBG_D,0.0
G028,8KFR_A,1.0
G028,8KFV_A,1.0
G_NOISE,8KGQ_A,0.0
G_NOISE,8KH1_A,0.0
G008,8OF4_C,0.32181534846527793
G_NOISE,8OK9_A,0.0
G024,8OKI_A,1.0
G_NOISE,8OKI_B,0.0
G009,8OL1_A,0.6245227176130003
G008,8OL1_C,0.4935572065644326
G011,8OL1_D,0.5794421634347401
G008,8OL1_G,0.3995796668363158
G040,8OL1_K,0.9037979570915674
G_NOISE,8OM1_d,0.0
G_NOISE,8OM1_e,0.0
G026,8OO7_A,1.0
G038,8OOY_A,0.1287505246031814
G_NOISE,8OSB_A,0.0
G_NOISE,8OSB_B,0.0
G_NOISE,8OSB_E,0.0
G_NOISE,8OTS_N,0.0
G008,8OTT_C,0.3874449542884054
G011,8OTT_D,1.0
G009,8OTT_E,1.0
G_NOISE,8OTT_M,0.0
G_NOISE,8OTT_N,0.0
G_NOISE,8OUC_CCC,0.0
G_NOISE,8OVW_L,0.0
G_NOISE,8OVW_Z,0.0
G_NOISE,8OW1_HH,0.0
G_NOISE,8OW1_II,0.0
G_NOISE,8OW1_KK,0.0
G_NOISE,8OW4_B,0.0
G034,8OY8_A,1.0
G032,8OZE_F,1.0
G047,8P0J_B,0.8362509480555982
G033,8P0J_H,1.0
G_NOISE,8P0J_I,0.0
G_NOISE,8P0U_A,0.0
G_NOISE,8P0X_O,0.0
G_NOISE,8P5Q_A,0.0
G_NOISE,8P65_J,0.0
G_NOISE,8PBZ_B,0.0
G023,8PDY_J,1.0
G_NOISE,8PID_P,0.0
G022,8PIL_I,1.0
G005,8PKI_K,0.9501925026180874
G_NOISE,8PM4_A,0.0
G007,8PMC_A,0.9946597721343085
G007,8PMF_A,0.9946597721343085
G007,8PMN_A,0.9946597721343085
G007,8PNA_A,0.9946597721343085
G_NOISE,8PPT_B,0.0
G_NOISE,8PS5_A,0.0
G_NOISE,8PUZ_A,0.0
G_NOISE,8PVV_A,0.0
G_NOISE,8PW0_A,0.0
G_NOISE,8Q1B_H,0.0
G_NOISE,8Q1B_J,0.0
G011,8Q3E_DDD,0.9934411271346814
G_NOISE,8Q3W_A,0.0
G_NOISE,8Q40_A,0.0
G_NOISE,8Q42_A,0.0
G_NOISE,8Q44_B,0.0
G_NOISE,8Q4D_C,0.0
G_NOISE,8Q4D_E,0.0
G011,8Q9N_B,0.3617032121060678
G_NOISE,8QA9_C,0.0
G051,8QBL_E,0.6531973103239633
G_NOISE,8QDX_C,0.0
G011,8QKT_DDD,0.9934411271346814
G008,8QKT_GGG,0.8399821465268366
G_NOISE,8QKU_Z,0.0
G012,8QLP_E,1.0
G026,8QMB_A,0.9564937505649167
G_NOISE,8QOX_A,0.0
G_NOISE,8QQI_A,0.0
G047,8QSZ_B,1.0
G039,8QSZ_E,0.6395262915254366
G_NOISE,8QU6_H,0.0
G_NOISE,8QUE_B,0.0
G_NOISE,8QUE_D,0.0
G025,8QUE_E,0.2164320658065847
G_NOISE,8QWF_A,0.0
G_NOISE,8QYV_C,0.0
G026,8QYV_V,1.0
G024,8R2M_D,1.0
G_NOISE,8R2M_J,0.0
G_NOISE,8R4Z_A,0.0
G_NOISE,8R7C_A,0.0
G_NOISE,8R7C_F,0.0
G_NOISE,8R7E_B,0.0
G007,8R7F_A,0.9946597721343085
G007,8R7F_E,0.9946597721343085
G_NOISE,8R7Y_A,0.0
G007,8R7Z_A,0.9946597721343085
G_NOISE,8RAW_B,0.0
G_NOISE,8RAZ_A,0.0
G_NOISE,8RB1_A,0.0
G_NOISE,8RB1_B,0.0
G036,8RC3_B,1.0
G036,8RC3_F,1.0
G051,8RC3_G,0.6951641298322753
G_NOISE,8RC4_h,0.0
G_NOISE,8RCO_A,0.0
G047,8RDJ_C,1.0
G_NOISE,8RDU_C,0.0
G_NOISE,8RDU_D,0.0
G022,8RE4_C,1.0
G023,8RE4_D,0.8624378711535412
G_NOISE,8RE4_M,0.0
G_NOISE,8REB_M,0.0
G_NOISE,8REC_M,0.0
G_NOISE,8RED_M,0.0
G_NOISE,8REE_M,0.0
G027,8RFJ_M,1.0
G_NOISE,8RGR_a,0.0
G005,8RM6_A,1.0
G_NOISE,8RPX_D,0.0
G_NOISE,8RQZ_C,0.0
G_NOISE,8RVP_6,0.0
G_NOISE,8RWV_C,0.0
G_NOISE,8RWV_D,0.0
G_NOISE,8RWV_E,0.0
G_NOISE,8RXD_B,0.0
G_NOISE,8RZV_A,0.0
G_NOISE,8S1P_L,0.0
G_NOISE,8S35_F,0.0
G_NOISE,8S35_G,0.0
G_NOISE,8S35_M,0.0
G_NOISE,8S37_B,0.0
G_NOISE,8S4T_A,0.0
G047,8S5A_A,0.8135316654646411
G_NOISE,8S70_D,0.0
G_NOISE,8S7G_C,0.0
G_NOISE,8S82_K,0.0
G_NOISE,8S82_L,0.0
G_NOISE,8S8P_K,0.0
G_NOISE,8S8P_L,0.0
G_NOISE,8S8P_R,0.0
G039,8S8Q_B,0.6076140584052535
G038,8SCG_A,1.0
G038,8SCO_A,0.9509079416670733
G_NOISE,8SFH_A,0.0
G_NOISE,8SFN_A,0.0
G_NOISE,8SH0_A,0.0
G008,8SMX_G,0.46848987482542465
G_NOISE,8SMY_L,0.0
G_NOISE,8SN4_M,0.0
G_NOISE,8SOK_D,0.0
G012,8SP0_A,1.0
G_NOISE,8SP1_F,0.0
G043,8SRS_A,0.875517041287545
G_NOISE,8SSQ_A,0.0
G003,8SSS_D,0.9312962259135829
G003,8SST_D,0.9312962259135829
G_NOISE,8SUK_D,0.0
G_NOISE,8SVD_E,0.0
G023,8SZW_J,1.0
G_NOISE,8T00_J,0.0
G022,8T0L_I,1.0
G023,8T0L_J,0.5057773208720777
G016,8T3X_A,1.0
G_NOISE,8T9X_A,0.0
G_NOISE,8TAC_A,0.0
G028,8TCI_A,1.0
G_NOISE,8TEW_K,0.0
G014,8TFD_A,0.9063987371979044
G_NOISE,8TJE_A,0.0
G015,8TKM_A,1.0
G_NOISE,8TO0_8,0.0
G_NOISE,8TP8_D,0.0
G030,8TQS_H,0.39723323190656623
G044,8TRO_b,1.0
G_NOISE,8TVC_A,0.0
G_NOISE,8TVR_G,0.0
G047,8TVY_B,1.0
G_NOISE,8TWB_1,0.0
G_NOISE,8TWB_2,0.0
G_NOISE,8TWB_3,0.0
G043,8TZZ_A,0.875517041287545
G050,8U0O_A,0.8997590099931896
G050,8U0P_A,0.8997590099931896
G_NOISE,8U0U_A,0.0
G008,8U13_G,0.46848987482542465
G_NOISE,8U3K_A,0.0
G043,8U3Y_A,0.875517041287545
G_NOISE,8U8L_B,0.0
G015,8U9L_A,1.0
G009,8UBI_A,1.0
G008,8UBI_C,1.0
G011,8UBI_D,0.9934411271346814
G_NOISE,8UC3_C,0.0
G_NOISE,8UH7_C,0.0
G_NOISE,8UK9_C,0.0
G_NOISE,8UK9_F,0.0
G048,8UMF_A,1.0
G036,8UMV_B,0.957610363221733
G_NOISE,8UMV_C,0.0
G_NOISE,8UMV_D,0.0
G_NOISE,8UMV_E,0.0
G_NOISE,8UNF_A,0.0
G_NOISE,8UNF_B,0.0
G008,8UPF_G,0.46848987482542465
G022,8URW_C,0.8650148932131986
G_NOISE,8URW_D,0.0
G_NOISE,8URW_Z,0.0
G_NOISE,8URY_AB,0.0
G_NOISE,8USP_A,0.0
G_NOISE,8UUC_A,0.0
G_NOISE,8UVK_B,0.0
G_NOISE,8UVX_A,0.0
G_NOISE,8UW3_A,0.0
G_NOISE,8UX1_L,0.0
G_NOISE,8V1Q_A,0.0
G045,8V1U_A,1.0
G045,8V1V_A,1.0
G_NOISE,8V32_J,0.0
G_NOISE,8V6H_A,0.0
G_NOISE,8V6I_D,0.0
G_NOISE,8V9K_z,0.0
G_NOISE,8VAL_E,0.0
G_NOISE,8VAQ_C,0.0
G_NOISE,8VAQ_F,0.0
G_NOISE,8VCD_A,0.0
G_NOISE,8VCJ_B,0.0
G_NOISE,8VCJ_X,0.0
G_NOISE,8VG2_G,0.0
G010,8VLR_B,1.0
G011,8VLR_D,0.6849810634241665
G008,8VMJ_K,1.0
G011,8VMJ_S,0.9824128270620309
G_NOISE,8VMS_A,0.0
G011,8VO0_M,0.5045581003150315
G011,8VO0_S,0.5045581003150315
G_NOISE,8VWI_N,0.0
G_NOISE,8VXY_B,0.0
G045,8VZL_A,1.0
G033,8W1P_A,1.0
G_NOISE,8W2Q_A,0.0
G033,8W2Q_C,1.0
G_NOISE,8W34_A,0.0
G_NOISE,8W8D_d,0.0
G_NOISE,8WA0_C,0.0
G047,8WA1_B,1.0
G_NOISE,8WAK_p,0.0
G_NOISE,8WD8_A,0.0
G_NOISE,8WFD_E,0.0
G008,8WG5_C,0.7679852613798522
G018,8WIK_A,1.0
G_NOISE,8WK3_o,0.0
G_NOISE,8WOH_B,0.0
G032,8WPE_A,1.0
G_NOISE,8WPK_B,0.0
G_NOISE,8WR4_B,0.0
G043,8WRU_A,0.37241970018014514
G_NOISE,8WS5_A,0.0
G_NOISE,8WT9_A,0.0
G046,8WUS_E,0.26438796421741234
G043,8WUV_A,1.0
G_NOISE,8WW7_E,0.0
G_NOISE,8X15_S,0.0
G_NOISE,8X15_T,0.0
G_NOISE,8X5V_A,0.0
G022,8X6G_C,0.9807149312452732
G023,8X6G_D,0.4151991886931102
G_NOISE,8X6G_H,0.0
G009,8X7I_A,1.0
G008,8X7I_C,0.7679852613798522
G008,8X7J_C,1.0
G008,8X7K_C,0.9407037386838557
G010,8X7K_F,1.0
G008,8X7K_G,1.0
G_NOISE,8XA7_H,0.0
G_NOISE,8XAK_A,0.0
G_NOISE,8XAW_B,0.0
G_NOISE,8XHV_A,0.0
G032,8XIH_B,1.0
G025,8XJ8_A,0.2164320658065847
G_NOISE,8XJV_Ab,0.0
G_NOISE,8XJV_Aq,0.0
G_NOISE,8XJV_L,0.0
G_NOISE,8XJV_w,0.0
G_NOISE,8XK9_D,0.0
G047,8XMC_B,0.8362509480555982
G_NOISE,8XMC_E,0.0
G_NOISE,8XPM_W1,0.0
G_NOISE,8XRF_B,0.0
G046,8XWC_A,0.33958764772247024
G_NOISE,8XX4_A,0.0
G047,8XX4_B,1.0
G_NOISE,8XX4_D,0.0
G_NOISE,8XX5_G,0.0
G_NOISE,8Y0A_A,0.0
G_NOISE,8Y0B_A,0.0
G_NOISE,8Y3Z_A,0.0
G_NOISE,8Y80_E,0.0
G043,8Y9M_A,0.3302413218483094
G039,8YEY_A,0.6087541280297838
G_NOISE,8YI8_C,0.0
G_NOISE,8YIX_g,0.0
G_NOISE,8YJZ_D,0.0
G_NOISE,8YJZ_H,0.0
G_NOISE,8YKF_E,0.0
G_NOISE,8YLG_A,0.0
G_NOISE,8YLI_B,0.0
G_NOISE,8YMZ_E,0.0
G_NOISE,8YON_C,0.0
G047,8YQZ_B,1.0
G_NOISE,8YV7_A,0.0
G_NOISE,8YV8_K,0.0
G_NOISE,8YWH_A,0.0
G039,8YXW_A,0.6087541280297838
G014,8YZT_C,0.9977832821453781
G033,8Z0K_A,1.0
G_NOISE,8Z0K_E,0.0
G034,8Z2N_CA00,0.9835486566335491
G027,8Z2O_A,1.0
G027,8Z79_A,1.0
G032,8Z92_B,1.0
G_NOISE,8Z96_B,0.0
G014,8ZBF_A,0.9063987371979044
G048,8ZDA_A,1.0
G037,8ZIC_A,0.9703817474785196
G_NOISE,8ZIT_M,0.0
G_NOISE,8ZL2_A,0.0
G_NOISE,8ZNJ_A,0.0
G_NOISE,8ZNJ_B,0.0
G036,8ZP9_H,0.9393990054921013
G_NOISE,8ZPO_A,0.0
G048,8ZQC_A,1.0
G043,8ZQH_A,0.37241970018014514
G_NOISE,8ZW9_C,0.0
G007,9ANT_A,1.0
G_NOISE,9AR6_A,0.0
G_NOISE,9B2S_E,0.0
G034,9B2T_K,0.9994379193884677
G_NOISE,9B7Y_A,0.0
G_NOISE,9B8R_E,0.0
G_NOISE,9B8T_B,0.0
G_NOISE,9BC5_F,0.0
G024,9BCU_A,1.0
G_NOISE,9BCU_G,0.0
G_NOISE,9BDD_A,0.0
G015,9BDW_A,1.0
G009,9BE6_A,0.9224726961329862
G008,9BE6_C,0.9407037386838557
G011,9BE6_D,0.9763657119939919
G010,9BE6_F,1.0
G_NOISE,9BF5_C,0.0
G041,9BGJ_A,1.0
G_NOISE,9BGK_E,0.0
G_NOISE,9BS2_A,0.0
G045,9BS3_A,1.0
G045,9BS4_A,1.0
G_NOISE,9BVD_C,0.0
G_NOISE,9BYR_B,0.0
G_NOISE,9BZ0_E,0.0
G027,9BZ0_f,1.0
G_NOISE,9C0I_A,0.0
G_NOISE,9C3U_B,0.0
G_NOISE,9C4D_C,0.0
G_NOISE,9C4K_B,0.0
G_NOISE,9C4K_P,0.0
G_NOISE,9C5G_B,0.0
G_NOISE,9C5Q_A,0.0
G_NOISE,9C9W_A,0.0
G_NOISE,9C9Y_A,0.0
G004,9CB5_D,1.0
G004,9CB5_H,1.0
G_NOISE,9CG4_E,0.0
G_NOISE,9CHN_A,0.0
G_NOISE,9CJI_A,0.0
G_NOISE,9CK2_F,0.0
G047,9CL7_E,0.8135316654646411
G047,9CMA_A,0.8135316654646411
G036,9CP2_A,1.0
G_NOISE,9CVT_B,0.0
G_NOISE,9CYY_0,0.0
G009,9D3K_A,0.8149158360794281
G010,9D3K_B,1.0
G008,9D3K_C,0.803792174259836
G011,9D3K_D,0.9812671768660576
G011,9D3K_H,0.8511756724898842
G008,9D3L_C,0.803792174259836
G009,9D3L_E,1.0
G011,9D3M_D,1.0
G009,9D3N_A,0.5629761021091877
G008,9D3N_C,0.3874449542884054
G011,9D3N_D,0.8511756724898842
G008,9D3N_G,0.3683666351816024
G008,9D3O_C,0.7783940426710726
G011,9D3O_D,0.9934411271346814
G009,9D3P_A,1.0
G008,9D3P_C,1.0
G011,9D3P_D,0.909675496404988
G010,9D3Q_B,1.0
G008,9D3Q_C,0.3874449542884054
G011,9D3Q_D,1.0
G009,9D3Q_E,1.0
G009,9D3R_A,1.0
G008,9D3R_C,0.9811347914337364
G011,9D3R_D,0.9934411271346814
G008,9D3S_C,0.9811347914337364
G011,9D3S_D,1.0
G010,9D3T_B,1.0
G008,9D3T_C,0.803792174259836
G009,9D3T_E,0.5629761021091877
G011,9D3T_H,0.8511756724898842
G021,9D4S_A,0.308663568339877
G_NOISE,9D5L_A,0.0
G_NOISE,9D6N_B,0.0
G_NOISE,9DBH_A,0.0
G_NOISE,9DIH_B,0.0
G_NOISE,9DLS_C,0.0
G025,9DM9_A,1.0
G030,9DP2_A,1.0
G030,9DP3_A,1.0
G030,9DP4_A,1.0
G_NOISE,9DQN_B,0.0
G_NOISE,9E2W_Y,0.0
G_NOISE,9E5C_1r,0.0
G042,9E5Y_A,0.10063383826031325
G_NOISE,9E6N_A,0.0
G022,9E88_C,1.0
G024,9E88_D,1.0
G_NOISE,9E8Z_C,0.0
G_NOISE,9E8Z_H,0.0
G_NOISE,9E99_B,0.0
G042,9EA3_A,0.10063383826031325
G010,9EAR_B,0.9615059712850789
G_NOISE,9ECO_A,0.0
G009,9ECP_A,1.0
G010,9ECP_B,1.0
G008,9ECP_C,1.0
G011,9ECP_D,1.0
G_NOISE,9EFF_B,0.0
G_NOISE,9EFW_A,0.0
G047,9EH1_B,1.0
G_NOISE,9EH1_E,0.0
G_NOISE,9EH1_U,0.0
G_NOISE,9EL5_A,0.0
G016,9EMI_A,1.0
G047,9EOA_A,0.8135316654646411
G_NOISE,9EOA_G,0.0
G_NOISE,9ERK_B,0.0
G050,9EWB_A,1.0
G050,9EWC_C,1.0
G050,9EWD_A,1.0
G050,9EWG_A,1.0
G_NOISE,9EWZ_C,0.0
G032,9EZ5_A,1.0
G032,9EZ7_A,1.0
G032,9EZD_A,1.0
G_NOISE,9EZY_A,0.0
G_NOISE,9EZY_B,0.0
G_NOISE,9EZZ_A,0.0
G_NOISE,9F09_A,0.0
G010,9F0O_B,1.0
G008,9F0O_C,0.9444715666121524
G011,9F0O_D,0.9824128270620309
G009,9F0O_E,0.7656669813989138
G_NOISE,9F10_F,0.0
G032,9F38_A,1.0
G_NOISE,9F3T_A,0.0
G_NOISE,9F5Y_T,0.0
G_NOISE,9F5Y_V,0.0
G_NOISE,9F5Y_W,0.0
G042,9F6L_A,0.08418833607247116
G_NOISE,9F7D_A,0.0
G_NOISE,9F7G_A,0.0
G031,9F7L_O,0.9935770368966952
G_NOISE,9FDK_C,0.0
G_NOISE,9FNE_X,0.0
G_NOISE,9FNE_Y,0.0
G026,9FOY_A,1.0
G_NOISE,9FSO_Z,0.0
G_NOISE,9FWY_A,0.0
G047,9FYX_B,1.0
G_NOISE,9G19_A,0.0
G_NOISE,9G44_A,0.0
G033,9G44_F,0.9361290959387353
G_NOISE,9G7F_C,0.0
G023,9GA4_B,0.39382056633847945
G_NOISE,9GBV_A,0.0
G_NOISE,9GBV_B,0.0
G_NOISE,9GC3_C,0.0
G047,9GDA_F,0.8199619047871727
G022,9GDR_C,1.0
G_NOISE,9GDS_H,0.0
G026,9GE5_B,1.0
G_NOISE,9GE5_G,0.0
G_NOISE,9GE5_I,0.0
G009,9GE5_Q,0.6610194416752481
G011,9GE5_T,1.0
G026,9GEF_A,0.9564937505649167
G_NOISE,9GER_L,0.0
G026,9GEV_B,1.0
G009,9GFM_M,0.5629761021091877
G011,9GFM_P,0.9934411271346814
G009,9GFM_Q,0.43681189158276706
G008,9GFM_S,1.0
G011,9GFM_T,1.0
G037,9GM2_C,0.9900809496769769
G_NOISE,9GM9_C,0.0
G_NOISE,9GMA_B,0.0
G_NOISE,9GO6_1,0.0
G_NOISE,9GPJ_A,0.0
G_NOISE,9GS9_A,0.0
G033,9GS9_C,1.0
G_NOISE,9GSX_W,0.0
G_NOISE,9GUJ_F,0.0
G_NOISE,9GUR_4,0.0
G_NOISE,9GXH_A,0.0
G_NOISE,9GY0_G,0.0
G_NOISE,9GY4_F,0.0
G_NOISE,9H1H_C,0.0
G_NOISE,9H1V_A,0.0
G_NOISE,9H1V_B,0.0
G_NOISE,9H2H_B,0.0
G_NOISE,9H72_L,0.0
G_NOISE,9H7Y_B,0.0
G_NOISE,9H8W_A,0.0
G_NOISE,9HCF_M,0.0
G047,9HGI_A,0.8135316654646411
G047,9HGJ_A,0.8135316654646411
G_NOISE,9HJO_B,0.0
G_NOISE,9HJU_B,0.0
G_NOISE,9HP9_A,0.0
G_NOISE,9HP9_O,0.0
G_NOISE,9HQX_B,0.0
G_NOISE,9HQX_d,0.0
G_NOISE,9HR5_C,0.0
G_NOISE,9HU3_A,0.0
G_NOISE,9HXG_A,0.0
G_NOISE,9HXI_A,0.0
G_NOISE,9I04_A,0.0
G_NOISE,9I04_B,0.0
G044,9I16_A,1.0
G044,9I16_D,1.0
G044,9I22_A,1.0
G_NOISE,9I2F_A,0.0
G_NOISE,9I5I_B,0.0
G_NOISE,9IAD_A,0.0
G_NOISE,9IBQ_A,0.0
G010,9IGX_B,0.9826240231890018
G008,9IGX_C,0.9574948276878071
G_NOISE,9IGX_K,0.0
G_NOISE,9IGX_L,0.0
G_NOISE,9II8_A,0.0
G_NOISE,9ILL_A,0.0
G_NOISE,9ILZ_A,0.0
G_NOISE,9IMH_A,0.0
G_NOISE,9IMR_A,0.0
G_NOISE,9IMV_A,0.0
G_NOISE,9IRF_A,0.0
G_NOISE,9IS6_H,0.0
G022,9ISN_C,1.0
G_NOISE,9ITJ_X,0.0
G_NOISE,9IU2_A,0.0
G_NOISE,9IX4_A,0.0
G044,9IXM_B,1.0
G_NOISE,9IZQ_A,0.0
G_NOISE,9J13_A,0.0
G_NOISE,9J1M_0,0.0
G_NOISE,9J89_D,0.0
G_NOISE,9J8G_A,0.0
G_NOISE,9J8M_K,0.0
G_NOISE,9JFP_A,0.0
G032,9JH7_A,1.0
G032,9JHL_A,1.0
G025,9JNK_C,0.22712148476026084
G002,9JO8_A,0.12075370070478966
G_NOISE,9JO8_D,0.0
G_NOISE,9JPJ_K,0.0
G034,9JSZ_A,1.0
G_NOISE,9JT2_B,0.0
G_NOISE,9JXS_D,0.0
G_NOISE,9JXS_E,0.0
G_NOISE,9JYZ_P,0.0
G_NOISE,9JYZ_U,0.0
G_NOISE,9JZT_A,0.0
G_NOISE,9K11_E,0.0
G_NOISE,9K32_A,0.0
G047,9K39_B,1.0
G033,9K3N_B,1.0
G_NOISE,9K3U_P,0.0
G_NOISE,9K6I_A,0.0
G032,9K9S_A,1.0
G_NOISE,9K9S_B,0.0
G_NOISE,9K9T_C,0.0
G_NOISE,9KCQ_A,0.0
G022,9KDQ_A,0.8198339062813639
G026,9KGT_A,1.0
G_NOISE,9KH2_A,0.0
G_NOISE,9KHY_a,0.0
G_NOISE,9KHZ_A,0.0
G_NOISE,9KI1_A,0.0
G_NOISE,9KI1_G,0.0
G_NOISE,9KI1_O,0.0
G_NOISE,9KI1_a,0.0
G043,9KJ6_A,1.0
G051,9KK2_A,0.6531973103239633
G046,9KL8_A,0.3425583601359428
G_NOISE,9KLO_A,0.0
G_NOISE,9KNU_M,0.0
G_NOISE,9KQH_A,0.0
G_NOISE,9KY4_D,0.0
G010,9L06_B,0.9664045434670857
G_NOISE,9L0D_B,0.0
G022,9L0X_C,1.0
G_NOISE,9L0X_J,0.0
G043,9L12_E,0.3302413218483094
G008,9L1X_C,0.46848987482542465
G027,9L55_B,1.0
G_NOISE,9L76_A,0.0
G034,9L87_B,1.0
G_NOISE,9L8C_B,0.0
G_NOISE,9L8D_A,0.0
G_NOISE,9L8E_A,0.0
G032,9L8U_A,1.0
G_NOISE,9L9S_B,0.0
G_NOISE,9LC2_B,0.0
G_NOISE,9LCW_B,0.0
G_NOISE,9LCX_A,0.0
G_NOISE,9LCZ_A,0.0
G_NOISE,9LD1_A,0.0
G_NOISE,9LDA_A,0.0
G_NOISE,9LDF_A,0.0
G032,9LEB_A,1.0
G_NOISE,9LIQ_A,0.0
G009,9LJ2_A,0.9224726961329862
G008,9LJ2_C,1.0
G_NOISE,9LJ8_A,0.0
G_NOISE,9LJE_A,0.0
G039,9LK0_A,0.799597415404304
G_NOISE,9LLQ_B,0.0
G_NOISE,9LM3_A,0.0
G_NOISE,9LMN_B,0.0
G028,9LNJ_A,0.8774407602091541
G029,9LNP_E,1.0
G029,9LNQ_E,1.0
G_NOISE,9LP9_A,0.0
G_NOISE,9LTM_A,0.0
G_NOISE,9LYV_A,0.0
G_NOISE,9M0K_A,0.0
G_NOISE,9M74_A,0.0
G_NOISE,9M7T_A,0.0
G_NOISE,9M7Y_F,0.0
G022,9M98_C,1.0
G024,9M98_D,1.0
G_NOISE,9M98_M,0.0
G024,9M9D_D,1.0
G_NOISE,9M9D_M,0.0
G_NOISE,9MJ5_C,0.0
G_NOISE,9MJ5_S,0.0
G_NOISE,9MK3_E,0.0
G_NOISE,9MKB_0,0.0
G_NOISE,9MKB_A0,0.0
G_NOISE,9MKB_A6,0.0
G_NOISE,9MKB_AB,0.0
G_NOISE,9MKB_AC,0.0
G_NOISE,9MKX_A,0.0
G_NOISE,9MMI_B,0.0
G_NOISE,9MOG_UL,0.0
G_NOISE,9MOG_WI,0.0
G_NOISE,9MOG_YC,0.0
G_NOISE,9MOG_iC,0.0
G_NOISE,9MOG_k3,0.0
G_NOISE,9MOG_m1,0.0
G_NOISE,9MOG_o0,0.0
G_NOISE,9MRD_A,0.0
G_NOISE,9MRX_A,0.0
G_NOISE,9MRX_D,0.0
G_NOISE,9MSF_A,0.0
G_NOISE,9MSG_M,0.0
G023,9MSJ_J,0.9959596233765069
G_NOISE,9MU2_P,0.0
G009,9MU4_a,1.0
G008,9MU4_c,0.9811347914337364
G011,9MU4_d,0.9588766812674988
G_NOISE,9MU5_a,0.0
G_NOISE,9MU5_b,0.0
G_NOISE,9MU5_g,0.0
G_NOISE,9MU8_A,0.0
G047,9MU8_B,1.0
G_NOISE,9MU8_E,0.0
G_NOISE,9MVY_D,0.0
G016,9MYE_A,1.0
G022,9N07_A,0.638236449207281
G023,9N07_J,0.9409624629688446
G051,9N3Y_A,0.6951641298322753
G_NOISE,9N3Z_B,0.0
G036,9N3Z_D,1.0
G027,9N3Z_H,1.0
G_NOISE,9N6B_A,0.0
G_NOISE,9N6C_E,0.0
G009,9N6H_A,1.0
G010,9N6H_B,0.9664045434670857
G011,9N6H_D,1.0
G_NOISE,9N6H_K,0.0
G009,9N6I_A,0.8077733043097681
G_NOISE,9N83_F,0.0
G_NOISE,9N9Q_A,0.0
G_NOISE,9N9Q_C,0.0
G022,9N9Q_F,0.9759573420582187
G023,9N9Q_G,0.4786986768135684
G042,9NE6_A,0.08418833607247116
G042,9NE9_A,0.08418833607247116
G_NOISE,9NFX_C,0.0
G020,9NKD_A,0.8604381213199975
G020,9NKE_A,0.8604381213199975
G_NOISE,9NL2_A,0.0
G_NOISE,9NL3_A,0.0
G_NOISE,9NN2_A,0.0
G_NOISE,9NNB_C,0.0
G051,9NNH_A,0.6531973103239633
G_NOISE,9NNH_C,0.0
G_NOISE,9NO1_D,0.0
G_NOISE,9NTA_BO,0.0
G026,9NUX_A,0.9290430312185856
G_NOISE,9NVU_P,0.0
G_NOISE,9NY8_A,0.0
G045,9NYS_A,1.0
G046,9NZ9_A,0.8447817759240774
G_NOISE,9NZC_A,0.0
G_NOISE,9NZD_A,0.0
G_NOISE,9NZT_A,0.0
G_NOISE,9O01_A,0.0
G_NOISE,9O02_A,0.0
G_NOISE,9O0G_B,0.0
G_NOISE,9O0G_C,0.0
G_NOISE,9O17_AM,0.0
G_NOISE,9O8P_A,0.0
G_NOISE,9OAC_Ac,0.0
G_NOISE,9OAC_Bc,0.0
G_NOISE,9OAC_Ca,0.0
G_NOISE,9OAD_Da,0.0
G_NOISE,9OAE_Da,0.0
G016,9OAT_A,1.0
G016,9OAU_A,1.0
G016,9OAV_A,1.0
G016,9OAW_A,1.0
G016,9OAX_A,1.0
G016,9OAY_A,1.0
G_NOISE,9OKD_N,0.0
G_NOISE,9OM4_B,0.0
G_NOISE,9OW7_B,0.0
G_NOISE,9OYJ_A,0.0
G_NOISE,9OYJ_E,0.0
G_NOISE,9OYL_C,0.0
G_NOISE,9P1D_A,0.0
G041,9P1D_E,1.0
G_NOISE,9P4J_E,0.0
G046,9P8T_A,0.26754012984419806
G046,9P8U_A,0.26754012984419806
G_NOISE,9PCP_B,0.0
G_NOISE,9PFQ_D,0.0
G_NOISE,9PFQ_Q,0.0
G022,9PFV_C,0.7009924427467898
G_NOISE,9PI4_A,0.0
G_NOISE,9PI5_A,0.0
G_NOISE,9PRO_z,0.0
G_NOISE,9PW1_A,0.0
G_NOISE,9PXG_B,0.0
G_NOISE,9PYM_A,0.0
G051,9PZ7_A,1.0
G051,9PZH_A,1.0
G051,9Q0H_A,1.0
G_NOISE,9Q28_D,0.0
G051,9Q7V_A,1.0
G051,9Q7W_A,1.0
G051,9Q7Z_A,1.0
G_NOISE,9Q80_K,0.0
G_NOISE,9Q90_2,0.0
G_NOISE,9Q93_2,0.0
G_NOISE,9QCC_Q,0.0
G_NOISE,9QCC_V,0.0
G_NOISE,9QHS_A,0.0
G_NOISE,9QKY_A,0.0
G_NOISE,9QLH_A,0.0
G_NOISE,9QN8_G,0.0
G_NOISE,9QTQ_J,0.0
G_NOISE,9QUJ_A,0.0
G008,9QV5_A,0.34353482382314404
G008,9QV6_A,0.34353482382314404
G_NOISE,9QXR_E,0.0
G_NOISE,9QXU_E,0.0
G031,9R35_B,1.0
G_NOISE,9R96_B,0.0
G_NOISE,9RAH_A,0.0
G_NOISE,9RD0_B,0.0
G033,9RD5_H,1.0
G_NOISE,9RJS_A,0.0
G_NOISE,9RJS_C,0.0
G_NOISE,9RL6_A,0.0
G_NOISE,9RLT_4,0.0
G_NOISE,9RLT_5,0.0
G030,9RQS_A,1.0
G_NOISE,9RTD_B,0.0
G_NOISE,9RTJ_B,0.0
G_NOISE,9RVU_HS,0.0
G_NOISE,9RY7_A,0.0
G_NOISE,9RZE_Y,0.0
G046,9S19_B,0.29310460788657006
G_NOISE,9S28_A,0.0
G_NOISE,9S4Q_Mt,0.0
G_NOISE,9S4Q_Nn,0.0
G_NOISE,9S5N_Ns,0.0
G_NOISE,9S5U_A,0.0
G_NOISE,9S5U_D,0.0
G_NOISE,9S5U_F,0.0
G_NOISE,9S99_B,0.0
G_NOISE,9S9B_A,0.0
G_NOISE,9SIT_A,0.0
G_NOISE,9SW0_B,0.0
G_NOISE,9SW0_D,0.0
G_NOISE,9T4V_K,0.0
G_NOISE,9T56_A,0.0
G_NOISE,9T6T_A,0.0
G_NOISE,9TAW_X,0.0
G_NOISE,9TAX_N,0.0
G_NOISE,9TEQ_A,0.0
G_NOISE,9TGN_A,0.0
G_NOISE,9TGN_B,0.0
G_NOISE,9TGW_A,0.0
G_NOISE,9TGW_B,0.0
G_NOISE,9TOY_B,0.0
G_NOISE,9TQ4_A,0.0
G_NOISE,9TVU_h,0.0
G_NOISE,9TZ9_j,0.0
G007,9U18_F,1.0
G007,9U19_F,1.0
G_NOISE,9U4R_BA,0.0
G_NOISE,9U4R_CA,0.0
G_NOISE,9U6F_H,0.0
G048,9UA2_A,1.0
G_NOISE,9UB7_A,0.0
G_NOISE,9UB7_B,0.0
G_NOISE,9UB7_E,0.0
G_NOISE,9UER_A,0.0
G017,9UMC_A,1.0
G017,9UMF_B,1.0
G044,9UP1_B,1.0
G_NOISE,9URH_A,0.0
G_NOISE,9UX7_A,0.0
G_NOISE,9UX7_C,0.0
G_NOISE,9UXH_D,0.0
G_NOISE,9UXH_F,0.0
G_NOISE,9UZO_E,0.0
G_NOISE,9UZO_J,0.0
G_NOISE,9V2V_G,0.0
G008,9V2V_O,0.8387384241249268
G011,9V2V_P,0.8103611376798745
G010,9V2V_R,1.0
G_NOISE,9V36_A,0.0
G047,9V7S_A,0.8135316654646411
G047,9V8A_A,0.8135316654646411
G037,9VBH_A,1.0
G_NOISE,9VBK_A,0.0
G_NOISE,9VJ9_B,0.0
G_NOISE,9VJA_S,0.0
G_NOISE,9VMA_A,0.0
G_NOISE,9VNQ_A,0.0
G_NOISE,9VRT_N,0.0
G033,9VTP_D,0.972891389961525
G_NOISE,9VTQ_G,0.0
G_NOISE,9VTR_I,0.0
G041,9VWA_A,1.0
G_NOISE,9VX7_B,0.0
G_NOISE,9W3Z_D,0.0
G_NOISE,9W6T_C,0.0
G_NOISE,9W6T_D,0.0
G_NOISE,9W6T_R,0.0
G043,9W7V_A,0.47687190409233854
G_NOISE,9W7W_A,0.0
G_NOISE,9WA7_A,0.0
G_NOISE,9WHK_B,0.0
G032,9WMF_A,1.0
G_NOISE,9WNO_A,0.0
G_NOISE,9WNO_B,0.0
G004,9WS0_A,1.0
G004,9WS0_B,1.0
G022,9WSM_C,0.8828905284656549
G023,9WSM_D,1.0
G_NOISE,9WSM_F,0.0
G_NOISE,9X1M_A,0.0
G_NOISE,9X25_B,0.0
G_NOISE,9X25_C,0.0
G_NOISE,9X25_E,0.0
G_NOISE,9X3R_A,0.0
G_NOISE,9X94_B,0.0
G_NOISE,9XGK_E,0.0
G_NOISE,9XVF_A,0.0
G_NOISE,9XVO_B,0.0
G051,9XY1_A,1.0
G051,9XY2_A,1.0
G051,9XY5_A,1.0
G051,9XY6_A,1.0
G051,9XY8_A,1.0
G051,9XY9_A,1.0
G051,9XYA_A,1.0
G049,9Y1E_A,1.0
G_NOISE,9Y3D_O,0.0
G_NOISE,9Y43_B,0.0
G_NOISE,9Y66_C,0.0
G038,9YD1_A,0.9509079416670733
G038,9YD2_A,0.9509079416670733
G045,9YHW_A,1.0
G045,9YHY_A,1.0
G019,9YK1_A,1.0
G_NOISE,9YSI_A,0.0
G_NOISE,9YYH_A,0.0
G007,9YZL_D,1.0
G_NOISE,9Z6Z_A,0.0
G013,9ZBT_A,1.0
G_NOISE,9ZBT_H,0.0
G_NOISE,9ZBU_H,0.0
G_NOISE,9ZBU_T,0.0
G008,9ZEN_C,0.8961079846367228
G011,9ZEN_D,1.0
G047,9ZGF_C,0.8135316654646411
G_NOISE,9ZNF_AK,0.0
G023,9ZP3_J,0.9959596233765069
G017,9ZQA_P,0.7827686630066383
G_NOISE,9ZUM_C,0.0
G036,9ZZR_C,1.0
G_NOISE,9ZZR_D,0.0
G036,9ZZR_F,1.0
G_NOISE,9ZZR_K,0.0
G_NOISE,9ZZR_R,0.0
