identifier,leakage_group
10AC_A,L00001
10EH_C,L00002
10FI_Y,L00003
10MI_D,L00004
10YE_A,L00005
10YE_B,L00005
10YE_C,L00005
10YE_D,L00005
10YE_L,L00005
10YH_C,L00005
11HU_A,L00006
11LB_A,L00007
11MP_D,L00008
11QF_B,L00009
11YY_A,L00007
12FK_A,L00009
1A02_F,L00010
1A02_J,L00010
1A02_N,L00010
1A0A_A,L00011
1A12_A,L00012
1A1G_A,L00013
1A1H_A,L00013
1A1I_A,L00013
1A2Z_A,L00014
1A36_A,L00015
1A3Q_A,L00016
1A66_A,L00017
1A6B_B,L00018
1A6J_B,L00019
1A73_A,L00020
1AAY_A,L00013
1AAZ_A,L00021
1AG4_A,L00022
1AHD_P,L00023
1AIS_A,L00024
1AIS_B,L00024
1AKH_B,L00025
1AL0_4,L00026
1ALH_A,L00027
1AM9_C,L00028
1AN2_A,L00029
1AN4_A,L00030
1AOI_C,L00005
1AOI_D,L00005
1AOI_E,L00005
1AWC_A,L00010
1AZP_A,L00031
1B3T_A,L00032
1B4U_A,L00033
1B69_A,L00034
1B8I_B,L00023
1B96_A,L00035
1B97_A,L00035
1B9H_A,L00036
1BBX_C,L00031
1BC8_C,L00010
1BCH_1,L00037
1BDH_A,L00038
1BDT_B,L00039
1BDV_B,L00039
1BF4_A,L00031
1BF6_A,L00040
1BJ6_A,L00041
1BNK_A,L00042
1BNZ_A,L00031
1BRN_L,L00043
1BSS_A,L00035
1BVO_A,L00044
1BY4_B,L00045
1BYF_A,L00046
1BYP_A,L00047
1C0W_B,L00048
1C7J_A,L00049
1C7Y_A,L00050
1C89_A,L00051
1C8C_A,L00031
1C9B_A,L00024
1C9B_B,L00024
1CBV_H,L00052
1CBV_L,L00052
1CDW_A,L00024
1CGP_A,L00053
1CHM_A,L00054
1CI9_A,L00055
1CIT_A,L00045
1CJG_A,L00056
1CKT_A,L00057
1CKV_A,L00058
1CL8_A,L00059
1CLQ_A,L00060
1CMA_A,L00061
1CMN_A,L00062
1CO0_A,L00063
1CUH_A,L00064
1CW0_A,L00065
1CYQ_A,L00020
1CZJ_A,L00066
1CZY_A,L00067
1D02_B,L00068
1D0D_A,L00069
1D3U_A,L00024
1D3U_B,L00024
1D5Y_A,L00070
1D7E_A,L00071
1D8Y_A,L00072
1DC1_B,L00073
1DCT_A,L00074
1DE8_A,L00075
1DEW_B,L00075
1DH3_A,L00076
1DHI_A,L00077
1DL5_A,L00078
1DMH_A,L00079
1DMU_A,L00080
1DP7_P,L00081
1DQE_A,L00082
1DRG_A,L00083
1DSZ_B,L00045
1DU0_B,L00023
1DUX_C,L00010
1DXK_A,L00084
1E0X_A,L00085
1E30_A,L00086
1E39_A,L00087
1E4F_T,L00088
1E6W_D,L00089
1EA4_F,L00090
1EBM_A,L00091
1EF9_A,L00092
1EFA_B,L00038
1EGL_A,L00093
1EGW_B,L00023
1EH9_A,L00094
1EHK_A,L00095
1EHL_H,L00052
1EHL_L,L00052
1EMH_A,L00096
1EOO_A,L00035
1EQ9_A,L00097
1EQZ_E,L00005
1EVW_A,L00020
1EWN_A,L00042
1EYG_A,L00098
1EYU_A,L00099
1EZ6_A,L00100
1F0V_A,L00101
1F2I_G,L00102
1F44_A,L00083
1F4S_P,L00103
1F4T_A,L00062
1F5M_B,L00104
1F5T_A,L00105
1F6O_A,L00042
1F94_A,L00106
1FIU_A,L00107
1FLO_B,L00108
1FN7_A,L00091
1FOK_A,L00109
1FOS_E,L00010
1FYM_A,L00110
1FZ1_F,L00111
1G2D_C,L00013
1G2F_C,L00013
1G38_A,L00112
1G4D_A,L00113
1G63_B,L00114
1G8K_B,L00115
1G9Z_A,L00116
1GAT_A,L00117
1GCC_A,L00118
1GD2_E,L00119
1GDT_A,L00120
1GFF_2,L00121
1GH9_A,L00122
1GJI_A,L00016
1GKA_B,L00123
1GLU_A,L00045
1GM5_A,L00124
1GO3_E,L00125
1GP0_A,L00126
1GT0_D,L00057
1GWT_A,L00127
1GXP_A,L00128
1H0H_B,L00129
1H1I_B,L00130
1H2G_B,L00131
1H6F_B,L00023
1H88_B,L00132
1H88_C,L00132
1H89_A,L00132
1H9D_C,L00010
1H9T_A,L00133
1HBX_E,L00134
1HCR_A,L00135
1HDD_C,L00023
1HHT_P,L00136
1HJB_C,L00010
1HLO_A,L00029
1HLQ_A,L00137
1HLV_A,L00138
1HM2_A,L00139
1HQI_A,L00140
1HQM_E,L00141
1HRY_A,L00057
1HUO_A,L00142
1HW2_A,L00133
1HWT_D,L00143
1HYS_A,L00144
1HYS_B,L00144
1I6J_A,L00145
1I7D_A,L00007
1I7H_A,L00146
1I8D_A,L00147
1I8M_B,L00052
1IAW_A,L00148
1IF1_A,L00010
1IG4_A,L00149
1IG7_A,L00023
1IJS_P,L00150
1IMH_C,L00010
1IU3_C,L00151
1IUH_A,L00152
1J3E_A,L00151
1J46_A,L00057
1J47_A,L00057
1J5N_A,L00153
1J5O_A,L00144
1J5O_B,L00144
1J8M_F,L00154
1JAY_A,L00155
1JET_A,L00156
1JEY_B,L00005
1JFI_C,L00024
1JFS_A,L00038
1JFT_A,L00038
1JGG_A,L00023
1JGT_B,L00157
1JH9_A,L00038
1JJ4_B,L00158
1JK2_A,L00013
1JLK_A,L00159
1JMC_A,L00160
1JNR_A,L00161
1JT0_A,L00162
1JUV_A,L00163
1K0H_A,L00164
1K61_A,L00165
1K79_A,L00010
1K82_A,L00166
1KB6_B,L00045
1KBU_A,L00083
1KDH_A,L00142
1KDJ_A,L00047
1KEG_H,L00052
1KEG_L,L00052
1KLN_A,L00072
1KQQ_A,L00167
1KSX_A,L00168
1KSY_B,L00168
1KTB_A,L00169
1KU7_A,L00170
1KX5_E,L00005
1KX5_F,L00005
1KYZ_E,L00171
1KZ1_C,L00172
1KZL_A,L00147
1L1M_A,L00056
1L2B_A,L00166
1LAT_B,L00045
1LAU_E,L00096
1LBG_A,L00038
1LCC_A,L00056
1LE5_A,L00016
1LE5_B,L00016
1LE8_A,L00023
1LFU_P,L00023
1LFW_A,L00173
1LLI_B,L00174
1LLM_C,L00175
1LMB_4,L00174
1LO1_A,L00045
1LPQ_A,L00015
1LQ1_C,L00176
1LRI_A,L00177
1LRR_A,L00151
1LT4_A,L00178
1LV5_A,L00072
1LVM_A,L00179
1LWB_A,L00180
1LWY_A,L00091
1M06_F,L00121
1M06_G,L00121
1M3Q_A,L00091
1M5R_A,L00181
1M5X_A,L00116
1M6X_B,L00108
1MDY_A,L00182
1MDY_B,L00182
1MEY_F,L00013
1MHD_A,L00183
1MJE_A,L00184
1MJO_A,L00061
1MM8_A,L00185
1MOW_A,L00186
1MSE_C,L00187
1MSW_D,L00188
1MUH_A,L00185
1MUS_A,L00185
1MVM_A,L00150
1MW8_X,L00189
1MWI_A,L00190
1MWW_A,L00191
1N3A_A,L00091
1N3C_A,L00091
1N3E_A,L00116
1N40_A,L00062
1N48_A,L00192
1N6J_A,L00023
1N6Z_A,L00193
1NBA_D,L00194
1NFK_A,L00016
1NG6_A,L00195
1NG9_A,L00196
1NK2_P,L00023
1NK4_A,L00072
1NKP_A,L00029
1NKP_B,L00029
1NLW_A,L00029
1NLW_B,L00029
1NNE_A,L00196
1NVP_A,L00024
1NWQ_A,L00132
1NWW_B,L00197
1NZB_A,L00083
1O3Q_A,L00053
1O3S_A,L00053
1ODG_A,L00065
1ODH_A,L00198
1ODZ_A,L00199
1OE4_A,L00200
1OJQ_A,L00201
1ORN_A,L00202
1OSB_A,L00203
1OUP_A,L00204
1OWF_A,L00205
1OWF_B,L00205
1OWG_B,L00205
1OWR_M,L00010
1OX3_A,L00206
1P0W_B,L00207
1P1L_A,L00208
1P47_A,L00013
1P4E_B,L00108
1P59_A,L00202
1P5W_A,L00150
1P71_A,L00205
1P7H_L,L00010
1PAH_A,L00209
1PAV_A,L00210
1PC5_A,L00211
1PDN_C,L00212
1PER_L,L00213
1PF3_A,L00214
1PF5_A,L00215
1PFI_A,L00216
1PGT_A,L00217
1PGZ_A,L00218
1PH1_A,L00219
1PH3_A,L00219
1PH3_B,L00219
1PH5_A,L00219
1PH6_B,L00219
1PIX_A,L00220
1PJJ_A,L00166
1PO6_A,L00218
1PPF_I,L00221
1PRC_C,L00222
1PRN_A,L00223
1PT3_A,L00224
1PUE_F,L00010
1PUF_A,L00023
1PUF_B,L00023
1PVP_A,L00083
1PVR_A,L00083
1PYI_A,L00225
1Q0R_A,L00226
1Q0T_A,L00227
1Q19_A,L00157
1Q23_B,L00228
1Q27_A,L00229
1Q3U_A,L00083
1Q4T_A,L00230
1Q5E_A,L00062
1Q9Y_A,L00060
1QAI_A,L00145
1QAJ_A,L00145
1QEX_A,L00231
1QHX_A,L00232
1QP9_A,L00143
1QPI_A,L00233
1QPS_A,L00059
1QPZ_A,L00038
1QRH_A,L00059
1QRI_A,L00059
1QRV_A,L00234
1QSS_A,L00072
1QTM_A,L00072
1QUM_A,L00235
1QZG_A,L00236
1R0A_A,L00144
1R0A_B,L00144
1R0N_A,L00045
1R2Z_A,L00166
1R49_A,L00015
1R8D_A,L00237
1R8E_A,L00238
1RCS_A,L00063
1RFX_A,L00239
1RNB_A,L00043
1RQW_A,L00240
1RTD_A,L00144
1RTD_B,L00144
1RUO_B,L00053
1RWI_A,L00241
1RXW_A,L00242
1RYL_A,L00243
1RZM_A,L00244
1RZT_A,L00142
1S40_A,L00245
1S9K_C,L00010
1S9K_D,L00010
1S9K_E,L00010
1S9R_A,L00246
1SA3_A,L00247
1SAX_A,L00248
1SFU_A,L00249
1SK7_A,L00250
1SQU_B,L00251
1SR8_A,L00252
1SUM_B,L00253
1SUW_A,L00254
1SUZ_A,L00035
1SX5_A,L00035
1T03_B,L00144
1T05_B,L00144
1T2K_A,L00010
1T2K_C,L00010
1T2K_D,L00010
1T2S_A,L00255
1T3N_A,L00192
1T6K_A,L00256
1T71_A,L00257
1T8E_B,L00258
1T9I_B,L00116
1T9J_A,L00116
1TAU_A,L00259
1TC3_C,L00260
1TDP_A,L00261
1TDZ_A,L00166
1TEJ_B,L00262
1TEZ_A,L00263
1TF3_A,L00013
1TF6_D,L00264
1TGH_A,L00024
1TKD_A,L00265
1TM9_A,L00266
1TQE_P,L00023
1TRO_A,L00063
1TRR_A,L00063
1TV9_A,L00142
1TWU_A,L00267
1U0C_A,L00116
1U0D_A,L00116
1U1Q_A,L00218
1U3E_M,L00268
1U4B_A,L00072
1U8R_H,L00048
1UAA_A,L00269
1UBD_C,L00264
1ULI_C,L00270
1UMD_A,L00271
1USY_A,L00272
1UUT_A,L00273
1V15_B,L00224
1V1A_A,L00274
1V3I_A,L00275
1VAS_A,L00276
1VC1_A,L00277
1VDW_A,L00278
1VFC_A,L00279
1VKX_A,L00016
1VLC_A,L00280
1VOL_A,L00024
1VOL_B,L00024
1VPW_A,L00038
1VRL_A,L00281
1VTL_E,L00024
1VTN_C,L00010
1VTO_B,L00024
1W0T_A,L00279
1W0U_A,L00279
1W36_B,L00282
1W36_C,L00282
1W7A_A,L00196
1WB9_A,L00196
1WBA_A,L00283
1WBB_A,L00196
1WBD_A,L00196
1WC2_A,L00284
1WM4_A,L00285
1WPI_A,L00286
1WSR_A,L00287
1WTB_A,L00288
1WTE_A,L00289
1WTO_A,L00031
1WTQ_A,L00031
1WTR_A,L00031
1WTW_A,L00031
1WVL_A,L00031
1X9E_A,L00290
1X9J_A,L00291
1XBR_A,L00023
1XFI_A,L00292
1XJV_A,L00293
1XN8_A,L00294
1XNS_A,L00083
1XO0_A,L00083
1XS9_A,L00295
1XSD_A,L00248
1XSL_A,L00142
1XXU_A,L00296
1XYI_A,L00031
1Y1P_A,L00297
1Y23_B,L00298
1Y6F_A,L00299
1YCL_A,L00300
1YF3_A,L00227
1YFH_A,L00301
1YFJ_A,L00227
1YNV_X,L00302
1YO5_C,L00010
1YPQ_B,L00303
1YQK_A,L00091
1YQR_A,L00091
1YS6_B,L00304
1YSA_C,L00305
1YT5_A,L00254
1YTB_A,L00024
1YTN_A,L00306
1YU0_A,L00307
1YUI_A,L00308
1YUK_A,L00309
1YX7_A,L00310
1Z9C_C,L00311
1ZAA_C,L00013
1ZBI_B,L00312
1ZBL_A,L00312
1ZCJ_A,L00313
1ZDS_B,L00314
1ZGS_A,L00315
1ZHV_A,L00316
1ZME_C,L00317
1ZQ3_P,L00023
1ZR4_A,L00120
1ZRF_A,L00053
1ZS4_A,L00318
1ZTG_B,L00319
1ZTW_A,L00145
1ZVO_C,L00320
1ZVV_A,L00038
1ZYQ_A,L00265
1ZZI_A,L00319
21NP_A,L00321
21VV_K,L00322
22EU_A,L00323
22EU_B,L00323
23NX_A,L00324
24BP_A,L00325
24BQ_A,L00325
24QP_Q,L00326
25EC_B,L00327
25HS_D,L00328
25QC_A,L00329
28KE_B,L00330
28OP_N,L00331
2A3V_B,L00332
2A6O_A,L00333
2A6Z_A,L00334
2A8D_A,L00335
2ACJ_C,L00249
2AD6_A,L00336
2AD6_B,L00336
2AHV_A,L00337
2AJQ_A,L00265
2AN3_B,L00338
2AOR_B,L00339
2AS5_M,L00010
2ASD_A,L00192
2AYG_A,L00158
2B5X_A,L00340
2B7U_A,L00341
2B99_C,L00342
2B9S_A,L00343
2BAM_B,L00344
2BDP_A,L00072
2BGH_A,L00345
2BGW_A,L00346
2BJC_A,L00056
2BNW_B,L00347
2BOL_A,L00348
2BOP_A,L00158
2BPA_1,L00121
2BPA_3,L00121
2BSQ_A,L00349
2BT1_A,L00350
2BVW_A,L00351
2BZF_A,L00352
2C12_A,L00353
2C5R_B,L00354
2C62_A,L00355
2C7A_A,L00045
2C7P_A,L00074
2C7R_A,L00074
2C9L_Y,L00356
2C9N_Y,L00356
2CCZ_A,L00357
2CLI_B,L00358
2CN3_A,L00359
2CWL_A,L00360
2CY3_A,L00066
2D1C_A,L00361
2D7D_A,L00362
2D8M_A,L00363
2DE6_B,L00364
2DNJ_A,L00365
2DP6_A,L00366
2DPD_B,L00367
2DRP_D,L00368
2DTU_A,L00060
2DWM_A,L00369
2E52_A,L00370
2E5V_A,L00371
2EA0_A,L00166
2EB6_A,L00372
2EGJ_A,L00373
2EIU_E,L00374
2EJA_A,L00375
2ER8_A,L00376
2ERG_A,L00376
2ES2_A,L00377
2EX5_A,L00378
2EXF_A,L00041
2EZV_B,L00379
2F2C_A,L00380
2F55_A,L00381
2F5P_A,L00166
2F5Q_A,L00166
2F8N_G,L00005
2F8X_C,L00382
2F9Z_A,L00383
2FCC_A,L00276
2FCR_A,L00384
2FF0_A,L00045
2FHL_A,L00385
2FIO_A,L00386
2FKC_A,L00387
2FLD_B,L00116
2FO1_A,L00382
2FR4_A,L00052
2FR4_B,L00052
2G5H_C,L00388
2G5X_A,L00389
2G8K_A,L00312
2GAI_A,L00189
2GAK_A,L00390
2GAT_A,L00117
2GB7_B,L00391
2GCA_A,L00392
2GE5_A,L00035
2GEQ_B,L00393
2GIE_A,L00394
2GIH_A,L00394
2GJP_A,L00395
2GKD_A,L00396
2GLI_A,L00264
2GLO_A,L00397
2GM4_A,L00120
2GRR_A,L00005
2GXA_E,L00168
2GZK_A,L00398
2H1K_B,L00023
2H1O_A,L00349
2H1O_E,L00349
2H27_A,L00399
2H3A_A,L00400
2H47_F,L00401
2H7H_A,L00010
2H8C_B,L00402
2H9Z_A,L00403
2HAP_C,L00143
2HAX_A,L00377
2HDC_A,L00010
2HDD_B,L00023
2HHV_A,L00072
2HMI_A,L00144
2HMI_B,L00144
2HOI_A,L00083
2HOS_B,L00023
2HVR_A,L00404
2HY5_B,L00405
2I06_A,L00406
2I0F_A,L00172
2I0M_A,L00253
2I0Q_A,L00219
2I3P_A,L00116
2I3Q_A,L00116
2I5W_A,L00091
2I9K_A,L00074
2I9T_A,L00016
2IAP_A,L00407
2IC8_A,L00408
2IEF_A,L00409
2IFC_C,L00410
2IHM_B,L00142
2IHN_A,L00411
2IHV_A,L00412
2IIE_A,L00413
2IIF_A,L00413
2IMW_P,L00192
2IN0_A,L00414
2IRF_G,L00010
2IS6_A,L00269
2IT0_A,L00105
2ITL_A,L00415
2IVH_A,L00224
2IX5_A,L00353
2J6U_A,L00192
2J9F_A,L00271
2JHP_A,L00416
2JIN_A,L00417
2JLG_A,L00136
2JP9_A,L00264
2JSO_A,L00418
2JTO_A,L00419
2JX1_A,L00420
2JXI_A,L00421
2K0Q_A,L00422
2K1N_A,L00423
2K2Q_B,L00424
2K7F_A,L00425
2KB4_A,L00426
2KCW_A,L00427
2KDZ_A,L00187
2KFN_A,L00072
2KKF_A,L00428
2KMK_A,L00013
2KMT_A,L00429
2KN7_A,L00430
2KO0_A,L00431
2KTQ_A,L00072
2KWB_A,L00432
2KY8_A,L00149
2L4L_A,L00041
2L4Q_A,L00258
2L8B_A,L00433
2L97_A,L00434
2LBT_A,L00435
2LD5_A,L00023
2LEF_A,L00057
2LEN_A,L00436
2LEV_A,L00437
2LGD_A,L00438
2LHR_A,L00439
2LJP_A,L00440
2LKX_A,L00023
2LLF_A,L00441
2LLI_A,L00442
2LNA_A,L00443
2LOE_A,L00444
2LON_A,L00445
2LOR_A,L00446
2LQO_A,L00447
2LRJ_A,L00448
2LRK_A,L00449
2LS8_A,L00450
2LT5_A,L00451
2LT7_A,L00452
2LTT_A,L00453
2M2W_A,L00454
2MAP_A,L00455
2MCQ_A,L00456
2ME6_A,L00023
2MNA_A,L00457
2MOE_A,L00149
2MT9_A,L00384
2MTZ_A,L00458
2N8A_A,L00459
2N9W_A,L00460
2NBJ_A,L00461
2NLL_A,L00045
2NLL_B,L00045
2NNR_A,L00462
2NOB_A,L00091
2NOE_A,L00091
2NOF_A,L00091
2NOH_A,L00091
2NOI_A,L00091
2NOL_A,L00091
2NOZ_A,L00091
2NP2_A,L00205
2NP6_A,L00112
2NQ9_A,L00235
2NQJ_A,L00235
2NRA_C,L00463
2NRG_A,L00464
2NSW_A,L00465
2NT3_A,L00466
2NTC_A,L00415
2NXV_A,L00467
2O4A_A,L00468
2O5C_A,L00007
2O5I_C,L00004
2O61_A,L00016
2O61_B,L00016
2O6M_A,L00020
2O7I_A,L00469
2O8E_B,L00196
2O8K_A,L00470
2O93_L,L00010
2OAA_B,L00471
2OEH_A,L00472
2OFX_A,L00473
2OG0_B,L00409
2OK0_H,L00052
2OK0_L,L00052
2OPF_A,L00166
2OQA_A,L00341
2OST_A,L00474
2OX1_A,L00475
2OXV_A,L00059
2P0J_A,L00476
2P3N_A,L00278
2P5L_D,L00477
2P6R_A,L00478
2P7C_B,L00479
2PA8_L,L00480
2PE5_B,L00038
2PGN_A,L00412
2PI0_B,L00010
2PI4_A,L00188
2PJR_B,L00269
2PJR_F,L00269
2POR_A,L00481
2PP0_A,L00482
2PUA_A,L00038
2PUE_A,L00038
2PVI_A,L00099
2PYJ_B,L00483
2PYO_G,L00005
2Q10_A,L00484
2Q2T_A,L00485
2Q5X_A,L00486
2Q66_A,L00487
2QBY_A,L00488
2QBY_B,L00488
2QHB_A,L00489
2QIQ_A,L00490
2QJG_A,L00491
2QKK_A,L00492
2QL2_B,L00023
2QL2_C,L00023
2QMC_C,L00493
2QNC_A,L00494
2QNF_A,L00494
2QRL_A,L00495
2QSG_A,L00496
2QSH_A,L00496
2QSK_A,L00497
2QV6_A,L00498
2R0Q_C,L00120
2R1B_A,L00499
2R1J_L,L00213
2R8K_A,L00500
2RAM_A,L00016
2RGR_A,L00327
2SAS_A,L00501
2SSP_E,L00096
2STT_A,L00010
2UVU_A,L00192
2UVV_A,L00192
2UWJ_G,L00502
2UYC_A,L00074
2UYH_A,L00074
2UZ4_A,L00074
2UZK_A,L00010
2V1U_A,L00488
2V2T_A,L00016
2V2T_B,L00016
2V4C_A,L00503
2V4J_C,L00504
2V6E_A,L00505
2VBJ_A,L00116
2VBJ_B,L00116
2VBL_A,L00116
2VBL_B,L00116
2VBO_A,L00116
2VBO_B,L00116
2VIC_A,L00333
2VLA_A,L00506
2VLB_C,L00507
2VLP_B,L00224
2VOR_A,L00392
2VQE_Q,L00508
2VS8_F,L00509
2VTB_A,L00263
2VTB_B,L00263
2VVF_A,L00510
2VWJ_A,L00511
2VYE_A,L00512
2VZ4_A,L00237
2W0C_T,L00513
2W1V_A,L00514
2W36_A,L00515
2W7N_B,L00516
2W87_A,L00517
2W8T_A,L00518
2W9B_A,L00192
2WBS_A,L00013
2WBU_A,L00013
2WCC_3,L00519
2WGV_B,L00520
2WIW_B,L00521
2WL5_C,L00522
2WPV_C,L00523
2WT7_A,L00010
2WT7_B,L00010
2WTY_B,L00010
2X0J_A,L00524
2X2S_B,L00525
2X48_A,L00526
2X4I_A,L00527
2XCR_D,L00327
2XE0_A,L00116
2XE0_B,L00116
2XGP_B,L00500
2XHB_A,L00511
2XHY_A,L00528
2XMA_E,L00333
2XMX_A,L00529
2XO6_A,L00333
2XO7_A,L00072
2XOL_B,L00530
2XQC_D,L00333
2XRO_B,L00531
2XY5_A,L00072
2XY6_A,L00072
2XY7_A,L00072
2Y1E_B,L00532
2Y1J_A,L00072
2Y35_A,L00533
2Y7H_A,L00534
2Y7H_B,L00534
2Y88_A,L00535
2Y8L_E,L00536
2Y9Z_B,L00537
2YAJ_B,L00538
2YDS_A,L00539
2YEV_B,L00540
2YFK_A,L00541
2YJG_A,L00542
2YOJ_A,L00543
2YPB_B,L00023
2YSW_A,L00475
2YZC_A,L00544
2Z33_A,L00128
2Z58_B,L00545
2Z6A_A,L00074
2Z6Q_A,L00074
2Z6U_A,L00074
2Z70_A,L00546
2ZCJ_A,L00074
2ZKD_A,L00547
2ZZD_H,L00548
30FH_6,L00549
30GB_I,L00205
30GB_K,L00205
31OX_2,L00550
36AX_R,L00551
36HT_A,L00323
36HT_I,L00323
36HT_L,L00323
36NB_A,L00023
36OF_A,L00009
36PP_D,L00552
36XS_A,L00553
3A01_F,L00023
3A06_B,L00532
3A1K_A,L00554
3A46_A,L00166
3A4K_D,L00370
3A5U_A,L00098
3A8U_X,L00555
3ACP_A,L00556
3AFE_A,L00353
3AHY_B,L00528
3AJ4_A,L00557
3APA_A,L00558
3AUK_A,L00559
3AUO_A,L00560
3AXD_A,L00561
3AYQ_A,L00562
3B18_A,L00563
3B39_A,L00564
3B5N_C,L00565
3B7A_A,L00566
3BBB_B,L00567
3BDN_A,L00568
3BDZ_A,L00062
3BEP_A,L00569
3BI3_A,L00570
3BIE_A,L00570
3BKZ_A,L00570
3BMB_A,L00571
3BMX_A,L00572
3BQ1_A,L00192
3BRG_C,L00382
3BS1_A,L00573
3BSU_G,L00574
3BTX_A,L00575
3BTY_A,L00575
3BTZ_A,L00575
3BU0_A,L00575
3BWU_D,L00576
3C1M_C,L00577
3C25_A,L00578
3C29_A,L00083
3C5F_A,L00142
3C5G_B,L00142
3CAW_A,L00579
3CBB_B,L00045
3CFR_A,L00060
3CHL_A,L00580
3CKY_A,L00581
3CLZ_B,L00547
3CMU_A,L00582
3CMW_A,L00582
3CMY_A,L00023
3CO6_C,L00010
3COQ_A,L00583
3CQ8_A,L00060
3CRO_L,L00213
3CRX_A,L00083
3CVV_A,L00263
3CVW_A,L00263
3CVX_A,L00263
3CW7_A,L00584
3CX5_C,L00585
3D0N_A,L00586
3D1R_A,L00587
3D54_B,L00588
3D6N_B,L00589
3D6Z_A,L00238
3D70_A,L00238
3D71_A,L00238
3DFX_A,L00117
3DHI_E,L00590
3DO7_A,L00016
3DO7_B,L00016
3DPG_A,L00591
3DR3_A,L00592
3DSC_A,L00593
3DSD_A,L00593
3E0D_A,L00594
3E3J_B,L00188
3E3K_B,L00156
3E3U_A,L00595
3E54_A,L00116
3E6C_C,L00596
3E8M_A,L00597
3EA6_A,L00598
3ECP_A,L00185
3EH8_A,L00009
3EI2_B,L00599
3EMH_A,L00600
3ES7_A,L00482
3EWD_A,L00601
3EXJ_A,L00393
3EY1_A,L00312
3EYI_B,L00249
3EYZ_A,L00072
3EZ5_A,L00072
3EZM_A,L00602
3F1L_A,L00089
3F2B_A,L00603
3F8J_B,L00547
3FBD_A,L00224
3FD2_A,L00604
3FDE_A,L00547
3FHZ_D,L00605
3FIR_A,L00606
3FMT_A,L00607
3FZ7_F,L00608
3G00_A,L00075
3G0Q_A,L00281
3G2C_A,L00075
3G7G_H,L00609
3G9I_B,L00045
3GFI_A,L00610
3GLF_G,L00569
3GLG_G,L00569
3GO8_A,L00166
3GOX_A,L00611
3GP1_A,L00166
3GP8_A,L00612
3GPU_A,L00166
3GPX_A,L00166
3GQ4_A,L00166
3GQ5_A,L00166
3GX4_X,L00613
3GXB_A,L00614
3GXQ_B,L00615
3GY1_B,L00482
3GZ6_A,L00616
3H1K_B,L00617
3H3J_B,L00524
3H40_A,L00192
3H4D_A,L00192
3H6Q_A,L00618
3H8O_A,L00575
3H9C_A,L00619
3HC7_A,L00620
3HDD_B,L00023
3HJF_A,L00621
3HK2_B,L00621
3HOT_A,L00622
3HQ2_B,L00623
3HQF_A,L00624
3HQG_A,L00625
3HT3_A,L00072
3HW2_A,L00626
3HW8_A,L00142
3HX0_A,L00142
3HXQ_A,L00614
3I0W_A,L00091
3I0X_A,L00091
3I3M_A,L00570
3I8D_A,L00312
3IAG_C,L00382
3IAY_A,L00511
3IGC_A,L00627
3IGK_A,L00393
3IH7_A,L00091
3IKT_B,L00628
3IQE_A,L00629
3ISL_A,L00630
3IYD_A,L00004
3IYD_D,L00004
3J3I_A,L00631
3J9X_1,L00632
3JAY_C,L00633
3JCA_A,L00634
3JCA_C,L00634
3JR5_A,L00166
3JSM_A,L00144
3JSP_A,L00635
3JTG_A,L00010
3JX7_A,L00636
3JXB_C,L00213
3JXZ_A,L00636
3JY1_A,L00636
3K0S_A,L00196
3K4X_A,L00637
3K57_A,L00511
3K7T_A,L00638
3K8G_A,L00639
3KD1_E,L00060
3KDE_C,L00640
3KET_A,L00628
3KFF_A,L00641
3KHC_B,L00570
3KJP_A,L00293
3KK2_B,L00144
3KLE_A,L00144
3KLE_B,L00144
3KLF_A,L00144
3KLH_A,L00144
3KMP_A,L00183
3KNT_A,L00642
3KO2_A,L00116
3KQH_A,L00381
3KQN_A,L00381
3KTU_A,L00091
3KWQ_A,L00005
3KXT_A,L00643
3L1P_A,L00644
3L2P_A,L00645
3LDS_A,L00060
3LFZ_A,L00646
3LGS_C,L00647
3LJ5_A,L00648
3LNQ_A,L00023
3LWH_A,L00643
3M12_B,L00649
3M7K_A,L00650
3M9E_E,L00045
3MDA_A,L00142
3ME7_A,L00651
3MIP_A,L00116
3MIS_A,L00116
3MKZ_A,L00652
3MLN_B,L00653
3MR1_A,L00654
3MSU_B,L00410
3MU6_A,L00023
3MVA_O,L00655
3MVB_O,L00655
3MVD_L,L00012
3MX4_A,L00656
3MXI_A,L00657
3MXM_A,L00657
3MZH_A,L00053
3N1I_A,L00658
3N20_A,L00659
3N2B_A,L00660
3N6S_A,L00655
3N7Q_A,L00655
3NBN_A,L00382
3NCI_A,L00060
3NDH_A,L00661
3NE2_C,L00662
3NE6_A,L00060
3NGI_A,L00060
3NK7_B,L00663
3NM9_A,L00234
3NYT_A,L00036
3NZN_A,L00664
3O1T_A,L00570
3O3F_A,L00665
3O3G_A,L00665
3O4G_A,L00666
3O9X_A,L00667
3ODC_B,L00668
3ODH_A,L00344
3OGD_A,L00584
3OGU_A,L00142
3OH9_A,L00584
3OHA_A,L00500
3ON0_A,L00669
3OOL_A,L00670
3OOR_A,L00670
3OQM_A,L00038
3OQO_A,L00038
3ORC_A,L00671
3OSN_A,L00192
3OYJ_A,L00672
3OYM_A,L00672
3OYY_A,L00673
3P1G_A,L00674
3P57_A,L00023
3PIH_A,L00675
3PKY_A,L00676
3PL1_A,L00677
3PML_B,L00142
3POV_A,L00678
3PR5_B,L00192
3PT6_B,L00679
3PTA_A,L00679
3PU7_A,L00680
3PVI_A,L00099
3PVV_A,L00681
3PW7_A,L00192
3PY8_A,L00072
3Q05_A,L00393
3Q06_A,L00393
3Q23_A,L00682
3Q24_A,L00682
3Q3D_A,L00238
3Q5F_A,L00311
3Q5P_A,L00238
3Q8K_A,L00242
3Q8M_A,L00242
3QAP_A,L00683
3QBE_A,L00684
3QE9_Y,L00242
3QEB_Z,L00242
3QI5_B,L00042
3QJJ_A,L00685
3QLI_A,L00686
3QMX_A,L00687
3QNO_A,L00060
3QQY_A,L00009
3QRF_F,L00010
3QRF_M,L00010
3QSV_A,L00183
3QSY_A,L00688
3QTG_A,L00689
3QVS_A,L00690
3QYM_E,L00393
3QYX_A,L00691
3QZ7_A,L00192
3R0N_A,L00692
3R3J_A,L00693
3R6W_A,L00694
3R8F_A,L00695
3RA0_A,L00658
3RA4_A,L00696
3RAE_A,L00697
3RAX_A,L00192
3RFY_A,L00698
3RH6_A,L00142
3RHY_A,L00699
3RKQ_A,L00023
3RN5_A,L00700
3RNU_B,L00700
3ROA_A,L00701
3RQP_A,L00702
3RT4_A,L00703
3RX6_A,L00704
3RZG_A,L00575
3RZJ_A,L00575
3RZL_D,L00575
3RZM_A,L00575
3S3N_A,L00672
3S5A_A,L00575
3S6I_D,L00705
3S8Q_B,L00706
3S9H_A,L00060
3SAR_A,L00166
3SAS_A,L00166
3SI6_A,L00060
3SLP_A,L00707
3SM4_C,L00707
3SO6_A,L00708
3SPD_A,L00709
3SPY_A,L00060
3SQ1_A,L00060
3SQ2_A,L00060
3SQR_A,L00710
3STV_B,L00711
3SUN_A,L00060
3SUO_A,L00060
3SUQ_A,L00060
3SZQ_A,L00709
3T5A_A,L00712
3T5V_A,L00713
3T63_M,L00714
3T6B_A,L00715
3T72_4,L00128
3T79_A,L00716
3TAG_A,L00060
3TAN_A,L00072
3TAY_A,L00717
3TDO_C,L00718
3TEE_A,L00719
3TH0_A,L00720
3TH1_A,L00721
3TIK_A,L00207
3TO8_A,L00722
3TQ6_A,L00723
3TQT_A,L00724
3TS9_A,L00725
3TT1_A,L00726
3TU4_K,L00727
3TUR_B,L00728
3U2B_C,L00057
3U3W_A,L00729
3U43_A,L00730
3U44_B,L00731
3U4Q_A,L00732
3U58_A,L00733
3U5Z_A,L00734
3U60_A,L00734
3U62_A,L00735
3U6P_A,L00166
3U6W_B,L00736
3U88_C,L00737
3U9G_A,L00738
3UBT_A,L00074
3UGJ_A,L00739
3UGT_C,L00740
3UJ7_A,L00741
3ULP_C,L00098
3ULR_B,L00742
3UO7_A,L00190
3UOB_A,L00190
3UR1_B,L00743
3UR1_C,L00743
3UTN_X,L00744
3UUM_B,L00745
3UV2_A,L00746
3UVF_A,L00009
3UW2_A,L00747
3UW8_A,L00748
3UX3_A,L00749
3UXP_A,L00142
3V1Z_A,L00750
3V53_B,L00751
3V6H_A,L00192
3V6K_A,L00192
3V6T_A,L00752
3V72_A,L00142
3V7J_A,L00142
3V7K_A,L00142
3V9X_B,L00753
3VAJ_A,L00754
3VBA_A,L00755
3VDI_A,L00756
3VDJ_A,L00757
3VDM_A,L00758
3VEB_B,L00759
3VF0_B,L00760
3VH0_A,L00600
3VK8_A,L00166
3VKE_A,L00319
3VKF_A,L00049
3VM6_A,L00761
3VMF_B,L00762
3VO1_A,L00763
3VOK_A,L00764
3VQJ_A,L00765
3VR8_A,L00766
3VRC_B,L00767
3VW3_H,L00052
3VW3_L,L00052
3VW4_A,L00768
3VXV_A,L00149
3VYG_A,L00769
3W42_A,L00770
3W6X_A,L00771
3W7V_A,L00772
3WAZ_B,L00773
3WGI_A,L00628
3WHQ_B,L00774
3WI7_A,L00775
3WPD_A,L00776
3WPG_A,L00776
3WU1_A,L00010
3WU1_B,L00010
3X1L_B,L00777
3X1L_D,L00777
3X1L_G,L00777
3ZDA_A,L00778
3ZH2_C,L00524
3ZHM_A,L00779
3ZI5_A,L00780
3ZP5_A,L00010
3ZPL_E,L00311
3ZQC_J,L00781
3ZSC_A,L00782
3ZUI_A,L00783
3ZVK_F,L00784
3ZVM_A,L00785
3ZVS_B,L00786
3ZZR_A,L00787
4A04_B,L00023
4A0B_D,L00599
4A0X_A,L00788
4A15_A,L00789
4A25_B,L00790
4A2N_B,L00791
4A53_A,L00792
4A5V_A,L00793
4A6D_A,L00171
4A75_A,L00794
4A7F_B,L00795
4A7Z_A,L00796
4A8M_Q,L00136
4A8W_A,L00136
4A91_A,L00797
4A9A_A,L00798
4A9W_A,L00799
4AA6_B,L00045
4AAB_A,L00116
4AAE_B,L00116
4ADF_G,L00800
4AIE_A,L00801
4AIK_B,L00311
4AIL_C,L00511
4ALX_A,L00802
4AN6_A,L00803
4AUW_E,L00010
4AVX_A,L00804
4AWL_B,L00005
4B20_A,L00515
4B3O_A,L00144
4B3O_B,L00144
4B3P_A,L00144
4B3Q_A,L00144
4B3Q_B,L00144
4B5G_A,L00075
4B5H_A,L00075
4B9N_A,L00072
4BAC_A,L00672
4BE2_A,L00672
4BGF_F,L00805
4BHK_A,L00806
4BHM_A,L00807
4BOC_A,L00808
4BOF_B,L00246
4BQA_A,L00809
4BWJ_A,L00072
4BXO_B,L00810
4BY1_B,L00811
4C2U_A,L00269
4C3G_A,L00591
4C8L_A,L00072
4CGZ_A,L00812
4CH1_A,L00288
4CIS_B,L00166
4CJA_A,L00813
4CLC_C,L00814
4CMX_A,L00815
4CN3_C,L00045
4CRO_B,L00671
4CRX_A,L00083
4D1Q_H,L00816
4D87_A,L00817
4D8J_A,L00759
4D8K_A,L00818
4D9M_B,L00819
4DA4_A,L00679
4DAV_A,L00820
4DBE_A,L00821
4DBL_C,L00822
4DCN_D,L00823
4DG9_A,L00824
4DIQ_A,L00825
4DIX_A,L00826
4DJT_B,L00827
4DKJ_A,L00828
4DLF_A,L00829
4DM0_A,L00185
4DMU_J,L00614
4DOJ_A,L00830
4DPV_Z,L00150
4DQQ_D,L00072
4DQY_C,L00831
4DS5_A,L00072
4DT4_A,L00832
4DTJ_A,L00060
4DW0_A,L00833
4DWI_A,L00072
4DX1_A,L00834
4DYL_A,L00835
4E0V_B,L00836
4E1Y_A,L00837
4E4T_A,L00838
4E54_B,L00599
4E5Z_B,L00599
4ECW_A,L00192
4EEE_A,L00839
4EEI_B,L00840
4EFI_A,L00841
4EFJ_A,L00009
4EFO_A,L00842
4EFZ_A,L00843
4EJY_A,L00091
4EN6_B,L00844
4EO1_A,L00845
4EOD_A,L00846
4EOT_A,L00010
4ER8_A,L00847
4ESV_C,L00512
4EVF_A,L00580
4EVV_A,L00553
4EW4_A,L00553
4F1H_A,L00848
4F1H_B,L00848
4F2R_D,L00072
4F30_A,L00849
4F43_A,L00850
4F4W_A,L00192
4F4Y_A,L00192
4F4Z_A,L00192
4F50_A,L00192
4F5P_A,L00142
4F8C_A,L00851
4FBH_A,L00341
4FBT_A,L00192
4FD6_A,L00852
4FEI_A,L00853
4FFX_A,L00854
4FGN_A,L00415
4FHR_A,L00855
4FLW_A,L00511
4FM2_A,L00511
4FM9_A,L00327
4FNV_A,L00856
4FPV_B,L00848
4FTH_A,L00857
4FXD_A,L00511
4FYD_A,L00511
4FZY_A,L00858
4G2R_B,L00859
4G3I_A,L00192
4G4N_A,L00166
4G4O_A,L00166
4G4Q_A,L00166
4G4R_A,L00166
4G92_A,L00005
4G92_B,L00005
4G9P_A,L00860
4GAT_A,L00861
4GC7_A,L00192
4GCL_B,L00162
4GCT_C,L00162
4GDF_A,L00862
4GJP_A,L00752
4GJR_A,L00752
4GLE_A,L00863
4GLX_A,L00864
4GNX_C,L00865
4GUQ_A,L00393
4GZ1_A,L00848
4GZ2_A,L00848
4GZN_C,L00866
4H5Q_B,L00867
4H8K_A,L00868
4HC7_A,L00869
4HCC_A,L00870
4HGP_A,L00597
4HHT_A,L00665
4HIO_A,L00871
4HJE_A,L00393
4HQB_A,L00872
4HQE_B,L00873
4HQX_A,L00874
4HSB_A,L00705
4HTU_A,L00312
4I1A_B,L00875
4I27_A,L00142
4I3B_A,L00876
4I3H_A,L00877
4IBU_B,L00393
4IBW_A,L00393
4IHS_B,L00878
4IJ5_A,L00879
4IQJ_D,L00594
4IQR_F,L00880
4IQW_A,L00142
4IS1_D,L00866
4IUF_A,L00288
4IVZ_E,L00706
4J00_A,L00881
4J1J_C,L00882
4J2A_A,L00060
4J2B_A,L00060
4J2D_A,L00060
4J2E_A,L00060
4J2X_C,L00382
4JBK_A,L00700
4JBM_A,L00700
4JGC_A,L00190
4JQD_E,L00883
4JS4_A,L00870
4JWM_A,L00142
4JWN_A,L00142
4JZV_A,L00884
4K1G_A,L00235
4K4I_A,L00142
4K82_A,L00885
4K8X_A,L00511
4K96_B,L00005
4KB6_A,L00005
4KDP_A,L00886
4KFC_B,L00304
4KHN_A,L00060
4KI2_B,L00887
4KIS_A,L00888
4KMF_A,L00249
4KNY_B,L00304
4KW5_A,L00889
4KYW_A,L00890
4L5R_C,L00700
4L5S_A,L00700
4L62_A,L00891
4L80_B,L00892
4LD0_A,L00893
4LDX_B,L00894
4LEZ_A,L00005
4LG0_B,L00010
4LG7_A,L00149
4LHE_A,L00895
4LJR_A,L00896
4LLN_J,L00311
4LNQ_A,L00700
4LOX_A,L00009
4LQ0_A,L00009
4LVL_A,L00897
4M42_A,L00060
4M47_A,L00142
4M6F_A,L00120
4M8O_A,L00898
4M9E_A,L00013
4M9V_C,L00866
4MDF_A,L00899
4MFA_A,L00142
4MG2_A,L00575
4MGT_A,L00575
4MZR_A,L00393
4N0O_C,L00900
4N5S_A,L00072
4NCA_A,L00621
4NDH_A,L00901
4NDI_A,L00901
4NDS_A,L00902
4NE1_I,L00903
4NE1_L,L00903
4NFW_F,L00904
4NGN_A,L00905
4NID_A,L00570
4NIG_A,L00570
4NIH_A,L00570
4NII_A,L00570
4NLG_A,L00192
4NQA_I,L00906
4NRW_A,L00166
4NV0_B,L00907
4O0I_A,L00072
4O3M_A,L00812
4O3S_A,L00192
4O5K_A,L00142
4O6A_A,L00005
4O7O_B,L00908
4OBV_A,L00909
4OI8_B,L00910
4OJV_A,L00911
4OKZ_A,L00912
4OO8_A,L00913
4OPX_C,L00831
4OSH_B,L00752
4OSJ_B,L00752
4OSK_B,L00752
4OSM_B,L00752
4OSQ_A,L00752
4OSR_A,L00752
4OSS_A,L00752
4OST_A,L00752
4OSV_A,L00752
4OSW_A,L00752
4OSZ_A,L00752
4OT0_A,L00752
4OT3_A,L00752
4OTO_A,L00752
4OU6_A,L00914
4OU7_A,L00914
4P0Q_A,L00915
4P9U_A,L00133
4PAR_A,L00916
4PCZ_A,L00166
4PD2_A,L00166
4PE8_A,L00917
4PLB_B,L00327
4POG_A,L00918
4PQU_D,L00144
4PSO_I,L00919
4PTF_A,L00898
4PXI_B,L00920
4PY5_A,L00921
4PYN_A,L00922
4PZI_A,L00428
4Q45_A,L00192
4QCB_A,L00923
4QGU_A,L00700
4QHF_A,L00924
4QJU_A,L00205
4QLC_U,L00005
4QPQ_B,L00925
4QQW_A,L00926
4QR9_A,L00057
4QTT_C,L00927
4QWB_A,L00192
4QWC_A,L00192
4QWD_A,L00192
4QYZ_B,L00928
4QYZ_F,L00928
4R22_B,L00929
4R24_B,L00929
4R28_C,L00930
4R2D_A,L00013
4R2P_A,L00013
4R2S_A,L00013
4R4E_B,L00929
4R55_A,L00643
4R63_A,L00142
4R64_A,L00142
4R8A_A,L00931
4R8P_L,L00932
4R8U_A,L00192
4R8U_B,L00192
4RB3_C,L00933
4RDM_A,L00934
4RDU_D,L00023
4REC_A,L00645
4RI9_A,L00645
4RIB_B,L00645
4RIC_B,L00645
4RKH_D,L00935
4ROC_B,L00024
4RQ8_A,L00142
4RUL_A,L00936
4S04_A,L00304
4S0H_B,L00023
4S0H_E,L00023
4S0N_D,L00937
4S2Q_D,L00057
4SKN_E,L00096
4TQR_A,L00192
4TU7_A,L00754
4TUG_A,L00593
4TYN_A,L00938
4TZD_A,L00939
4U0Y_A,L00940
4U7B_A,L00622
4UDQ_A,L00941
4UMM_A,L00045
4UMM_E,L00045
4UN3_B,L00913
4UNC_D,L00509
4UNO_A,L00010
4UQG_A,L00072
4UQM_A,L00096
4USG_A,L00355
4UUS_B,L00023
4UUV_A,L00010
4UZB_A,L00942
4V1N_O,L00024
4V61_AO,L00943
4V8P_AH,L00944
4V8P_AQ,L00944
4V8S_AR,L00811
4V8S_AW,L00811
4V8S_AY,L00811
4V9F_L,L00945
4V9F_Z,L00945
4W9M_C,L00946
4WNB_B,L00947
4WPY_A,L00948
4WUH_A,L00949
4WWC_B,L00950
4WX9_B,L00301
4WZW_A,L00951
4X0G_B,L00952
4X23_C,L00005
4X23_D,L00005
4X23_E,L00005
4X8I_B,L00953
4X9J_A,L00013
4XB6_E,L00954
4XIC_A,L00023
4XIU_A,L00072
4XLN_D,L00004
4XLN_F,L00004
4XLR_C,L00004
4XLS_M,L00004
4XQJ_A,L00573
4XQK_A,L00955
4XQQ_A,L00573
4XR0_A,L00406
4XR2_A,L00406
4XRM_B,L00023
4XRS_B,L00023
4XRS_G,L00023
4XUS_A,L00142
4XVI_A,L00072
4XZF_A,L00937
4XZQ_B,L00005
4XZQ_D,L00005
4Y60_C,L00057
4YD1_A,L00142
4YF0_B,L00205
4YFH_B,L00205
4YG1_A,L00956
4YG7_D,L00957
4YHX_A,L00009
4YIG_A,L00923
4YIR_A,L00496
4YIS_A,L00009
4YIT_D,L00009
4YJ0_B,L00958
4YKL_B,L00709
4YNQ_A,L00657
4YOQ_A,L00281
4YOW_A,L00959
4YPR_A,L00281
4YQW_A,L00192
4YR3_A,L00192
4YRV_A,L00881
4YWA_A,L00960
4YXQ_A,L00290
4Z1X_A,L00009
4Z20_A,L00009
4Z2C_A,L00697
4Z3A_A,L00190
4Z5D_A,L00956
4Z5H_A,L00956
4Z66_C,L00005
4Z66_D,L00005
4Z8F_H,L00052
4Z8F_L,L00052
4Z8W_A,L00961
4ZCF_A,L00962
4ZHN_A,L00570
4ZSF_A,L00963
4ZUX_e,L00964
4ZYD_A,L00301
5A0M_A,L00670
5A0M_B,L00670
5A0W_D,L00509
5A1V_E,L00965
5A21_G,L00966
5A3D_B,L00967
5A72_B,L00116
5A74_B,L00116
5AF7_B,L00353
5AKM_A,L00509
5AKN_F,L00509
5AKO_B,L00968
5AWH_A,L00969
5AYC_A,L00970
5AYE_A,L00971
5B04_B,L00972
5B2R_B,L00913
5B2S_B,L00913
5B2T_B,L00913
5B43_A,L00973
5B7J_A,L00974
5BNG_B,L00023
5BNH_A,L00937
5BOX_A,L00975
5BPD_A,L00975
5BS8_D,L00697
5BYG_B,L00273
5C8E_G,L00976
5CDM_D,L00697
5CDN_U,L00697
5CDO_B,L00697
5CDP_A,L00697
5CDP_B,L00697
5CDQ_S,L00697
5CG9_A,L00977
5CHI_A,L00959
5CKY_O,L00655
5CL3_A,L00636
5CL8_A,L00636
5CLV_B,L00516
5CLV_E,L00516
5CM3_A,L00516
5CO0_O,L00655
5CQQ_B,L00978
5CRJ_O,L00655
5CRK_O,L00655
5CWR_A,L00142
5CY1_A,L00120
5CZZ_A,L00979
5D4S_B,L00940
5D4V_B,L00980
5D5X_B,L00981
5D8C_B,L00982
5D8F_B,L00983
5D8K_B,L00981
5DAC_A,L00984
5DFF_A,L00075
5DFJ_A,L00075
5DIH_B,L00985
5DKW_A,L00142
5DLJ_B,L00986
5DLJ_E,L00986
5DNY_B,L00946
5DQZ_B,L00986
5DQZ_E,L00986
5DS5_B,L00986
5DS5_E,L00986
5DS9_B,L00987
5DUD_A,L00988
5DWA_A,L00989
5DY0_A,L00990
5E01_B,L00982
5E24_E,L00382
5E5O_A,L00009
5E5S_A,L00009
5E63_A,L00009
5E67_A,L00009
5EAN_A,L00991
5EAX_A,L00991
5EEA_G,L00023
5EG0_A,L00023
5EGO_A,L00023
5EIX_A,L00327
5EN4_A,L00089
5ESP_A,L00009
5EXH_C,L00428
5EYB_A,L00992
5EYO_C,L00029
5F0Q_A,L00993
5F3W_B,L00946
5F55_A,L00994
5F7Q_E,L00995
5F8A_A,L00035
5F99_G,L00005
5F9R_B,L00913
5FB2_A,L00311
5FDK_D,L00996
5FHE_A,L00997
5FKV_A,L00594
5FMF_1,L00998
5FMF_M,L00998
5FMF_U,L00998
5FMF_V,L00998
5FMF_X,L00998
5FTE_A,L00997
5FUR_C,L00999
5FW1_B,L00913
5FW2_B,L00913
5FW3_B,L00913
5G5T_A,L01000
5G6R_B,L01001
5GKE_A,L01002
5GKP_B,L01003
5GKR_A,L00052
5GKR_B,L00052
5GPC_A,L00162
5GXF_A,L01004
5GZY_A,L01005
5H1Q_A,L01006
5H3R_A,L00311
5H8W_A,L00789
5H9F_A,L00928
5H9F_B,L00928
5H9F_J,L00928
5HAW_B,L00162
5HBU_B,L00162
5HCH_A,L01007
5HDN_C,L00981
5HHH_A,L00142
5HK3_B,L01008
5HLG_B,L00311
5HNF_A,L00506
5HNK_A,L01009
5HOD_A,L00023
5HP4_A,L01009
5HRF_A,L00454
5HRG_A,L00454
5HRH_B,L00454
5HRK_B,L00454
5HT2_A,L00848
5HY3_B,L01010
5I2D_G,L00053
5I44_B,L01011
5IFF_A,L00773
5IIO_A,L00142
5INO_A,L00848
5IOX_A,L01012
5IUD_D,L00511
5IWI_A,L00697
5IWI_B,L00697
5IYB_B,L00811
5IYB_C,L00811
5IYB_M,L00811
5J0N_F,L00205
5J0N_I,L00205
5J2M_A,L00144
5J2N_B,L00144
5J5P_A,L01013
5JA9_C,L01014
5JH0_D,L01015
5JJV_B,L01016
5JLT_A,L01017
5JQ6_A,L01018
5JRO_A,L00694
5JTK_A,L01019
5JUB_A,L01020
5K1Y_B,L01021
5K58_A,L00162
5K5H_A,L00264
5K5J_A,L00264
5K5L_G,L01022
5K5R_B,L01021
5K83_A,L01023
5K97_A,L00242
5K98_A,L00957
5KBD_A,L00393
5KBJ_A,L01024
5KE7_A,L00013
5KE9_A,L00013
5KEA_A,L00013
5KEG_A,L01023
5KFS_A,L00192
5KK5_A,L00973
5KKQ_A,L00264
5KL4_A,L00013
5KL7_A,L00013
5KN8_A,L00202
5KN9_A,L00202
5KRB_G,L00045
5KSE_A,L00242
5KW6_A,L01025
5L2P_A,L01026
5L9W_C,L01027
5LCL_A,L00967
5LD2_D,L01028
5LEK_A,L00053
5LIE_B,L00062
5LQZ_I,L01029
5LRS_A,L00053
5LTY_K,L00023
5LUX_K,L00023
5M1S_A,L00594
5M1S_D,L00594
5M58_A,L01030
5M5W_B,L00811
5MC6_i,L01031
5MC6_j,L01031
5MCT_A,L00393
5MEZ_A,L00183
5MHJ_A,L01032
5MLD_A,L01033
5MLU_A,L00005
5MLU_D,L00005
5MLU_G,L00005
5MLU_H,L00005
5MPD_Z,L01034
5MS0_D,L00004
5MS0_F,L00004
5N6I_A,L00005
5N9D_B,L01035
5N9J_Y,L01036
5ND8_E,L01037
5NFV_A,L00973
5NLL_A,L01038
5NNU_A,L00096
5NNX_A,L00023
5NO6_A,L00023
5NO6_N,L00023
5NPK_b,L00327
5NPP_B,L00327
5NWA_A,L01039
5NX7_A,L00912
5NZT_E,L01040
5O6B_A,L01041
5O6G_A,L00509
5O6I_A,L00509
5O6U_D,L01042
5O6U_F,L01042
5O7T_A,L00072
5ODG_A,L00183
5ODL_A,L01043
5ODU_A,L00960
5OLA_A,L00808
5OLA_E,L00808
5OQO_A,L01044
5OQP_A,L01044
5OR5_A,L00455
5SVC_A,L01045
5SWW_D,L01023
5SZX_A,L00356
5T01_A,L00010
5T0U_A,L00264
5T1J_A,L00023
5T2H_A,L00009
5T2N_A,L00009
5T2O_A,L00009
5T4I_B,L01046
5T5K_B,L01047
5T7X_B,L00032
5T8D_A,L00009
5TC1_A,L01048
5TD5_A,L01023
5THG_A,L00009
5TKZ_A,L01049
5TRD_A,L01050
5TVM_E,L01051
5TWR_A,L00142
5TXL_A,L00144
5TXM_A,L00144
5TXN_A,L00144
5TXO_A,L00144
5U0A_E,L00928
5U1J_B,L01052
5U33_A,L01053
5U8H_A,L00142
5U8I_A,L00142
5U90_C,L01054
5U91_A,L00083
5UC6_A,L01055
5UI5_V,L01056
5UK7_K,L01057
5UM9_A,L00242
5UX0_D,L01058
5V09_Z,L00242
5V0Q_A,L00009
5V3G_D,L00264
5V3J_F,L01059
5V49_B,L00619
5V8F_7,L01060
5VA0_B,L00045
5VA7_A,L00045
5VC9_C,L00428
5VFX_F,L01061
5VHE_A,L01035
5VHV_A,L01062
5VI5_C,L00004
5VI5_D,L00004
5VMX_A,L00452
5VMZ_A,L00452
5VOX_P,L01063
5VPE_A,L00010
5VPE_B,L00010
5VS2_A,L00142
5VU9_A,L00511
5VVJ_F,L00986
5VVL_F,L00986
5VXN_C,L01064
5VZ7_A,L00142
5VZB_A,L00142
5VZE_A,L00142
5VZG_A,L00142
5W0U_B,L01065
5W1C_B,L01065
5W2M_A,L01023
5W36_A,L00564
5W65_P,L01066
5W66_M,L01067
5W6Q_G,L00072
5W7G_A,L01068
5W7G_B,L01068
5W9Q_A,L00428
5WCU_C,L00005
5WCU_D,L00005
5WCU_U,L00005
5WJQ_D,L01059
5WM1_A,L01069
5WN3_B,L00075
5WVW_A,L00643
5WVY_A,L00643
5WVZ_A,L00643
5WWC_B,L00643
5WX9_A,L01070
5X11_E,L01071
5X90_A,L01072
5XB6_A,L01073
5XC2_B,L01074
5XFP_B,L01075
5XFQ_A,L01075
5XFR_B,L01075
5XH6_A,L00973
5XH7_A,L00973
5XM8_A,L00454
5XM9_A,L00454
5XNB_C,L01076
5XOG_E,L00811
5XPG_A,L00621
5XUT_A,L00973
5XVN_F,L01077
5XVP_B,L01077
5XX9_A,L01078
5XZB_A,L00005
5Y36_A,L00913
5Y3M_A,L00776
5Y3R_A,L00005
5Y3R_B,L00005
5Y7Q_A,L00931
5YBB_D,L01079
5YBD_A,L00010
5YCZ_A,L01080
5YEG_B,L00264
5YEH_A,L00264
5YEL_B,L00264
5YFP_B,L01081
5YI2_A,L01082
5YI3_A,L01082
5YIW_A,L01083
5YUY_A,L00192
5YX6_A,L01084
5Z3N_A,L00072
5Z40_A,L00014
5Z7D_B,L01085
5ZAD_A,L00327
5ZCW_A,L01086
5ZE0_C,L01087
5ZIK_A,L01088
5ZJR_B,L00023
5ZLN_B,L00776
5ZMC_B,L00010
5ZMN_A,L01089
5ZMO_A,L01090
5ZOG_A,L00242
5ZR1_E,L01091
5ZU1_A,L00249
5ZUP_C,L00249
5ZUX_A,L01092
6A57_A,L00264
6A5N_A,L01093
6A8R_A,L00023
6A9B_A,L01094
6AEG_B,L00913
6AI6_A,L00913
6AJO_A,L01095
6AKO_C,L00010
6AMO_A,L00144
6AS7_A,L00511
6ASB_I,L01096
6ASD_C,L00428
6B0O_A,L00264
6B0R_A,L00264
6B44_A,L00205
6B44_B,L00205
6B44_F,L00205
6B6H_G,L00053
6B6H_I,L00053
6BCF_J,L00009
6BCG_D,L00009
6BCH_A,L00009
6BCI_A,L00009
6BCN_A,L00009
6BD0_A,L00009
6BDA_A,L00009
6BDB_A,L00009
6BFI_B,L01097
6BKG_A,L00645
6BQU_B,L00045
6BRR_A,L01098
6BS3_A,L01099
6BSG_A,L00144
6BTE_A,L00142
6BUX_A,L01023
6BWY_B,L01100
6BZ1_C,L00023
6BZO_D,L00004
6C04_C,L00004
6C26_B,L01101
6C31_A,L01102
6C62_C,L01103
6C66_A,L01104
6C66_M,L01104
6C66_O,L01104
6CCG_A,L00149
6CES_M,L01105
6CFI_A,L00496
6CG8_E,L01106
6CIK_B,L01107
6CIM_A,L01087
6CKM_A,L01108
6COJ_B,L01109
6CQ2_A,L00189
6CRM_A,L00812
6CRO_A,L00671
6CT9_A,L00005
6CTR_A,L00142
6CVP_B,L00901
6CVQ_A,L00901
6CVR_A,L00901
6CVS_A,L00901
6CVT_A,L00901
6D0Z_A,L00192
6D5F_A,L01110
6D5F_a,L01110
6D92_A,L00969
6D95_A,L00969
6DG0_A,L01111
6DGD_A,L00357
6DIC_A,L00142
6DOG_A,L00312
6DOH_A,L00312
6DOS_A,L00312
6DPB_A,L00312
6DPG_A,L00312
6DPI_A,L00312
6DSX_A,L00072
6DT1_A,L01112
6DT7_A,L01113
6DT7_B,L01113
6DTN_B,L01114
6DVC_C,L00004
6DVC_F,L00004
6DWV_A,L01115
6DWW_A,L00816
6E33_A,L01116
6E93_A,L00264
6E94_A,L00264
6EDC_A,L00005
6EDT_C,L00004
6EDT_D,L00004
6EHT_A,L00645
6EMY_B,L01117
6EN0_B,L01117
6EN1_A,L01117
6EO6_H,L00097
6ERQ_C,L00723
6ES2_K,L00023
6ES3_K,L00023
6ESZ_D,L01118
6ET4_A,L01119
6EU0_P,L01120
6EU1_B,L00811
6EXV_B,L00811
6F1K_A,L01121
6F2E_A,L01122
6F2S_A,L01123
6F2S_H,L01123
6F2S_I,L01123
6F59_B,L00023
6FAI_G,L01124
6FB0_A,L00116
6FB0_B,L00116
6FB1_A,L00116
6FB8_A,L00116
6FBC_A,L00072
6FBU_A,L00166
6FF2_A,L01125
6FIX_B,L01126
6FK4_A,L00075
6FKE_A,L00075
6FL1_A,L00166
6FN0_A,L00263
6FQ5_B,L00005
6FQ5_C,L00005
6FQ5_D,L00005
6FQB_E,L01127
6FTX_E,L00005
6FTX_W,L00005
6FWR_A,L01128
6FZS_B,L00183
6FZT_A,L00183
6FZV_A,L01129
6G0A_A,L00898
6G1T_A,L01130
6GAT_A,L00861
6GCF_A,L01131
6GED_A,L01132
6GIS_A,L00645
6GOV_G,L00004
6GOV_N,L00004
6GOV_Y,L00004
6GRH_1,L01133
6GRH_C,L01133
6GTG_A,L00973
6GTS_C,L01134
6GVQ_B,L01135
6GY3_A,L00990
6H0S_A,L00166
6H1V_A,L00898
6H59_A,L01136
6H5E_B,L01137
6HB4_A,L00723
6HD7_v,L01138
6HP7_A,L01139
6HY0_D,L01140
6I1K_A,L00973
6I1L_A,L00973
6I52_B,L00511
6I52_C,L00511
6I5O_A,L01141
6I8A_A,L00898
6I8V_A,L01142
6I9E_H,L01143
6IAW_A,L01144
6IFM_B,L01145
6IIT_B,L01146
6IJA_A,L01147
6IMK_A,L01148
6IMN_A,L01148
6IOD_A,L01095
6IPU_A,L00005
6IPU_C,L00005
6IPU_D,L00005
6IPU_F,L00005
6IQ4_C,L00005
6IR8_A,L01149
6IS7_A,L00511
6IS8_A,L01150
6IUD_A,L01151
6IY2_A,L00005
6IY2_C,L00005
6IY2_D,L00005
6IY3_D,L00005
6IZH_A,L00215
6J2Q_T,L01152
6J4R_A,L01153
6J5B_C,L01153
6J80_B,L01154
6J9C_D,L01155
6J9F_C,L00004
6JBX_A,L01156
6JCY_C,L00004
6JCZ_C,L01157
6JDD_A,L01158
6JDV_A,L01159
6JE4_K,L01159
6JG8_B,L01139
6JMA_C,L00005
6JNI_A,L01160
6JNX_P,L01161
6JRF_A,L01150
6JRG_A,L01150
6JTB_A,L01162
6JTQ_A,L00752
6JUM_A,L00192
6JUN_A,L00192
6JUP_A,L00192
6JUQ_A,L00192
6JUR_A,L00192
6JUS_A,L00192
6JW0_A,L00752
6JW3_A,L00752
6JW5_A,L00752
6JXD_C,L00005
6JXD_D,L00005
6JXD_E,L00005
6JXD_G,L00005
6JYW_A,L01160
6K3J_A,L01023
6K4Q_B,L00913
6K4Y_M,L01163
6K8O_A,L00007
6KBS_B,L01164
6KC8_A,L01159
6KCP_D,L01146
6KCQ_B,L01164
6KDB_A,L01098
6KE9_E,L00005
6KE9_G,L00005
6KF9_B,L00811
6KF9_C,L00811
6KI3_B,L01165
6KKM_E,L01166
6KNB_E,L00645
6KOP_D,L00004
6KS6_Q,L01167
6KSF_A,L01168
6KVO_A,L01150
6L1L_B,L01169
6L2O_A,L00773
6L6Q_A,L00045
6L6S_A,L01095
6L6Y_D,L00057
6L84_A,L00192
6L8E_A,L01170
6LBR_A,L01171
6LC1_A,L00045
6LCT_A,L01150
6LDI_H,L01160
6LLZ_A,L01172
6LMJ_A,L01173
6LNB_G,L00205
6LPV_A,L01174
6LTR_A,L01175
6LTU_A,L01175
6LVW_A,L01176
6LWA_D,L00166
6LWD_A,L00166
6LWL_A,L00166
6LWN_D,L00166
6LWP_A,L00166
6LWR_A,L00166
6LXN_A,L01177
6M0X_A,L00979
6M75_A,L01178
6M9R_A,L01179
6MII_E,L01060
6ML4_A,L00264
6MQ8_A,L00192
6MRJ_B,L01180
6MU4_A,L00072
6MUO_B,L00005
6MUP_A,L00005
6MUP_D,L00005
6MUP_G,L00005
6MUP_M,L00005
6MXO_A,L00192
6MZM_W,L01181
6N1P_B,L00697
6N4C_A,L00004
6N4C_B,L00004
6N4C_C,L00004
6N4C_D,L00004
6N4C_F,L00004
6N7W_H,L00265
6NC9_A,L01182
6NCL_d9,L01183
6NCM_A,L00010
6NE0_F,L00205
6NE3_W,L01184
6NJU_D,L01003
6NL0_A,L00142
6NSM_A,L00162
6NUH_A,L01164
6O0Z_A,L00913
6O19_A,L01116
6O3T_A,L00010
6O71_A,L01185
6O8E_A,L00362
6O8G_B,L00362
6O8H_A,L00362
6O8Q_B,L00205
6O9L_Q,L01186
6O9L_T,L01186
6OBJ_A,L00591
6OD3_A,L00023
6ODM_E,L01187
6OEA_A,L01188
6OFD_A,L01189
6OHB_A,L01190
6OJ0_A,L01191
6OJ0_Z,L01191
6OLA_A0,L01192
6OMV_B,L00973
6OTZ_A,L00144
6OX6_B,L01193
6OY6_D,L00004
6P0C_A,L00645
6P0E_A,L00645
6P18_Q,L01161
6P3E_A,L01194
6P4F_B,L01195
6P4F_C,L01195
6P5C_A,L00072
6P71_D,L00004
6P73_A,L01196
6P7B_A,L01197
6P7E_G,L00258
6P8U_B,L01198
6P93_A,L00075
6P94_A,L00075
6PAX_A,L00212
6PBD_A,L01199
6PBZ_A,L01200
6PCM_A,L00189
6PEU_B,L01201
6PIJ_A,L00205
6PIJ_G,L00205
6PKZ_A,L00142
6PMI_F,L00004
6PNZ_A,L00589
6PR5_A,L01202
6PSQ_J,L00004
6PST_L,L00004
6PT8_A,L01203
6PY8_E,L00382
6Q0C_A,L00281
6Q1V_A,L00645
6Q5U_R,L01204
6QEC_A,L01153
6QEM_G,L01205
6QFD_B,L01206
6QIB_A,L00898
6QJT_A,L01207
6QL9_G,L01208
6QLD_a,L00005
6QLD_b,L00005
6QLD_d,L00005
6QLD_e,L00005
6QLD_g,L00005
6QLD_h,L00005
6QLD_i,L00005
6QP3_A,L01169
6QUA_B,L01206
6QWF_A,L00053
6QWH_A,L00053
6QWK_A,L00053
6QWM_A,L00053
6QX2_J,L00697
6QX2_K,L00697
6QX2_d,L00697
6QX2_k,L00697
6QX2_r,L00697
6QX2_s,L00697
6QX2_u,L00697
6QXF_B,L00913
6QZ9_0A,L01209
6QZK_A,L01210
6R1T_D,L00005
6R1T_G,L00005
6R1U_K,L01211
6R2Q_B,L01212
6R2Q_C,L01212
6R2V_B,L00005
6R2V_C,L00005
6RAR_I,L01112
6RAS_I,L01112
6RAU_I,L01112
6RCN_A,L01154
6RFR_6,L01213
6RIE_A,L00811
6RKW_A,L01214
6RKW_B,L01214
6RNM_A,L00166
6RNR_A,L00166
6RQL_A,L01215
6RWM_A,L00634
6RWO_A,L00634
6RYD_A,L01216
6RZ2_A,L01217
6S16_B,L00893
6S3O_A,L00997
6S3P_A,L00997
6S48_A,L01218
6S6H_B,L01219
6S85_A,L01220
6SA0_A,L00676
6SD0_A,L01221
6SLF_A,L01222
6T0B_J,L01223
6T21_A,L01224
6T2U_B,L00282
6T5X_A,L00089
6T8H_B,L00645
6T8H_C,L00645
6TBZ_A,L00183
6TC9_A,L00166
6TCE_A,L00183
6TJJ_AAA,L01225
6TNY_A,L00511
6TQN_G,L00004
6TQN_Y,L00004
6TRA_A,L01226
6TUX_A,L00242
6TXR_A,L00524
6U0M_2,L01060
6U0M_4,L01060
6U0M_7,L01060
6U81_A,L01227
6U82_D,L01227
6U8W_A,L01098
6U8X_A,L01098
6U90_A,L01098
6U91_A,L01098
6UBF_A,L00496
6UG1_A,L00496
6UH5_L,L01228
6UH5_N,L01228
6UIS_A,L00144
6UJZ_A,L00144
6UKF_X,L01229
6UMM_C,L01230
6UOL_A,L00142
6UQI_A,L00192
6UR4_A,L00072
6USO_A,L01231
6USQ_A,L01231
6UT6_G,L01232
6UVW_D,L00009
6UW0_B,L00009
6UWG_A,L00009
6UWH_A,L00009
6UWJ_A,L00009
6UWK_A,L00009
6V10_1,L00696
6V1G_1,L00696
6V1Z_1,L00696
6V7B_A,L01233
6VAE_A,L01234
6VBW_D,L00205
6VCS_B,L00547
6VDD_A,L00072
6VEN_M,L01228
6VF1_A,L00142
6VG8_D,L00010
6VGD_A,L00010
6VJW_A,L00553
6VPC_B,L00913
6VR2_A,L01235
6VTX_A,L00013
6VU7_C,L01236
6VVY_D,L00004
6VW0_C,L00004
6VYP_K,L01237
6VZJ_AE,L00004
6W0M_A,L00091
6W0Q_A,L00075
6W0R_A,L00091
6W13_A,L00091
6W1A_A,L01238
6W1F_A,L01238
6W2D_K,L01239
6W2P_A,L00075
6W43_A,L00075
6W4I_A,L00075
6W5C_A,L01175
6W7A_A,L01240
6W8B_A,L01098
6W8J_D,L01098
6WB9_2,L01241
6WB9_5,L01241
6WBR_A,L01242
6WC0_A,L01242
6WC2_D,L00023
6WC5_B,L00023
6WC5_I,L00023
6WHI_I,L01243
6WHM_A,L01240
6WKT_A,L01244
6WMC_A,L01245
6WMD_A,L01246
6WMI_A,L00264
6WMU_D,L00004
6WOY_D,L00004
6WPJ_A,L00144
6WQ0_A,L00632
6WQ2_A,L01247
6WQ2_a,L01247
6WVJ_D,L00004
6WYA_A,L00511
6X1J_A,L00670
6X43_A,L00004
6X6D_A,L00045
6X6E_A,L00045
6X74_A,L01069
6X76_A,L01069
6X77_A,L01069
6X7F_AB,L00004
6X9J_A,L00679
6XAS_B,L01248
6XB8_C,L00273
6XBU_A,L00072
6XEO_A,L00004
6XGX_A,L01249
6XH7_G,L01160
6XL5_G,L01250
6XNY_D,L01107
6Y37_C,L01251
6Y39_C,L01251
6Y42_A,L01252
6Y5D_A,L00005
6Y5E_A,L00005
6Y5E_C,L00005
6Y5E_G,L00005
6Y5E_K,L00005
6Y6G_A,L01253
6Y79_2,L01254
6YCQ_A,L00894
6YJ4_f,L01255
6YKF_A,L01256
6YL2_A,L01257
6YO9_A,L00054
6YRA_A,L01258
6YRA_B,L01258
6YSL_C,L01259
6YUG_A,L01260
6Z1A_B,L00327
6Z6P_K,L01261
6Z6P_M,L01261
6Z8D_B,L01262
6Z9Q_A,L01263
6ZA3_B,L01264
6ZG8_H,L01265
6ZHE_C,L01266
6ZJ2_B,L01064
6ZMN_A,L00183
6ZNP_A,L01267
6ZTJ_AJ,L01268
6ZZ6_A,L01269
6ZZ6_B,L01269
7A23_Z,L01270
7ABS_A,L01271
7AE5_c,L01272
7AEO_A,L00831
7AGJ_A,L01273
7AH9_1A,L01274
7AH9_1F,L01274
7AH9_1I,L01274
7AH9_1L,L01274
7AI6_B,L00196
7AI7_A,L00196
7AMV_K,L01275
7AMV_W,L01275
7AOE_B,L00811
7AOH_E,L01276
7AOH_I,L01276
7AOH_Y,L01276
7APD_C,L00168
7APD_G,L00168
7AUD_A,L00812
7AW7_D,L01277
7B0H_F,L00511
7B20_B,L00048
7B24_B,L00048
7B25_B,L00048
7B49_A,L00393
7B4D_A,L00393
7B4G_A,L00393
7B5Y_A,L01278
7BHY_A,L01279
7BJQ_A,L01280
7BK8_A,L01281
7BTQ_A,L01282
7BTQ_E,L01282
7BTX_C,L01283
7BWD_L,L00005
7C0G_A,L01284
7C0M_K,L00005
7C4P_A,L00279
7C4P_B,L00279
7C4R_A,L00279
7C7L_A,L01285
7C8Z_B,L01286
7C99_A,L01287
7C9A_A,L01287
7CBY_C,L00010
7CC9_A,L01090
7CCD_A,L01090
7CCJ_B,L01090
7CCQ_C,L00005
7CCQ_K,L00005
7CE1_K,L00038
7CKQ_G,L00238
7CQ4_A,L01288
7CR8_C,L01289
7CRE_A,L00319
7CS1_A,L01235
7CSY_B,L01126
7CY6_A,L01290
7CZO_A,L01291
7D2L_A,L01175
7D3J_A,L01175
7D3V_A,L01023
7D58_A,L00811
7D58_E,L00811
7D7D_I,L00734
7D8T_A,L01292
7D98_P,L01293
7DBW_A,L01294
7DCJ_B,L00981
7DCU_B,L00981
7DKP_A,L01295
7DN2_d,L01296
7DTA_A,L01297
7DV2_A,L01298
7DVV_B,L00311
7DWR_B,L01299
7E1B_A,L00304
7E2C_A,L01300
7E4H_B,L01301
7E80_CE,L01302
7EA5_A,L00005
7EA5_C,L00005
7EA5_K,L00005
7EA8_A,L00005
7EA8_C,L00005
7EA8_L,L00005
7EDB_A,L01303
7EDS_A,L00393
7EEB_H,L01304
7EF9_A,L00281
7EGA_o,L00811
7EGK_B,L01305
7EJ6_A,L01287
7EJE_A,L01287
7EL1_A,L00979
7EL3_A,L00311
7ELN_A,L00205
7ELN_B,L00205
7EN4_A,L01306
7EQG_G,L00205
7EXT_B7,L01307
7EZJ_k,L00393
7F0R_C,L00004
7F0R_D,L00004
7F4Y_B,L00060
7F75_C,L00004
7F75_G,L00004
7F9F_B,L01308
7FDE_G,L01309
7FTN_A,L00005
7JGS_D,L01310
7JM4_A,L00010
7JN3_A,L00634
7JQQ_A,L01311
7JRJ_H,L01312
7JU3_B,L00162
7JVT_D,L01313
7JW1_B,L01314
7JW1_E,L01314
7JY8_A,L01315
7K30_A,L01316
7K31_A,L01316
7K6P_F,L00005
7K6Q_A,L00005
7K6Q_D,L00005
7K6Q_K,L00005
7K9Y_A,L01317
7KC0_A,L00511
7KHE_D,L00004
7KHI_F,L00004
7KIF_J,L00004
7KII_A,L01318
7KIN_M,L00004
7KQN_A,L01231
7KR4_A,L00645
7KSP_A,L01319
7KTK_A,L00142
7KTQ_A,L00005
7KZ1_A,L00553
7KZV_U,L01234
7L1K_B,L01320
7L34_A,L00645
7L35_A,L00645
7L49_A,L01285
7L4C_A,L01321
7L4H_A,L01321
7L4K_A,L01321
7L4N_A,L01321
7L4X_B,L01322
7LBW_A,L00723
7LCC_A,L01323
7LH9_B,L01324
7LHZ_C,L00327
7LIV_r,L01325
7LO5_A,L01326
7LSY_Y,L01327
7LT5_B,L01328
7LUF_B,L01329
7LV8_A,L00005
7LV8_B,L00005
7LYT_A,L01330
7M0D_B,L00142
7M0E_A,L00142
7M3R_L,L01331
7M49_A,L00142
7M7T_A,L00192
7MCA_C,L01332
7MG6_A,L00939
7MI4_A,L01289
7MI4_E,L01289
7MK1_A,L01333
7MR3_D,L01028
7MSN_A,L01334
7MTL_A,L01335
7MVS_B,L00327
7MWM_A,L00149
7MXW_Z,L00242
7MXX_Z,L00242
7MZ0_A,L00142
7N3Y_A,L01336
7N8S_A,L01337
7NE6_A,L01338
7NPF_C,L01339
7NWH_ii,L01340
7NX5_A,L00356
7NYX_A,L01341
7O0G_A,L01342
7O0H_A,L01343
7O3H_V,L01344
7O4T_D,L00522
7OA5_B,L00050
7OAR_A,L00997
7OB9_B,L00811
7OB9_M,L00811
7OBN_A,L00485
7OCI_H,L01345
7ODF_A,L01330
7OIY_A,L01346
7OM3_A,L00511
7ON0_AAA,L01347
7OOK_A,L01348
7OUF_B,L00634
7OVB_D,L01349
7OX9_B,L00913
7OXQ_B,L00144
7P0W_A,L01350
7P5X_AC,L00004
7P8L_A,L01350
7PA6_AAA,L01351
7PBO_D,L01352
7PBU_A,L01353
7PDS_A,L01354
7PEL_B,L00634
7PLO_O,L01355
7PSX_A,L00023
7PZB_A,L00053
7Q06_A,L01286
7Q0N_A,L01139
7Q3O_C,L00023
7Q4N_K,L00023
7Q8A_B,L01025
7QAZ_B,L01356
7QF6_B,L01357
7QG9_A,L01358
7QG9_G,L01358
7QG9_L,L01358
7QG9_V,L01358
7QHM_I,L01359
7QO1_B,L00645
7QOF_B,L01360
7QOF_a,L01360
7QOG_C,L01361
7QOI_FS,L01362
7QOJ_D,L01363
7QOJ_E,L01363
7QOJ_I,L01363
7QOK_A,L01364
7QQD_B,L01365
7QRU_F,L01366
7QW6_A,L01328
7R2K_L,L01367
7R2K_S,L01367
7R2K_Y,L01367
7R3X_A,L00898
7R3Y_A,L00898
7R5S_L,L00331
7R5S_N,L00331
7R5S_W,L00331
7R6T_C,L01046
7R6V_D,L01046
7R8H_A,L01368
7R8I_A,L01368
7RAY_A,L00149
7RCC_A,L00009
7RCD_A,L00009
7RCE_A,L00009
7RCF_A,L00009
7RCG_A,L00009
7RGO_A,L00077
7RH2_B,L00010
7RHZ_A,L00083
7RL1_1,L00696
7RPO_C,L00645
7RPW_A,L00645
7RPX_B,L00645
7RPX_E,L00645
7RRO_e,L01369
7RSU_A,L00511
7RT0_A,L01370
7RTI_C,L00382
7S01_A,L01371
7S01_C,L01371
7S01_D,L01371
7S01_c,L01371
7S01_d,L01371
7S36_P,L00913
7S9W_A,L01372
7SBA_A,L01373
7SBA_H,L01373
7SBA_I,L01373
7SQK_C,L01374
7SQK_E,L01374
7SR6_A,L00144
7SS5_A,L00591
7SU3_A,L01375
7SUM_A,L00645
7SUV_B,L00075
7SVU_X,L01376
7T18_A,L01069
7T21_A,L00512
7T3L_A,L00205
7T8K_A,L01377
7TAW_J,L01378
7TEA_B,L00929
7TFH_B,L00734
7TIB_F,L00645
7TMR_H,L01379
7TQB_H,L00052
7TQB_L,L00052
7TQW_A,L00511
7TR7_A,L00075
7TRA_A,L01380
7TRA_D,L01380
7TRA_Q,L01380
7TXJ_A,L01247
7TXJ_a,L01247
7TZV_M,L01381
7U02_M,L01381
7U06_G,L01382
7U1T_A,L00032
7U5C_E,L01383
7U5D_B,L00205
7U5D_I,L00205
7UBL_A,L01384
7UBN_Q,L01385
7UBU_A,L01386
7UFI_1,L00205
7UGW_B,L00697
7UGW_C,L00697
7UIN_D,L01317
7UNG_P,L01387
7UUX_A,L00005
7UWH_C,L00665
7UXD_A,L01023
7UY6_A,L01388
7V59_B,L00913
7V5N_E,L00052
7V5N_F,L00052
7V6W_B,L01389
7V90_D,L00005
7V9G_D,L01390
7V9I_A,L01390
7V9U_A,L00323
7VE5_A,L00949
7VG8_A,L01391
7VJQ_A,L01392
7VN3_A,L01393
7VOV_A,L00010
7VS4_A,L01394
7VS4_B,L01394
7VS4_C,L01394
7VW3_A,L00979
7VWY_G,L00070
7W1K_A,L00049
7W1Y_5,L01060
7W5X_K,L01395
7W7T_A,L01396
7WAY_A,L01397
7WB3_A,L00628
7WJU_A,L01398
7WLR_A,L00005
7WLR_B,L00005
7WLR_D,L00005
7WLR_G,L00005
7WM3_A,L00218
7WMP_a,L01399
7WNH_D,L00880
7WNR_B,L01400
7WWV_B,L00205
7WWV_C,L00205
7X1N_C,L00023
7X5A_A,L01353
7X5E_B,L00010
7X5E_E,L00010
7X5G_B,L00010
7X7P_M,L01352
7X7Q_A,L00050
7XAQ_B,L01401
7XCR_C,L00005
7XCR_L,L00005
7XCT_D,L00005
7XCT_F,L00005
7XD0_D,L00005
7XG0_A,L01402
7XG0_D,L01402
7XG3_L,L01403
7XHV_B,L01404
7XI3_B,L01405
7XJG_A,L00323
7XJG_J,L00323
7XJP_B,L01406
7XLT_H,L00052
7XLT_L,L00052
7XML_C,L01407
7XN7_B,L00811
7XP3_A,L01408
7XQ5_A,L01409
7XQ5_B,L01409
7XUZ_H,L00023
7XV6_A,L00045
7XV8_A,L00045
7XYF_D,L00005
7XZX_K,L00393
7Y01_A,L01410
7Y43_A,L01411
7Y7R_A,L01412
7Y8R_M,L01413
7YE1_A,L00004
7YEO_B,L01414
7YMI_Z,L01415
7YOJ_A,L01416
7YQ3_F,L01417
7YQK_C,L00005
7YRD_E,L00005
7YRD_G,L00005
7YRD_K,L00005
7YZA_A,L00010
7YZO_A,L01220
7Z0S_C,L01418
7Z0S_D,L01418
7Z0S_G,L01418
7Z0U_A,L01419
7Z1O_A,L00811
7Z1O_E,L00811
7Z3X_A,L01025
7Z4B_EA,L01420
7Z4W_1,L01421
7Z5I_A,L00182
7Z5K_A,L00182
7Z5Z_A,L01422
7ZHJ_b,L01423
8A0X_A,L01014
8A0X_D,L01014
8A1C_A,L00203
8A3T_O,L01424
8A3T_Q,L01424
8A40_B,L00811
8A5T_A,L01425
8A93_A,L01426
8AAN_A,L01427
8AAS_B,L01428
8AG6_A,L00196
8AGE_C,L01429
8AGE_E,L01429
8AMU_F,L01430
8APM_C,L01431
8ASC_F,L00005
8ASC_K,L00005
8ATT_B,L01432
8AXK_O,L01274
8B1T_B,L00282
8B4B_W,L01177
8B4D_C,L01177
8B6K_A,L00898
8B76_B,L00898
8B7E_B,L00898
8BAR_A,L01433
8BBG_C,L01434
8BD5_E,L01376
8BIP_A,L01435
8BIP_B,L01435
8BPX_N,L01254
8BPX_n,L01254
8BRI_C,L01259
8BVW_3,L01436
8BX1_E,L00057
8BYX_B,L00023
8BZM_B,L00010
8BZM_E,L00010
8C24_A,L01437
8C56_A,L00828
8C7S_A,L01438
8C7U_D,L01438
8C81_E,L01439
8C84_B,L00023
8CDN_A,L00023
8CEO_5,L00998
8CID_A,L01440
8CRO_C,L00811
8CSZ_D,L00006
8CWW_P,L01441
8D0B_A,L01383
8D0B_B,L01383
8D0K_B,L01383
8D0K_D,L01383
8D2L_A,L01242
8D2M_A,L01164
8D3M_A,L01289
8D3M_E,L01289
8D3M_I,L01289
8D3P_B,L01289
8D3P_E,L01289
8D4A_A,L01442
8DEJ_C,L01443
8DEJ_J,L01443
8DF8_A,L01444
8DFS_M,L01445
8DLF_A,L00032
8DQ1_C,L01446
8DQW_E,L00734
8DR0_C,L00734
8DR0_D,L00734
8DR1_C,L00734
8DTP_A,L01447
8DUE_B,L01447
8DW0_A,L00281
8DW8_A,L00145
8DWE_A,L00281
8DWF_A,L00281
8DWJ_A,L01448
8DY7_H,L01449
8DY9_B,L00004
8DY9_C,L00004
8DY9_D,L00004
8DY9_I,L00004
8DZJ_A,L01398
8E2P_B,L01450
8E2Q_B,L01450
8E3S_A,L01451
8E5D_A,L00813
8E66_A,L00010
8E67_F,L00010
8E9A_A,L00454
8EA4_O,L01452
8EB5_A,L01453
8EBT_A,L00330
8EBT_B,L00330
8EBT_H,L00330
8EBT_K,L00330
8EFV_B,L01352
8EG8_J,L00004
8EH8_J,L00004
8EJ3_D,L00004
8EKI_C,L01454
8EKI_D,L01454
8EMH_B,L01455
8EPX_D,L01456
8ER8_A,L01457
8ESW_AL,L01458
8F3C_J,L00004
8F69_A,L01459
8F6B_F,L01459
8FCJ_A,L01460
8FCJ_H,L01460
8FCJ_I,L01460
8FCV_P,L01461
8FFI_A,L01462
8FGW_A,L01463
8FGW_C,L01463
8FIJ_B,L01023
8FIK_A,L01023
8FLJ_B,L00205
8FLJ_F,L00205
8FLJ_G,L00205
8FS2_B,L01328
8FS3_C,L00734
8FW5_H,L01464
8FW5_I,L01464
8FW7_D,L01465
8FYB_C,L00986
8FYC_A,L00986
8FYC_C,L00986
8FYC_K,L00986
8FZT_E,L00913
8G0H_D,L00831
8G0L_B,L01466
8G0Z_A,L01447
8G1S_J,L00004
8G2Q_A,L00005
8G2W_J,L00004
8G6S_K,L00005
8G7E_J,L00004
8G9U_A,L01443
8G9U_G,L01443
8G9U_H,L01443
8G9U_N,L01443
8G9U_P,L01443
8GAO_G,L01448
8GCC_A,L00327
8GH8_A,L01353
8GIS_A,L00005
8GLV_5H,L01467
8GLV_DC,L01467
8GLV_DO,L01467
8GLV_Em,L01467
8GLV_Ey,L01467
8GLV_FO,L01467
8GLV_HX,L01467
8GLV_Hx,L01467
8GLV_IT,L01467
8GME_C,L01468
8GMU_F,L01315
8GRM_A,L00005
8GRM_C,L00005
8GRM_D,L00005
8GRM_F,L00005
8GRM_P,L00005
8GRQ_C,L00005
8GZH_C,L00004
8GZH_D,L00004
8GZH_Z,L00004
8H0L_A,L01469
8H38_M,L01470
8H3V_S,L01471
8H40_A,L00004
8H40_B,L00004
8H40_E,L00004
8H9H_G,L00013
8HCL_A,L00010
8HCM_A,L00010
8HD0_E,L01472
8HFS_B,L01473
8HG1_A,L00923
8HHL_A,L01474
8HI1_A,L00986
8HKC_E,L01475
8HQY_F,L00005
8HR1_A,L00005
8HR1_B,L00005
8HR1_C,L00005
8HR1_D,L00005
8HR5_A,L01476
8HVR_D,L00004
8HVR_H,L00004
8HYJ_E,L00811
8I23_C,L00004
8I23_D,L00004
8I24_F,L01477
8I54_A,L00973
8I8B_J,L01478
8IA3_E,L01479
8IAZ_A,L01480
8IDB_D,L01481
8IEJ_D,L00005
8IF8_B,L01482
8IHM_N,L01483
8IJO_A,L01131
8IJP_A,L01131
8IK4_A,L01131
8IK5_C,L00023
8IKD_A,L01131
8IKE_C,L00023
8ILE_B,L00454
8ILF_B,L00454
8ILG_A,L00454
8ILI_A,L00454
8ILW_C,L00023
8IMQ_A,L01484
8IN8_C,L01485
8IP0_B,L01486
8IPP_B,L01487
8IQI_C,L01488
8ISZ_B,L01462
8ITY_O,L01489
8IUF_QB,L00617
8IYJ_3,L01490
8IYJ_A,L01490
8IYJ_T3,L01490
8IYK_E,L01491
8J07_2R,L01492
8J07_T,L01492
8J0R_A,L01493
8J12_A,L01398
8J1J_A,L01398
8J3R_A,L01398
8J4X_I,L01494
8J54_C,L00045
8J7S_B,L01462
8J8G_A,L00923
8J8G_B,L00923
8J9G_B,L01462
8JCH_B,L00811
8JFR_C,L01495
8JFU_B,L01496
8JG9_A,L00979
8JHF_C,L00005
8JHG_F,L00005
8JHG_G,L00005
8JKK_D,L01497
8JKL_C,L00010
8JKN_C,L00010
8JL0_A,L01498
8JMJ_A,L01151
8JO2_H,L00304
8JPX_A,L01499
8JQ0_D,L01500
8JTJ_A,L01159
8K21_A,L00205
8K22_A,L00205
8K22_B,L00205
8K22_C,L00205
8K22_D,L00205
8K22_G,L00205
8K23_B,L00205
8K24_B,L00205
8K24_D,L00205
8K25_A,L00205
8K25_e,L00205
8K3D_A,L01501
8K4L_A,L01502
8K58_C,L00004
8K58_D,L00004
8K59_F,L00004
8K60_D,L00004
8K8C_A,L00132
8K8U_A,L00923
8KA5_A,L00075
8KBG_D,L01503
8KFR_A,L01150
8KFV_A,L01150
8KGQ_A,L01504
8KH1_A,L01505
8OF4_C,L00005
8OK9_A,L01506
8OKI_A,L00811
8OKI_B,L00811
8OL1_A,L00005
8OL1_C,L00005
8OL1_D,L00005
8OL1_G,L00005
8OL1_K,L00005
8OM1_d,L01507
8OM1_e,L01507
8OO7_A,L00005
8OOY_A,L00072
8OSB_A,L00023
8OSB_B,L00023
8OSB_E,L00023
8OTS_N,L00029
8OTT_C,L00005
8OTT_D,L00005
8OTT_E,L00005
8OTT_M,L00005
8OTT_N,L00005
8OUC_CCC,L00790
8OVW_L,L01508
8OVW_Z,L01508
8OW1_HH,L01509
8OW1_II,L01509
8OW1_KK,L01509
8OW4_B,L00010
8OY8_A,L01086
8OZE_F,L01485
8P0J_B,L00811
8P0J_H,L00811
8P0J_I,L00811
8P0U_A,L01510
8P0X_O,L01511
8P5Q_A,L01512
8P65_J,L01513
8PBZ_B,L01514
8PDY_J,L00004
8PID_P,L01515
8PIL_I,L00004
8PKI_K,L00045
8PM4_A,L01474
8PMC_A,L00023
8PMF_A,L00023
8PMN_A,L00023
8PNA_A,L00023
8PPT_B,L00645
8PS5_A,L01516
8PUZ_A,L01517
8PVV_A,L01506
8PW0_A,L00105
8Q1B_H,L01518
8Q1B_J,L01518
8Q3E_DDD,L00005
8Q3W_A,L01519
8Q40_A,L01520
8Q42_A,L01520
8Q44_B,L01520
8Q4D_C,L01519
8Q4D_E,L01519
8Q9N_B,L00023
8QA9_C,L00516
8QBL_E,L00323
8QDX_C,L01214
8QKT_DDD,L00005
8QKT_GGG,L00005
8QKU_Z,L01521
8QLP_E,L01462
8QMB_A,L00327
8QOX_A,L01522
8QQI_A,L00697
8QSZ_B,L00811
8QSZ_E,L00811
8QU6_H,L01523
8QUE_B,L01524
8QUE_D,L01524
8QUE_E,L01524
8QWF_A,L00973
8QYV_C,L00005
8QYV_V,L00005
8R2M_D,L00004
8R2M_J,L00004
8R4Z_A,L01525
8R7C_A,L00196
8R7C_F,L00196
8R7E_B,L00196
8R7F_A,L00023
8R7F_E,L00023
8R7Y_A,L01526
8R7Z_A,L00023
8RAW_B,L00196
8RAZ_A,L00196
8RB1_A,L00196
8RB1_B,L00196
8RC3_B,L01402
8RC3_F,L01402
8RC3_G,L01402
8RC4_h,L01527
8RCO_A,L01528
8RDJ_C,L00004
8RDU_C,L01376
8RDU_D,L01376
8RE4_C,L00004
8RE4_D,L00004
8RE4_M,L00004
8REB_M,L00004
8REC_M,L00004
8RED_M,L00004
8REE_M,L00004
8RFJ_M,L01402
8RGR_a,L01529
8RM6_A,L00045
8RPX_D,L01530
8RQZ_C,L01531
8RVP_6,L01532
8RWV_C,L01310
8RWV_D,L01310
8RWV_E,L01310
8RXD_B,L01533
8RZV_A,L00218
8S1P_L,L01534
8S35_F,L01535
8S35_G,L01535
8S35_M,L01535
8S37_B,L01536
8S4T_A,L01537
8S5A_A,L00645
8S70_D,L01315
8S7G_C,L01315
8S82_K,L01538
8S82_L,L01538
8S8P_K,L01538
8S8P_L,L01538
8S8P_R,L01538
8S8Q_B,L00806
8SCG_A,L00072
8SCO_A,L00072
8SFH_A,L00973
8SFN_A,L00973
8SH0_A,L00293
8SMX_G,L00005
8SMY_L,L00005
8SN4_M,L00005
8SOK_D,L01539
8SP0_A,L01462
8SP1_F,L00010
8SRS_A,L00913
8SSQ_A,L01059
8SSS_D,L00264
8SST_D,L00264
8SUK_D,L01257
8SVD_E,L01257
8SZW_J,L00004
8T00_J,L00004
8T0L_I,L00004
8T0L_J,L00004
8T3X_A,L00511
8T9X_A,L01540
8TAC_A,L01541
8TCI_A,L01098
8TEW_K,L01239
8TFD_A,L01542
8TJE_A,L01540
8TKM_A,L00016
8TO0_8,L01543
8TP8_D,L00004
8TQS_H,L00097
8TRO_b,L01544
8TVC_A,L01245
8TVR_G,L01545
8TVY_B,L00811
8TWB_1,L00734
8TWB_2,L00734
8TWB_3,L00734
8TZZ_A,L00913
8U0O_A,L00142
8U0P_A,L00142
8U0U_A,L01546
8U13_G,L00005
8U3K_A,L01546
8U3Y_A,L00913
8U8L_B,L01547
8U9L_A,L00016
8UBI_A,L00005
8UBI_C,L00005
8UBI_D,L00005
8UC3_C,L01548
8UH7_C,L00734
8UK9_C,L00734
8UK9_F,L00734
8UMF_A,L01549
8UMV_B,L00734
8UMV_C,L00734
8UMV_D,L00734
8UMV_E,L00734
8UNF_A,L00734
8UNF_B,L00734
8UPF_G,L00005
8URW_C,L00004
8URW_D,L00004
8URW_Z,L00004
8URY_AB,L01515
8USP_A,L01550
8UUC_A,L01551
8UVK_B,L00304
8UVX_A,L00304
8UW3_A,L01552
8UX1_L,L00012
8V1Q_A,L01329
8V1U_A,L00645
8V1V_A,L00645
8V32_J,L01553
8V6H_A,L00511
8V6I_D,L01383
8V9K_z,L01554
8VAL_E,L01555
8VAQ_C,L00569
8VAQ_F,L00569
8VCD_A,L01556
8VCJ_B,L01557
8VCJ_X,L01557
8VG2_G,L00005
8VLR_B,L00005
8VLR_D,L00005
8VMJ_K,L00005
8VMJ_S,L00005
8VMS_A,L00020
8VO0_M,L00005
8VO0_S,L00005
8VWI_N,L01558
8VXY_B,L01559
8VZL_A,L00645
8W1P_A,L00205
8W2Q_A,L01560
8W2Q_C,L01560
8W34_A,L00634
8W8D_d,L01561
8WA0_C,L00004
8WA1_B,L00004
8WAK_p,L00811
8WD8_A,L01499
8WFD_E,L01562
8WG5_C,L00005
8WIK_A,L01563
8WK3_o,L01564
8WOH_B,L01565
8WPE_A,L00923
8WPK_B,L01566
8WR4_B,L01567
8WRU_A,L01568
8WS5_A,L01569
8WT9_A,L01570
8WUS_E,L01571
8WUV_A,L00913
8WW7_E,L01488
8X15_S,L00322
8X15_T,L00322
8X5V_A,L01159
8X6G_C,L00004
8X6G_D,L00004
8X6G_H,L00004
8X7I_A,L00005
8X7I_C,L00005
8X7J_C,L00005
8X7K_C,L00005
8X7K_F,L00005
8X7K_G,L00005
8XA7_H,L01572
8XAK_A,L01041
8XAW_B,L01573
8XHV_A,L01574
8XIH_B,L01368
8XJ8_A,L01431
8XJV_Ab,L00005
8XJV_Aq,L00005
8XJV_L,L00005
8XJV_w,L00005
8XK9_D,L00072
8XMC_B,L00811
8XMC_E,L00811
8XPM_W1,L01575
8XRF_B,L00327
8XWC_A,L00091
8XX4_A,L00811
8XX4_B,L00811
8XX4_D,L00811
8XX5_G,L01576
8Y0A_A,L00973
8Y0B_A,L00973
8Y3Z_A,L00133
8Y80_E,L01498
8Y9M_A,L01577
8YEY_A,L01578
8YI8_C,L01579
8YIX_g,L01580
8YJZ_D,L00242
8YJZ_H,L00242
8YKF_E,L01581
8YLG_A,L00311
8YLI_B,L00311
8YMZ_E,L00013
8YON_C,L01582
8YQZ_B,L00811
8YV7_A,L01583
8YV8_K,L01584
8YWH_A,L00979
8YXW_A,L01578
8YZT_C,L01585
8Z0K_A,L00205
8Z0K_E,L00205
8Z2N_CA00,L00329
8Z2O_A,L01586
8Z79_A,L01586
8Z92_B,L01485
8Z96_B,L01462
8ZBF_A,L01542
8ZDA_A,L00979
8ZIC_A,L01587
8ZIT_M,L01573
8ZL2_A,L01588
8ZNJ_A,L01589
8ZNJ_B,L01589
8ZP9_H,L00928
8ZPO_A,L01590
8ZQC_A,L01591
8ZQH_A,L01568
8ZW9_C,L01592
9ANT_A,L00023
9AR6_A,L01159
9B2S_E,L00005
9B2T_K,L01593
9B7Y_A,L01594
9B8R_E,L00898
9B8T_B,L00645
9BC5_F,L01595
9BCU_A,L00811
9BCU_G,L00811
9BDD_A,L00808
9BDW_A,L00016
9BE6_A,L00005
9BE6_C,L00005
9BE6_D,L00005
9BE6_F,L00005
9BF5_C,L01546
9BGJ_A,L00591
9BGK_E,L01546
9BS2_A,L00281
9BS3_A,L00645
9BS4_A,L00645
9BVD_C,L00057
9BYR_B,L01596
9BZ0_E,L00811
9BZ0_f,L00811
9C0I_A,L01597
9C3U_B,L01598
9C4D_C,L01599
9C4K_B,L01600
9C4K_P,L01600
9C5G_B,L01377
9C5Q_A,L01601
9C9W_A,L00007
9C9Y_A,L00007
9CB5_D,L00052
9CB5_H,L00052
9CG4_E,L01602
9CHN_A,L01126
9CJI_A,L00973
9CK2_F,L00010
9CL7_E,L00645
9CMA_A,L00645
9CP2_A,L01367
9CVT_B,L01603
9CYY_0,L01604
9D3K_A,L00005
9D3K_B,L00005
9D3K_C,L00005
9D3K_D,L00005
9D3K_H,L00005
9D3L_C,L00005
9D3L_E,L00005
9D3M_D,L00005
9D3N_A,L00005
9D3N_C,L00005
9D3N_D,L00005
9D3N_G,L00005
9D3O_C,L00005
9D3O_D,L00005
9D3P_A,L00005
9D3P_C,L00005
9D3P_D,L00005
9D3Q_B,L00005
9D3Q_C,L00005
9D3Q_D,L00005
9D3Q_E,L00005
9D3R_A,L00005
9D3R_C,L00005
9D3R_D,L00005
9D3S_C,L00005
9D3S_D,L00005
9D3T_B,L00005
9D3T_C,L00005
9D3T_E,L00005
9D3T_H,L00005
9D4S_A,L01605
9D5L_A,L01606
9D6N_B,L00072
9DBH_A,L01607
9DIH_B,L01608
9DLS_C,L00512
9DM9_A,L00144
9DP2_A,L00075
9DP3_A,L00075
9DP4_A,L00075
9DQN_B,L01609
9E2W_Y,L01610
9E5C_1r,L01611
9E5Y_A,L00060
9E6N_A,L01287
9E88_C,L00004
9E88_D,L00004
9E8Z_C,L00323
9E8Z_H,L00323
9E99_B,L01612
9EA3_A,L00060
9EAR_B,L00005
9ECO_A,L00512
9ECP_A,L00005
9ECP_B,L00005
9ECP_C,L00005
9ECP_D,L00005
9EFF_B,L01613
9EFW_A,L00010
9EH1_B,L00811
9EH1_E,L00811
9EH1_U,L00811
9EL5_A,L01614
9EMI_A,L00511
9EOA_A,L00645
9EOA_G,L00645
9ERK_B,L01615
9EWB_A,L00142
9EWC_C,L00142
9EWD_A,L00142
9EWG_A,L00142
9EWZ_C,L01616
9EZ5_A,L01617
9EZ7_A,L01617
9EZD_A,L01617
9EZY_A,L01546
9EZY_B,L01546
9EZZ_A,L01465
9F09_A,L01618
9F0O_B,L00005
9F0O_C,L00005
9F0O_D,L00005
9F0O_E,L00005
9F10_F,L01619
9F38_A,L01617
9F3T_A,L01620
9F5Y_T,L01254
9F5Y_V,L01254
9F5Y_W,L01254
9F6L_A,L00898
9F7D_A,L01621
9F7G_A,L01621
9F7L_O,L01621
9FDK_C,L01622
9FNE_X,L01623
9FNE_Y,L01623
9FOY_A,L00327
9FSO_Z,L01624
9FWY_A,L00806
9FYX_B,L00811
9G19_A,L00806
9G44_A,L01042
9G44_F,L01042
9G7F_C,L01625
9GA4_B,L00675
9GBV_A,L01214
9GBV_B,L01214
9GC3_C,L01626
9GDA_F,L00936
9GDR_C,L00004
9GDS_H,L01627
9GE5_B,L00005
9GE5_G,L00005
9GE5_I,L00005
9GE5_Q,L00005
9GE5_T,L00005
9GEF_A,L00327
9GER_L,L01628
9GEV_B,L00005
9GFM_M,L00005
9GFM_P,L00005
9GFM_Q,L00005
9GFM_S,L00005
9GFM_T,L00005
9GM2_C,L00200
9GM9_C,L01629
9GMA_B,L01341
9GO6_1,L01630
9GPJ_A,L00218
9GS9_A,L00205
9GS9_C,L00205
9GSX_W,L01631
9GUJ_F,L00053
9GUR_4,L00004
9GXH_A,L01632
9GY0_G,L00645
9GY4_F,L01633
9H1H_C,L01077
9H1V_A,L01077
9H1V_B,L01077
9H2H_B,L01634
9H72_L,L00913
9H7Y_B,L01635
9H8W_A,L01636
9HCF_M,L01637
9HGI_A,L01638
9HGJ_A,L01638
9HJO_B,L00810
9HJU_B,L01639
9HP9_A,L00913
9HP9_O,L00913
9HQX_B,L01640
9HQX_d,L01640
9HR5_C,L01641
9HU3_A,L01642
9HXG_A,L01643
9HXI_A,L01643
9I04_A,L00005
9I04_B,L00005
9I16_A,L00812
9I16_D,L00812
9I22_A,L00812
9I2F_A,L01644
9I5I_B,L01645
9IAD_A,L01646
9IBQ_A,L01647
9IGX_B,L00005
9IGX_C,L00005
9IGX_K,L00005
9IGX_L,L00005
9II8_A,L01648
9ILL_A,L01649
9ILZ_A,L01650
9IMH_A,L01651
9IMR_A,L01652
9IMV_A,L01653
9IRF_A,L00205
9IS6_H,L01654
9ISN_C,L00004
9ITJ_X,L01655
9IU2_A,L01656
9IX4_A,L01657
9IXM_B,L01658
9IZQ_A,L01659
9J13_A,L01660
9J1M_0,L01661
9J89_D,L00249
9J8G_A,L00249
9J8M_K,L00352
9JFP_A,L01662
9JH7_A,L01210
9JHL_A,L01210
9JNK_C,L00697
9JO8_A,L00813
9JO8_D,L00813
9JPJ_K,L01663
9JSZ_A,L01485
9JT2_B,L01485
9JXS_D,L01664
9JXS_E,L01664
9JYZ_P,L01665
9JYZ_U,L01665
9JZT_A,L00264
9K11_E,L00811
9K32_A,L01666
9K39_B,L00811
9K3N_B,L00121
9K3U_P,L01667
9K6I_A,L01552
9K9S_A,L00923
9K9S_B,L00923
9K9T_C,L01566
9KCQ_A,L01487
9KDQ_A,L00811
9KGT_A,L00327
9KH2_A,L00013
9KHY_a,L01668
9KHZ_A,L01546
9KI1_A,L01669
9KI1_G,L01669
9KI1_O,L01669
9KI1_a,L01669
9KJ6_A,L00913
9KK2_A,L00323
9KL8_A,L00091
9KLO_A,L01670
9KNU_M,L01671
9KQH_A,L01672
9KY4_D,L00813
9L06_B,L00005
9L0D_B,L01673
9L0X_C,L00004
9L0X_J,L00004
9L12_E,L01577
9L1X_C,L00005
9L55_B,L01674
9L76_A,L01675
9L87_B,L01676
9L8C_B,L00657
9L8D_A,L00657
9L8E_A,L01677
9L8U_A,L01678
9L9S_B,L01679
9LC2_B,L01365
9LCW_B,L01677
9LCX_A,L01680
9LCZ_A,L01680
9LD1_A,L01680
9LDA_A,L01681
9LDF_A,L01681
9LEB_A,L00923
9LIQ_A,L00006
9LJ2_A,L00005
9LJ2_C,L00005
9LJ8_A,L01682
9LJE_A,L01597
9LK0_A,L01683
9LLQ_B,L01684
9LM3_A,L01644
9LMN_B,L01685
9LNJ_A,L01686
9LNP_E,L00096
9LNQ_E,L00096
9LP9_A,L01687
9LTM_A,L01679
9LYV_A,L00023
9M0K_A,L01149
9M74_A,L01393
9M7T_A,L01688
9M7Y_F,L01689
9M98_C,L00004
9M98_D,L00004
9M98_M,L00004
9M9D_D,L00004
9M9D_M,L00004
9MJ5_C,L00511
9MJ5_S,L00511
9MK3_E,L00973
9MKB_0,L01690
9MKB_A0,L01690
9MKB_A6,L01690
9MKB_AB,L01690
9MKB_AC,L01690
9MKX_A,L00973
9MMI_B,L00278
9MOG_UL,L01691
9MOG_WI,L01691
9MOG_YC,L01691
9MOG_iC,L01691
9MOG_k3,L01691
9MOG_m1,L01691
9MOG_o0,L01691
9MRD_A,L01676
9MRX_A,L01692
9MRX_D,L01692
9MSF_A,L01693
9MSG_M,L01694
9MSJ_J,L00004
9MU2_P,L01695
9MU4_a,L00005
9MU4_c,L00005
9MU4_d,L00005
9MU5_a,L00005
9MU5_b,L00005
9MU5_g,L00005
9MU8_A,L00811
9MU8_B,L00811
9MU8_E,L00811
9MVY_D,L01386
9MYE_A,L00511
9N07_A,L00004
9N07_J,L00004
9N3Y_A,L01402
9N3Z_B,L01402
9N3Z_D,L01402
9N3Z_H,L01402
9N6B_A,L00323
9N6C_E,L00323
9N6H_A,L00005
9N6H_B,L00005
9N6H_D,L00005
9N6H_K,L00005
9N6I_A,L00005
9N83_F,L01327
9N9Q_A,L00004
9N9Q_C,L00004
9N9Q_F,L00004
9N9Q_G,L00004
9NE6_A,L00898
9NE9_A,L00898
9NFX_C,L00322
9NKD_A,L00192
9NKE_A,L00192
9NL2_A,L01696
9NL3_A,L01696
9NN2_A,L01697
9NNB_C,L00323
9NNH_A,L00323
9NNH_C,L00323
9NO1_D,L01239
9NTA_BO,L01698
9NUX_A,L01060
9NVU_P,L00006
9NY8_A,L00038
9NYS_A,L00645
9NZ9_A,L00091
9NZC_A,L00202
9NZD_A,L00202
9NZT_A,L01398
9O01_A,L00642
9O02_A,L00642
9O0G_B,L01699
9O0G_C,L01699
9O17_AM,L01268
9O8P_A,L01699
9OAC_Ac,L01143
9OAC_Bc,L01143
9OAC_Ca,L01143
9OAD_Da,L01207
9OAE_Da,L01207
9OAT_A,L00511
9OAU_A,L00511
9OAV_A,L00511
9OAW_A,L00511
9OAX_A,L00511
9OAY_A,L00511
9OKD_N,L01700
9OM4_B,L01485
9OW7_B,L00024
9OYJ_A,L01555
9OYJ_E,L01555
9OYL_C,L00569
9P1D_A,L00205
9P1D_E,L00205
9P4J_E,L01687
9P8T_A,L01701
9P8U_A,L01701
9PCP_B,L00330
9PFQ_D,L00004
9PFQ_Q,L00004
9PFV_C,L00004
9PI4_A,L01596
9PI5_A,L01596
9PRO_z,L01702
9PW1_A,L01703
9PXG_B,L01704
9PYM_A,L01705
9PZ7_A,L00009
9PZH_A,L00009
9Q0H_A,L00009
9Q28_D,L01287
9Q7V_A,L00009
9Q7W_A,L00009
9Q7Z_A,L00009
9Q80_K,L00005
9Q90_2,L01693
9Q93_2,L01693
9QCC_Q,L01485
9QCC_V,L01485
9QHS_A,L01706
9QKY_A,L01365
9QLH_A,L01707
9QN8_G,L01287
9QTQ_J,L01708
9QUJ_A,L00072
9QV5_A,L01047
9QV6_A,L01047
9QXR_E,L01709
9QXU_E,L01709
9R35_B,L01710
9R96_B,L01711
9RAH_A,L01712
9RD0_B,L01713
9RD5_H,L01714
9RJS_A,L01371
9RJS_C,L01371
9RL6_A,L01715
9RLT_4,L01716
9RLT_5,L01716
9RQS_A,L00075
9RTD_B,L00524
9RTJ_B,L01135
9RVU_HS,L01717
9RY7_A,L01718
9RZE_Y,L01719
9S19_B,L01720
9S28_A,L00634
9S4Q_Mt,L01721
9S4Q_Nn,L01721
9S5N_Ns,L01722
9S5U_A,L01723
9S5U_D,L01723
9S5U_F,L01723
9S99_B,L01724
9S9B_A,L01725
9SIT_A,L01726
9SW0_B,L01287
9SW0_D,L01287
9T4V_K,L01727
9T56_A,L01570
9T6T_A,L01728
9TAW_X,L00903
9TAX_N,L00331
9TEQ_A,L01712
9TGN_A,L01632
9TGN_B,L01632
9TGW_A,L01632
9TGW_B,L01632
9TOY_B,L00010
9TQ4_A,L01416
9TVU_h,L01729
9TZ9_j,L01730
9U18_F,L00023
9U19_F,L00023
9U4R_BA,L01731
9U4R_CA,L01731
9U6F_H,L01732
9UA2_A,L01549
9UB7_A,L01733
9UB7_B,L01733
9UB7_E,L01733
9UER_A,L01688
9UMC_A,L01734
9UMF_B,L01734
9UP1_B,L01735
9URH_A,L01736
9UX7_A,L01737
9UX7_C,L01737
9UXH_D,L01640
9UXH_F,L01640
9UZO_E,L01738
9UZO_J,L01738
9V2V_G,L00005
9V2V_O,L00005
9V2V_P,L00005
9V2V_R,L00005
9V36_A,L00679
9V7S_A,L01368
9V8A_A,L01368
9VBH_A,L01739
9VBK_A,L01739
9VJ9_B,L00913
9VJA_S,L00913
9VMA_A,L01740
9VNQ_A,L01741
9VRT_N,L00010
9VTP_D,L00205
9VTQ_G,L00205
9VTR_I,L00205
9VWA_A,L01742
9VX7_B,L01743
9W3Z_D,L01744
9W6T_C,L00005
9W6T_D,L00005
9W6T_R,L00005
9W7V_A,L00913
9W7W_A,L01365
9WA7_A,L01365
9WHK_B,L01745
9WMF_A,L01368
9WNO_A,L01746
9WNO_B,L01746
9WS0_A,L00052
9WS0_B,L00052
9WSM_C,L00004
9WSM_D,L00004
9WSM_F,L00004
9X1M_A,L01747
9X25_B,L00777
9X25_C,L00777
9X25_E,L00777
9X3R_A,L01748
9X94_B,L01749
9XGK_E,L00811
9XVF_A,L01365
9XVO_B,L01365
9XY1_A,L00009
9XY2_A,L00009
9XY5_A,L00009
9XY6_A,L00009
9XY8_A,L00009
9XY9_A,L00009
9XYA_A,L00009
9Y1E_A,L00142
9Y3D_O,L01750
9Y43_B,L01751
9Y66_C,L01752
9YD1_A,L00072
9YD2_A,L00072
9YHW_A,L00645
9YHY_A,L00645
9YK1_A,L00312
9YSI_A,L00072
9YYH_A,L01480
9YZL_D,L00023
9Z6Z_A,L01753
9ZBT_A,L00357
9ZBT_H,L00357
9ZBU_H,L00357
9ZBU_T,L00357
9ZEN_C,L00005
9ZEN_D,L00005
9ZGF_C,L01638
9ZNF_AK,L01754
9ZP3_J,L00004
9ZQA_P,L01121
9ZUM_C,L00053
9ZZR_C,L01287
9ZZR_D,L01287
9ZZR_F,L01287
9ZZR_K,L01287
9ZZR_R,L01287
