identifier,interface_phenotype,probability
10EH_C,I_NOISE,0.0
10MI_D,I_NOISE,0.0
10YE_A,I001,0.5931704617249408
10YE_B,I005,0.7122284666151258
10YE_C,I005,1.0
10YE_D,I004,1.0
10YE_L,I_NOISE,0.0
10YH_C,I005,0.9844416480365162
11HU_A,I_NOISE,0.0
11LB_A,I002,0.9844202765629468
11QF_B,I007,0.8830775864395827
11YY_A,I002,0.9844202765629468
12FK_A,I007,0.8460031131741508
1A02_F,I_NOISE,0.0
1A02_J,I_NOISE,0.0
1A02_N,I_NOISE,0.0
1A0A_A,I_NOISE,0.0
1A1G_A,I_NOISE,0.0
1A1H_A,I_NOISE,0.0
1A1I_A,I_NOISE,0.0
1A36_A,I008,0.9843063103648823
1A3Q_A,I_NOISE,0.0
1A66_A,I_NOISE,0.0
1A6B_B,I_NOISE,0.0
1A73_A,I_NOISE,0.0
1AAY_A,I_NOISE,0.0
1AHD_P,I_NOISE,0.0
1AIS_A,I_NOISE,0.0
1AIS_B,I_NOISE,0.0
1AKH_B,I006,1.0
1AM9_C,I_NOISE,0.0
1AN2_A,I_NOISE,0.0
1AN4_A,I_NOISE,0.0
1AOI_C,I005,1.0
1AOI_D,I_NOISE,0.0
1AOI_E,I001,1.0
1AWC_A,I_NOISE,0.0
1AZP_A,I_NOISE,0.0
1B3T_A,I_NOISE,0.0
1B69_A,I_NOISE,0.0
1B8I_B,I006,1.0
1B96_A,I008,0.8573675507863624
1B97_A,I008,0.8573675507863624
1BBX_C,I_NOISE,0.0
1BC8_C,I_NOISE,0.0
1BDH_A,I_NOISE,0.0
1BDT_B,I_NOISE,0.0
1BDV_B,I_NOISE,0.0
1BF4_A,I_NOISE,0.0
1BJ6_A,I_NOISE,0.0
1BNK_A,I008,0.9962292108495882
1BNZ_A,I_NOISE,0.0
1BRN_L,I_NOISE,0.0
1BSS_A,I_NOISE,0.0
1BVO_A,I_NOISE,0.0
1BY4_B,I_NOISE,0.0
1C0W_B,I008,0.9725027945838294
1C7Y_A,I_NOISE,0.0
1C8C_A,I_NOISE,0.0
1C9B_A,I_NOISE,0.0
1C9B_B,I_NOISE,0.0
1CBV_H,I_NOISE,0.0
1CBV_L,I_NOISE,0.0
1CDW_A,I_NOISE,0.0
1CGP_A,I_NOISE,0.0
1CIT_A,I_NOISE,0.0
1CJG_A,I_NOISE,0.0
1CKT_A,I_NOISE,0.0
1CL8_A,I_NOISE,0.0
1CLQ_A,I_NOISE,0.0
1CMA_A,I_NOISE,0.0
1CO0_A,I_NOISE,0.0
1CW0_A,I_NOISE,0.0
1CYQ_A,I008,0.904762510093056
1D02_B,I_NOISE,0.0
1D3U_A,I_NOISE,0.0
1D3U_B,I_NOISE,0.0
1D5Y_A,I_NOISE,0.0
1D8Y_A,I_NOISE,0.0
1DC1_B,I_NOISE,0.0
1DCT_A,I008,0.922327767537035
1DE8_A,I_NOISE,0.0
1DEW_B,I_NOISE,0.0
1DH3_A,I_NOISE,0.0
1DMU_A,I_NOISE,0.0
1DP7_P,I_NOISE,0.0
1DRG_A,I003,0.7765454132559015
1DSZ_B,I_NOISE,0.0
1DU0_B,I_NOISE,0.0
1DUX_C,I_NOISE,0.0
1EA4_F,I_NOISE,0.0
1EBM_A,I008,1.0
1EFA_B,I_NOISE,0.0
1EGW_B,I_NOISE,0.0
1EHL_H,I_NOISE,0.0
1EHL_L,I_NOISE,0.0
1EMH_A,I008,1.0
1EOO_A,I008,0.8573675507863624
1EQZ_E,I_NOISE,0.0
1EVW_A,I_NOISE,0.0
1EWN_A,I_NOISE,0.0
1EYG_A,I_NOISE,0.0
1EYU_A,I_NOISE,0.0
1F0V_A,I_NOISE,0.0
1F2I_G,I_NOISE,0.0
1F44_A,I003,0.7765454132559015
1F4S_P,I_NOISE,0.0
1F5T_A,I_NOISE,0.0
1F6O_A,I008,0.9302671174920106
1FIU_A,I_NOISE,0.0
1FLO_B,I_NOISE,0.0
1FN7_A,I008,1.0
1FOK_A,I_NOISE,0.0
1FOS_E,I_NOISE,0.0
1FYM_A,I_NOISE,0.0
1G2D_C,I_NOISE,0.0
1G2F_C,I_NOISE,0.0
1G38_A,I_NOISE,0.0
1G4D_A,I_NOISE,0.0
1G9Z_A,I_NOISE,0.0
1GAT_A,I_NOISE,0.0
1GCC_A,I_NOISE,0.0
1GD2_E,I_NOISE,0.0
1GDT_A,I_NOISE,0.0
1GJI_A,I_NOISE,0.0
1GLU_A,I_NOISE,0.0
1GM5_A,I_NOISE,0.0
1GT0_D,I_NOISE,0.0
1GXP_A,I_NOISE,0.0
1H6F_B,I008,1.0
1H88_B,I_NOISE,0.0
1H88_C,I_NOISE,0.0
1H89_A,I_NOISE,0.0
1H9D_C,I_NOISE,0.0
1H9T_A,I_NOISE,0.0
1HBX_E,I_NOISE,0.0
1HCR_A,I_NOISE,0.0
1HDD_C,I006,1.0
1HHT_P,I_NOISE,0.0
1HJB_C,I_NOISE,0.0
1HLO_A,I_NOISE,0.0
1HLV_A,I_NOISE,0.0
1HRY_A,I_NOISE,0.0
1HUO_A,I_NOISE,0.0
1HW2_A,I_NOISE,0.0
1HWT_D,I_NOISE,0.0
1HYS_A,I_NOISE,0.0
1HYS_B,I_NOISE,0.0
1I6J_A,I_NOISE,0.0
1I7D_A,I002,0.9844202765629468
1I8M_B,I_NOISE,0.0
1IAW_A,I_NOISE,0.0
1IF1_A,I_NOISE,0.0
1IG4_A,I_NOISE,0.0
1IG7_A,I006,1.0
1IJS_P,I_NOISE,0.0
1IMH_C,I_NOISE,0.0
1IU3_C,I_NOISE,0.0
1J3E_A,I_NOISE,0.0
1J46_A,I_NOISE,0.0
1J47_A,I_NOISE,0.0
1J5N_A,I_NOISE,0.0
1J5O_A,I009,1.0
1J5O_B,I_NOISE,0.0
1JEY_B,I_NOISE,0.0
1JFI_C,I_NOISE,0.0
1JFS_A,I_NOISE,0.0
1JFT_A,I_NOISE,0.0
1JGG_A,I_NOISE,0.0
1JH9_A,I_NOISE,0.0
1JJ4_B,I_NOISE,0.0
1JK2_A,I_NOISE,0.0
1JMC_A,I_NOISE,0.0
1JT0_A,I_NOISE,0.0
1K61_A,I_NOISE,0.0
1K79_A,I_NOISE,0.0
1K82_A,I_NOISE,0.0
1KB6_B,I_NOISE,0.0
1KBU_A,I003,0.7765454132559015
1KDH_A,I_NOISE,0.0
1KEG_H,I_NOISE,0.0
1KEG_L,I_NOISE,0.0
1KLN_A,I_NOISE,0.0
1KQQ_A,I_NOISE,0.0
1KSX_A,I_NOISE,0.0
1KSY_B,I_NOISE,0.0
1KU7_A,I_NOISE,0.0
1KX5_E,I001,1.0
1KX5_F,I_NOISE,0.0
1L1M_A,I_NOISE,0.0
1L2B_A,I_NOISE,0.0
1LAT_B,I_NOISE,0.0
1LAU_E,I_NOISE,0.0
1LBG_A,I_NOISE,0.0
1LCC_A,I_NOISE,0.0
1LE5_A,I_NOISE,0.0
1LE5_B,I_NOISE,0.0
1LE8_A,I_NOISE,0.0
1LFU_P,I_NOISE,0.0
1LLI_B,I_NOISE,0.0
1LLM_C,I_NOISE,0.0
1LMB_4,I_NOISE,0.0
1LO1_A,I_NOISE,0.0
1LPQ_A,I008,0.9157182277000724
1LQ1_C,I_NOISE,0.0
1LRR_A,I_NOISE,0.0
1LV5_A,I008,1.0
1LWY_A,I008,1.0
1M06_F,I_NOISE,0.0
1M3Q_A,I008,1.0
1M5R_A,I_NOISE,0.0
1M5X_A,I_NOISE,0.0
1M6X_B,I_NOISE,0.0
1MDY_A,I_NOISE,0.0
1MDY_B,I_NOISE,0.0
1MEY_F,I_NOISE,0.0
1MHD_A,I008,0.8581675676798882
1MJE_A,I_NOISE,0.0
1MJO_A,I_NOISE,0.0
1MM8_A,I_NOISE,0.0
1MOW_A,I_NOISE,0.0
1MSE_C,I_NOISE,0.0
1MSW_D,I_NOISE,0.0
1MUH_A,I_NOISE,0.0
1MUS_A,I_NOISE,0.0
1MVM_A,I_NOISE,0.0
1MW8_X,I002,0.9844202765629468
1MWI_A,I_NOISE,0.0
1N3A_A,I008,0.9774622319843626
1N3C_A,I008,1.0
1N3E_A,I_NOISE,0.0
1N48_A,I_NOISE,0.0
1N6J_A,I_NOISE,0.0
1NFK_A,I_NOISE,0.0
1NG9_A,I008,0.8794637177426556
1NK2_P,I_NOISE,0.0
1NK4_A,I008,1.0
1NKP_A,I_NOISE,0.0
1NKP_B,I_NOISE,0.0
1NLW_A,I_NOISE,0.0
1NLW_B,I_NOISE,0.0
1NNE_A,I_NOISE,0.0
1NVP_A,I_NOISE,0.0
1NWQ_A,I_NOISE,0.0
1NZB_A,I003,0.7765454132559015
1O3Q_A,I_NOISE,0.0
1O3S_A,I_NOISE,0.0
1ODG_A,I_NOISE,0.0
1ODH_A,I_NOISE,0.0
1OE4_A,I_NOISE,0.0
1ORN_A,I_NOISE,0.0
1OSB_A,I_NOISE,0.0
1OUP_A,I_NOISE,0.0
1OWF_A,I_NOISE,0.0
1OWF_B,I_NOISE,0.0
1OWG_B,I_NOISE,0.0
1OWR_M,I_NOISE,0.0
1P47_A,I_NOISE,0.0
1P4E_B,I_NOISE,0.0
1P59_A,I_NOISE,0.0
1P5W_A,I_NOISE,0.0
1P71_A,I_NOISE,0.0
1P7H_L,I_NOISE,0.0
1PDN_C,I_NOISE,0.0
1PER_L,I_NOISE,0.0
1PFI_A,I_NOISE,0.0
1PGZ_A,I_NOISE,0.0
1PH1_A,I_NOISE,0.0
1PH3_A,I_NOISE,0.0
1PH3_B,I_NOISE,0.0
1PH5_A,I_NOISE,0.0
1PH6_B,I_NOISE,0.0
1PJJ_A,I_NOISE,0.0
1PO6_A,I_NOISE,0.0
1PT3_A,I_NOISE,0.0
1PUE_F,I_NOISE,0.0
1PUF_A,I_NOISE,0.0
1PUF_B,I006,1.0
1PVP_A,I003,0.7765454132559015
1PVR_A,I003,0.670431795972711
1PYI_A,I_NOISE,0.0
1Q0T_A,I_NOISE,0.0
1Q3U_A,I003,0.7765454132559015
1Q9Y_A,I008,1.0
1QAI_A,I_NOISE,0.0
1QAJ_A,I_NOISE,0.0
1QP9_A,I_NOISE,0.0
1QPI_A,I_NOISE,0.0
1QPS_A,I_NOISE,0.0
1QPZ_A,I_NOISE,0.0
1QRH_A,I_NOISE,0.0
1QRI_A,I_NOISE,0.0
1QRV_A,I_NOISE,0.0
1QSS_A,I008,1.0
1QTM_A,I008,1.0
1QUM_A,I003,0.6405257818632853
1QZG_A,I_NOISE,0.0
1R0A_A,I009,1.0
1R0A_B,I_NOISE,0.0
1R0N_A,I_NOISE,0.0
1R2Z_A,I008,0.9196767037089284
1R49_A,I_NOISE,0.0
1R8D_A,I_NOISE,0.0
1R8E_A,I_NOISE,0.0
1RCS_A,I_NOISE,0.0
1RNB_A,I_NOISE,0.0
1RTD_A,I009,1.0
1RTD_B,I_NOISE,0.0
1RUO_B,I_NOISE,0.0
1RXW_A,I_NOISE,0.0
1RZT_A,I003,0.9783574583772642
1S40_A,I_NOISE,0.0
1S9K_C,I_NOISE,0.0
1S9K_D,I_NOISE,0.0
1S9K_E,I_NOISE,0.0
1SA3_A,I008,0.9346007121292312
1SAX_A,I_NOISE,0.0
1SFU_A,I_NOISE,0.0
1SUZ_A,I008,0.8573675507863624
1SX5_A,I_NOISE,0.0
1T03_B,I_NOISE,0.0
1T05_B,I_NOISE,0.0
1T2K_A,I_NOISE,0.0
1T2K_C,I_NOISE,0.0
1T2K_D,I_NOISE,0.0
1T2S_A,I_NOISE,0.0
1T3N_A,I_NOISE,0.0
1T8E_B,I_NOISE,0.0
1T9I_B,I_NOISE,0.0
1T9J_A,I_NOISE,0.0
1TAU_A,I_NOISE,0.0
1TC3_C,I_NOISE,0.0
1TDZ_A,I_NOISE,0.0
1TEZ_A,I_NOISE,0.0
1TF3_A,I_NOISE,0.0
1TF6_D,I_NOISE,0.0
1TGH_A,I_NOISE,0.0
1TKD_A,I008,0.8939768786341155
1TQE_P,I_NOISE,0.0
1TRO_A,I_NOISE,0.0
1TRR_A,I_NOISE,0.0
1TV9_A,I003,0.8539043691424495
1U0C_A,I_NOISE,0.0
1U0D_A,I_NOISE,0.0
1U1Q_A,I_NOISE,0.0
1U3E_M,I_NOISE,0.0
1U4B_A,I008,1.0
1U8R_H,I008,0.9725027945838294
1UAA_A,I_NOISE,0.0
1UBD_C,I_NOISE,0.0
1UUT_A,I_NOISE,0.0
1V15_B,I_NOISE,0.0
1VAS_A,I_NOISE,0.0
1VFC_A,I_NOISE,0.0
1VKX_A,I_NOISE,0.0
1VOL_A,I_NOISE,0.0
1VOL_B,I_NOISE,0.0
1VPW_A,I_NOISE,0.0
1VRL_A,I_NOISE,0.0
1VTL_E,I_NOISE,0.0
1VTN_C,I_NOISE,0.0
1VTO_B,I_NOISE,0.0
1W0T_A,I_NOISE,0.0
1W0U_A,I_NOISE,0.0
1W36_B,I_NOISE,0.0
1W36_C,I_NOISE,0.0
1W7A_A,I008,0.8794637177426556
1WB9_A,I008,0.8794637177426556
1WBB_A,I008,0.8794637177426556
1WBD_A,I008,0.8794637177426556
1WTB_A,I_NOISE,0.0
1WTE_A,I_NOISE,0.0
1WTO_A,I_NOISE,0.0
1WTQ_A,I_NOISE,0.0
1WTR_A,I_NOISE,0.0
1WTW_A,I_NOISE,0.0
1WVL_A,I_NOISE,0.0
1XBR_A,I008,0.8679338839837325
1XJV_A,I_NOISE,0.0
1XNS_A,I003,0.7765454132559015
1XO0_A,I003,0.7765454132559015
1XS9_A,I_NOISE,0.0
1XSD_A,I_NOISE,0.0
1XSL_A,I003,1.0
1XYI_A,I_NOISE,0.0
1Y6F_A,I_NOISE,0.0
1YF3_A,I_NOISE,0.0
1YFH_A,I_NOISE,0.0
1YFJ_A,I_NOISE,0.0
1YO5_C,I_NOISE,0.0
1YQK_A,I008,0.9809809379234358
1YQR_A,I008,1.0
1YSA_C,I_NOISE,0.0
1YTB_A,I_NOISE,0.0
1YUI_A,I_NOISE,0.0
1Z9C_C,I_NOISE,0.0
1ZAA_C,I_NOISE,0.0
1ZBI_B,I_NOISE,0.0
1ZBL_A,I_NOISE,0.0
1ZME_C,I_NOISE,0.0
1ZQ3_P,I_NOISE,0.0
1ZR4_A,I_NOISE,0.0
1ZRF_A,I_NOISE,0.0
1ZS4_A,I_NOISE,0.0
1ZTG_B,I_NOISE,0.0
1ZTW_A,I_NOISE,0.0
1ZVV_A,I_NOISE,0.0
1ZYQ_A,I008,1.0
1ZZI_A,I_NOISE,0.0
21VV_K,I_NOISE,0.0
22EU_A,I_NOISE,0.0
22EU_B,I_NOISE,0.0
24BP_A,I_NOISE,0.0
24BQ_A,I_NOISE,0.0
24QP_Q,I_NOISE,0.0
25EC_B,I008,0.995883054445337
25QC_A,I_NOISE,0.0
28KE_B,I_NOISE,0.0
28OP_N,I_NOISE,0.0
2A3V_B,I_NOISE,0.0
2A6O_A,I_NOISE,0.0
2ACJ_C,I_NOISE,0.0
2AJQ_A,I_NOISE,0.0
2AOR_B,I_NOISE,0.0
2AS5_M,I_NOISE,0.0
2ASD_A,I008,1.0
2AYG_A,I_NOISE,0.0
2B9S_A,I003,0.6931275725498007
2BAM_B,I_NOISE,0.0
2BDP_A,I008,1.0
2BGW_A,I_NOISE,0.0
2BJC_A,I_NOISE,0.0
2BNW_B,I_NOISE,0.0
2BOP_A,I_NOISE,0.0
2BPA_1,I_NOISE,0.0
2BPA_3,I_NOISE,0.0
2BSQ_A,I_NOISE,0.0
2BZF_A,I_NOISE,0.0
2C5R_B,I_NOISE,0.0
2C62_A,I_NOISE,0.0
2C7A_A,I_NOISE,0.0
2C7P_A,I008,1.0
2C7R_A,I008,1.0
2C9L_Y,I_NOISE,0.0
2C9N_Y,I_NOISE,0.0
2CCZ_A,I_NOISE,0.0
2D7D_A,I_NOISE,0.0
2DNJ_A,I_NOISE,0.0
2DP6_A,I_NOISE,0.0
2DPD_B,I_NOISE,0.0
2DRP_D,I_NOISE,0.0
2DTU_A,I_NOISE,0.0
2DWM_A,I_NOISE,0.0
2E52_A,I_NOISE,0.0
2EA0_A,I008,0.8748837139471434
2ER8_A,I_NOISE,0.0
2ERG_A,I_NOISE,0.0
2ES2_A,I_NOISE,0.0
2EX5_A,I_NOISE,0.0
2EXF_A,I_NOISE,0.0
2EZV_B,I008,0.9160807115673513
2F55_A,I_NOISE,0.0
2F5P_A,I_NOISE,0.0
2F5Q_A,I008,0.9240552284883174
2F8N_G,I005,0.7359375359835025
2F8X_C,I_NOISE,0.0
2FCC_A,I_NOISE,0.0
2FF0_A,I_NOISE,0.0
2FIO_A,I_NOISE,0.0
2FKC_A,I008,0.9873460224785663
2FLD_B,I007,0.8253395977505006
2FO1_A,I_NOISE,0.0
2FR4_A,I_NOISE,0.0
2FR4_B,I_NOISE,0.0
2G8K_A,I_NOISE,0.0
2GAT_A,I_NOISE,0.0
2GB7_B,I008,0.9153775133145138
2GE5_A,I008,0.8573675507863624
2GEQ_B,I_NOISE,0.0
2GIE_A,I_NOISE,0.0
2GIH_A,I008,0.8826765666151067
2GKD_A,I_NOISE,0.0
2GLI_A,I_NOISE,0.0
2GLO_A,I_NOISE,0.0
2GM4_A,I_NOISE,0.0
2GXA_E,I_NOISE,0.0
2GZK_A,I_NOISE,0.0
2H1K_B,I006,1.0
2H1O_A,I_NOISE,0.0
2H1O_E,I_NOISE,0.0
2H27_A,I_NOISE,0.0
2H3A_A,I_NOISE,0.0
2H7H_A,I_NOISE,0.0
2H8C_B,I_NOISE,0.0
2HAP_C,I_NOISE,0.0
2HAX_A,I_NOISE,0.0
2HDC_A,I_NOISE,0.0
2HDD_B,I_NOISE,0.0
2HHV_A,I008,1.0
2HMI_A,I_NOISE,0.0
2HMI_B,I_NOISE,0.0
2HOI_A,I003,0.7765454132559015
2HOS_B,I_NOISE,0.0
2HVR_A,I_NOISE,0.0
2I06_A,I_NOISE,0.0
2I0Q_A,I_NOISE,0.0
2I3P_A,I_NOISE,0.0
2I3Q_A,I_NOISE,0.0
2I5W_A,I008,0.8890044712534833
2I9K_A,I008,1.0
2I9T_A,I_NOISE,0.0
2IEF_A,I_NOISE,0.0
2IHM_B,I003,1.0
2IHN_A,I_NOISE,0.0
2IIE_A,I_NOISE,0.0
2IIF_A,I_NOISE,0.0
2IMW_P,I008,0.9231697864306009
2IRF_G,I_NOISE,0.0
2IS6_A,I_NOISE,0.0
2IT0_A,I008,0.9725027945838294
2ITL_A,I_NOISE,0.0
2IVH_A,I_NOISE,0.0
2J6U_A,I008,1.0
2JLG_A,I_NOISE,0.0
2JP9_A,I_NOISE,0.0
2JX1_A,I_NOISE,0.0
2JXI_A,I_NOISE,0.0
2K1N_A,I_NOISE,0.0
2K7F_A,I_NOISE,0.0
2KDZ_A,I_NOISE,0.0
2KFN_A,I_NOISE,0.0
2KKF_A,I_NOISE,0.0
2KMK_A,I_NOISE,0.0
2KN7_A,I_NOISE,0.0
2KO0_A,I_NOISE,0.0
2KTQ_A,I008,1.0
2KY8_A,I_NOISE,0.0
2L4L_A,I_NOISE,0.0
2LD5_A,I_NOISE,0.0
2LEF_A,I_NOISE,0.0
2LEV_A,I_NOISE,0.0
2LKX_A,I_NOISE,0.0
2LT7_A,I_NOISE,0.0
2LTT_A,I_NOISE,0.0
2M2W_A,I_NOISE,0.0
2MAP_A,I_NOISE,0.0
2ME6_A,I_NOISE,0.0
2MNA_A,I_NOISE,0.0
2MOE_A,I_NOISE,0.0
2N8A_A,I_NOISE,0.0
2NBJ_A,I_NOISE,0.0
2NLL_A,I_NOISE,0.0
2NLL_B,I_NOISE,0.0
2NOB_A,I008,1.0
2NOE_A,I008,0.8583680016749414
2NOF_A,I008,0.9002080773140232
2NOH_A,I008,1.0
2NOI_A,I008,1.0
2NOL_A,I008,1.0
2NOZ_A,I008,1.0
2NP2_A,I_NOISE,0.0
2NP6_A,I_NOISE,0.0
2NQ9_A,I_NOISE,0.0
2NQJ_A,I008,0.909052423520367
2NRA_C,I_NOISE,0.0
2NTC_A,I_NOISE,0.0
2O4A_A,I_NOISE,0.0
2O5C_A,I002,0.9844202765629468
2O5I_C,I_NOISE,0.0
2O61_A,I_NOISE,0.0
2O61_B,I_NOISE,0.0
2O6M_A,I008,0.9066322400677687
2O8E_B,I_NOISE,0.0
2O8K_A,I_NOISE,0.0
2O93_L,I_NOISE,0.0
2OAA_B,I_NOISE,0.0
2OEH_A,I_NOISE,0.0
2OG0_B,I_NOISE,0.0
2OK0_H,I_NOISE,0.0
2OK0_L,I_NOISE,0.0
2OPF_A,I008,1.0
2OST_A,I_NOISE,0.0
2OXV_A,I_NOISE,0.0
2P0J_A,I_NOISE,0.0
2P5L_D,I_NOISE,0.0
2P6R_A,I_NOISE,0.0
2P7C_B,I_NOISE,0.0
2PE5_B,I_NOISE,0.0
2PI0_B,I_NOISE,0.0
2PI4_A,I_NOISE,0.0
2PJR_B,I_NOISE,0.0
2PJR_F,I_NOISE,0.0
2PUA_A,I_NOISE,0.0
2PUE_A,I_NOISE,0.0
2PVI_A,I_NOISE,0.0
2PYJ_B,I008,0.8671036090113957
2PYO_G,I_NOISE,0.0
2Q10_A,I_NOISE,0.0
2Q2T_A,I_NOISE,0.0
2QBY_A,I_NOISE,0.0
2QBY_B,I_NOISE,0.0
2QHB_A,I_NOISE,0.0
2QKK_A,I_NOISE,0.0
2QL2_B,I_NOISE,0.0
2QL2_C,I_NOISE,0.0
2QNC_A,I_NOISE,0.0
2QNF_A,I_NOISE,0.0
2QSG_A,I_NOISE,0.0
2QSH_A,I_NOISE,0.0
2R0Q_C,I_NOISE,0.0
2R1J_L,I_NOISE,0.0
2R8K_A,I_NOISE,0.0
2RAM_A,I_NOISE,0.0
2RGR_A,I_NOISE,0.0
2SSP_E,I008,0.965565082244295
2STT_A,I_NOISE,0.0
2UVU_A,I008,0.9218435985589073
2UVV_A,I008,1.0
2UYC_A,I008,0.8562150043814873
2UYH_A,I008,1.0
2UZ4_A,I008,1.0
2UZK_A,I_NOISE,0.0
2V1U_A,I_NOISE,0.0
2V2T_A,I_NOISE,0.0
2V2T_B,I_NOISE,0.0
2V6E_A,I003,0.6862466307147891
2VBJ_A,I_NOISE,0.0
2VBJ_B,I_NOISE,0.0
2VBL_A,I_NOISE,0.0
2VBL_B,I_NOISE,0.0
2VBO_A,I_NOISE,0.0
2VBO_B,I_NOISE,0.0
2VIC_A,I_NOISE,0.0
2VLA_A,I_NOISE,0.0
2VS8_F,I_NOISE,0.0
2VTB_A,I_NOISE,0.0
2VTB_B,I_NOISE,0.0
2VWJ_A,I_NOISE,0.0
2VYE_A,I_NOISE,0.0
2VZ4_A,I_NOISE,0.0
2W36_A,I_NOISE,0.0
2W7N_B,I_NOISE,0.0
2W9B_A,I008,1.0
2WBS_A,I_NOISE,0.0
2WBU_A,I_NOISE,0.0
2WCC_3,I_NOISE,0.0
2WIW_B,I_NOISE,0.0
2WT7_A,I_NOISE,0.0
2WT7_B,I_NOISE,0.0
2WTY_B,I_NOISE,0.0
2XCR_D,I_NOISE,0.0
2XE0_A,I_NOISE,0.0
2XE0_B,I_NOISE,0.0
2XGP_B,I_NOISE,0.0
2XHB_A,I_NOISE,0.0
2XMA_E,I_NOISE,0.0
2XO6_A,I_NOISE,0.0
2XO7_A,I008,1.0
2XQC_D,I_NOISE,0.0
2XRO_B,I_NOISE,0.0
2XY5_A,I008,1.0
2XY6_A,I008,1.0
2XY7_A,I008,1.0
2Y1J_A,I008,1.0
2Y35_A,I_NOISE,0.0
2Y7H_A,I_NOISE,0.0
2Y7H_B,I_NOISE,0.0
2Y9Z_B,I_NOISE,0.0
2YPB_B,I_NOISE,0.0
2Z33_A,I_NOISE,0.0
2Z6A_A,I008,1.0
2Z6Q_A,I_NOISE,0.0
2Z6U_A,I008,1.0
2Z70_A,I_NOISE,0.0
2ZCJ_A,I008,1.0
2ZKD_A,I008,0.9081297664481881
30FH_6,I_NOISE,0.0
30GB_I,I_NOISE,0.0
30GB_K,I_NOISE,0.0
36HT_A,I_NOISE,0.0
36HT_I,I_NOISE,0.0
36HT_L,I_NOISE,0.0
36NB_A,I_NOISE,0.0
36OF_A,I_NOISE,0.0
36PP_D,I_NOISE,0.0
36XS_A,I_NOISE,0.0
3A01_F,I_NOISE,0.0
3A46_A,I_NOISE,0.0
3A4K_D,I_NOISE,0.0
3A5U_A,I_NOISE,0.0
3AUO_A,I_NOISE,0.0
3B39_A,I_NOISE,0.0
3BBB_B,I_NOISE,0.0
3BDN_A,I_NOISE,0.0
3BEP_A,I_NOISE,0.0
3BI3_A,I008,0.9591878664933875
3BIE_A,I008,0.9591878664933875
3BKZ_A,I008,0.9591878664933875
3BQ1_A,I_NOISE,0.0
3BRG_C,I_NOISE,0.0
3BS1_A,I_NOISE,0.0
3BSU_G,I_NOISE,0.0
3BTX_A,I_NOISE,0.0
3BTY_A,I_NOISE,0.0
3BTZ_A,I_NOISE,0.0
3BU0_A,I_NOISE,0.0
3C25_A,I_NOISE,0.0
3C29_A,I003,0.7765454132559015
3C5F_A,I003,1.0
3C5G_B,I003,0.8465515485270065
3CBB_B,I_NOISE,0.0
3CFR_A,I008,1.0
3CLZ_B,I008,0.9873460224785663
3CMU_A,I_NOISE,0.0
3CMW_A,I_NOISE,0.0
3CMY_A,I_NOISE,0.0
3CO6_C,I_NOISE,0.0
3COQ_A,I_NOISE,0.0
3CQ8_A,I008,1.0
3CRO_L,I_NOISE,0.0
3CRX_A,I_NOISE,0.0
3CVV_A,I_NOISE,0.0
3CVW_A,I_NOISE,0.0
3CVX_A,I_NOISE,0.0
3CW7_A,I_NOISE,0.0
3D6Z_A,I_NOISE,0.0
3D70_A,I_NOISE,0.0
3D71_A,I_NOISE,0.0
3DFX_A,I_NOISE,0.0
3DO7_A,I_NOISE,0.0
3DO7_B,I_NOISE,0.0
3DPG_A,I008,0.8611727084695138
3DSC_A,I_NOISE,0.0
3DSD_A,I_NOISE,0.0
3E0D_A,I_NOISE,0.0
3E3J_B,I_NOISE,0.0
3E54_A,I_NOISE,0.0
3E6C_C,I_NOISE,0.0
3ECP_A,I_NOISE,0.0
3EH8_A,I_NOISE,0.0
3EI2_B,I_NOISE,0.0
3EXJ_A,I_NOISE,0.0
3EY1_A,I_NOISE,0.0
3EYI_B,I_NOISE,0.0
3EYZ_A,I008,1.0
3EZ5_A,I008,1.0
3F2B_A,I_NOISE,0.0
3F8J_B,I008,0.9873460224785663
3FBD_A,I_NOISE,0.0
3FD2_A,I007,0.9123579819238096
3FDE_A,I008,0.9873460224785663
3FHZ_D,I_NOISE,0.0
3FMT_A,I_NOISE,0.0
3G00_A,I_NOISE,0.0
3G0Q_A,I_NOISE,0.0
3G2C_A,I_NOISE,0.0
3G9I_B,I_NOISE,0.0
3GFI_A,I_NOISE,0.0
3GLF_G,I_NOISE,0.0
3GLG_G,I_NOISE,0.0
3GO8_A,I008,0.8909646767207522
3GOX_A,I_NOISE,0.0
3GP1_A,I_NOISE,0.0
3GP8_A,I002,1.0
3GPU_A,I_NOISE,0.0
3GPX_A,I_NOISE,0.0
3GQ4_A,I_NOISE,0.0
3GQ5_A,I008,0.8909646767207522
3GX4_X,I_NOISE,0.0
3GXQ_B,I_NOISE,0.0
3GZ6_A,I_NOISE,0.0
3H40_A,I_NOISE,0.0
3H4D_A,I_NOISE,0.0
3H8O_A,I_NOISE,0.0
3HDD_B,I_NOISE,0.0
3HJF_A,I_NOISE,0.0
3HK2_B,I_NOISE,0.0
3HOT_A,I_NOISE,0.0
3HQF_A,I008,0.8720922460583269
3HQG_A,I_NOISE,0.0
3HT3_A,I008,1.0
3HW8_A,I003,0.7765454132559015
3HX0_A,I003,0.9317268929114008
3HXQ_A,I_NOISE,0.0
3I0W_A,I008,1.0
3I0X_A,I008,1.0
3I3M_A,I_NOISE,0.0
3I8D_A,I008,0.8573675507863624
3IAG_C,I_NOISE,0.0
3IAY_A,I008,1.0
3IGC_A,I_NOISE,0.0
3IGK_A,I_NOISE,0.0
3IH7_A,I008,1.0
3IKT_B,I_NOISE,0.0
3IYD_A,I_NOISE,0.0
3IYD_D,I_NOISE,0.0
3J9X_1,I_NOISE,0.0
3JCA_A,I_NOISE,0.0
3JCA_C,I_NOISE,0.0
3JR5_A,I007,0.8253395977505006
3JSM_A,I009,1.0
3JSP_A,I008,0.894621674285762
3JTG_A,I_NOISE,0.0
3JX7_A,I_NOISE,0.0
3JXB_C,I_NOISE,0.0
3JXZ_A,I_NOISE,0.0
3JY1_A,I_NOISE,0.0
3K0S_A,I008,0.8794637177426556
3K4X_A,I_NOISE,0.0
3K57_A,I_NOISE,0.0
3KD1_E,I008,0.9742463089574593
3KDE_C,I_NOISE,0.0
3KET_A,I_NOISE,0.0
3KHC_B,I_NOISE,0.0
3KJP_A,I_NOISE,0.0
3KK2_B,I_NOISE,0.0
3KLE_A,I009,1.0
3KLE_B,I_NOISE,0.0
3KLF_A,I009,1.0
3KLH_A,I009,1.0
3KMP_A,I_NOISE,0.0
3KNT_A,I_NOISE,0.0
3KO2_A,I_NOISE,0.0
3KQH_A,I_NOISE,0.0
3KQN_A,I_NOISE,0.0
3KTU_A,I008,1.0
3KWQ_A,I001,0.8583595797578295
3KXT_A,I_NOISE,0.0
3L1P_A,I_NOISE,0.0
3L2P_A,I003,0.6643455127498356
3LDS_A,I008,1.0
3LNQ_A,I_NOISE,0.0
3LWH_A,I_NOISE,0.0
3M7K_A,I_NOISE,0.0
3M9E_E,I_NOISE,0.0
3MDA_A,I003,0.7330363477914557
3MIP_A,I_NOISE,0.0
3MIS_A,I_NOISE,0.0
3MKZ_A,I_NOISE,0.0
3MLN_B,I_NOISE,0.0
3MU6_A,I_NOISE,0.0
3MVA_O,I_NOISE,0.0
3MVB_O,I_NOISE,0.0
3MVD_L,I_NOISE,0.0
3MX4_A,I008,0.8759911177832803
3MXI_A,I_NOISE,0.0
3MXM_A,I_NOISE,0.0
3MZH_A,I_NOISE,0.0
3N1I_A,I_NOISE,0.0
3N6S_A,I_NOISE,0.0
3N7Q_A,I_NOISE,0.0
3NBN_A,I_NOISE,0.0
3NCI_A,I008,1.0
3NDH_A,I_NOISE,0.0
3NE6_A,I008,1.0
3NGI_A,I008,1.0
3NM9_A,I_NOISE,0.0
3O1T_A,I_NOISE,0.0
3O3F_A,I_NOISE,0.0
3O3G_A,I_NOISE,0.0
3O9X_A,I008,0.9759967855396385
3ODC_B,I008,0.9792062311186712
3ODH_A,I_NOISE,0.0
3OGD_A,I_NOISE,0.0
3OGU_A,I_NOISE,0.0
3OH9_A,I_NOISE,0.0
3OHA_A,I008,0.9266098196694899
3ON0_A,I_NOISE,0.0
3OOL_A,I_NOISE,0.0
3OOR_A,I_NOISE,0.0
3OQM_A,I_NOISE,0.0
3OQO_A,I_NOISE,0.0
3ORC_A,I008,0.9383924370290276
3OSN_A,I_NOISE,0.0
3OYJ_A,I_NOISE,0.0
3OYM_A,I_NOISE,0.0
3P57_A,I_NOISE,0.0
3PIH_A,I_NOISE,0.0
3PKY_A,I_NOISE,0.0
3PML_B,I003,0.7063791654802563
3POV_A,I_NOISE,0.0
3PR5_B,I008,1.0
3PT6_B,I_NOISE,0.0
3PTA_A,I_NOISE,0.0
3PVI_A,I008,0.8625912632863677
3PVV_A,I_NOISE,0.0
3PW7_A,I008,1.0
3PY8_A,I008,1.0
3Q05_A,I_NOISE,0.0
3Q06_A,I008,0.8581041534583382
3Q23_A,I_NOISE,0.0
3Q24_A,I_NOISE,0.0
3Q3D_A,I_NOISE,0.0
3Q5F_A,I_NOISE,0.0
3Q5P_A,I_NOISE,0.0
3Q8K_A,I_NOISE,0.0
3Q8M_A,I003,0.6467738206897853
3QE9_Y,I_NOISE,0.0
3QEB_Z,I_NOISE,0.0
3QI5_B,I_NOISE,0.0
3QNO_A,I008,1.0
3QQY_A,I007,1.0
3QRF_F,I_NOISE,0.0
3QRF_M,I_NOISE,0.0
3QSV_A,I_NOISE,0.0
3QYM_E,I_NOISE,0.0
3QYX_A,I_NOISE,0.0
3QZ7_A,I008,1.0
3R8F_A,I_NOISE,0.0
3RA0_A,I_NOISE,0.0
3RA4_A,I_NOISE,0.0
3RAE_A,I_NOISE,0.0
3RAX_A,I008,0.9471183241975566
3RH6_A,I003,1.0
3RKQ_A,I_NOISE,0.0
3RN5_A,I_NOISE,0.0
3RNU_B,I_NOISE,0.0
3RZG_A,I_NOISE,0.0
3RZJ_A,I_NOISE,0.0
3RZL_D,I_NOISE,0.0
3RZM_A,I_NOISE,0.0
3S3N_A,I_NOISE,0.0
3S5A_A,I_NOISE,0.0
3S6I_D,I008,0.9049016332682748
3S8Q_B,I_NOISE,0.0
3S9H_A,I008,1.0
3SAR_A,I008,0.8679338839837325
3SAS_A,I_NOISE,0.0
3SI6_A,I008,1.0
3SLP_A,I_NOISE,0.0
3SM4_C,I_NOISE,0.0
3SPD_A,I_NOISE,0.0
3SPY_A,I008,1.0
3SQ1_A,I008,1.0
3SQ2_A,I008,1.0
3SUN_A,I008,1.0
3SUO_A,I008,1.0
3SUQ_A,I008,1.0
3SZQ_A,I_NOISE,0.0
3T72_4,I_NOISE,0.0
3T79_A,I_NOISE,0.0
3TAG_A,I008,0.8813779304302533
3TAN_A,I008,1.0
3TQ6_A,I_NOISE,0.0
3TU4_K,I_NOISE,0.0
3U2B_C,I_NOISE,0.0
3U3W_A,I_NOISE,0.0
3U44_B,I_NOISE,0.0
3U4Q_A,I_NOISE,0.0
3U58_A,I_NOISE,0.0
3U5Z_A,I_NOISE,0.0
3U60_A,I_NOISE,0.0
3U6P_A,I008,0.8909646767207522
3UBT_A,I_NOISE,0.0
3ULP_C,I_NOISE,0.0
3UO7_A,I008,0.8878336284140764
3UOB_A,I008,0.8578733178708535
3UVF_A,I007,0.9602631920900008
3UXP_A,I_NOISE,0.0
3V1Z_A,I008,0.9172489007592933
3V6H_A,I008,1.0
3V6K_A,I008,0.9141020888956278
3V6T_A,I_NOISE,0.0
3V72_A,I_NOISE,0.0
3V7J_A,I_NOISE,0.0
3V7K_A,I_NOISE,0.0
3V9X_B,I_NOISE,0.0
3VAJ_A,I_NOISE,0.0
3VEB_B,I_NOISE,0.0
3VH0_A,I_NOISE,0.0
3VK8_A,I_NOISE,0.0
3VKE_A,I_NOISE,0.0
3VOK_A,I_NOISE,0.0
3VW3_H,I_NOISE,0.0
3VW3_L,I_NOISE,0.0
3VW4_A,I_NOISE,0.0
3VXV_A,I_NOISE,0.0
3WAZ_B,I_NOISE,0.0
3WGI_A,I_NOISE,0.0
3WPD_A,I_NOISE,0.0
3WPG_A,I_NOISE,0.0
3WU1_A,I_NOISE,0.0
3WU1_B,I_NOISE,0.0
3X1L_B,I_NOISE,0.0
3X1L_D,I_NOISE,0.0
3X1L_G,I_NOISE,0.0
3ZDA_A,I002,1.0
3ZH2_C,I_NOISE,0.0
3ZHM_A,I_NOISE,0.0
3ZI5_A,I_NOISE,0.0
3ZP5_A,I_NOISE,0.0
3ZPL_E,I_NOISE,0.0
3ZQC_J,I_NOISE,0.0
3ZVK_F,I_NOISE,0.0
3ZVM_A,I_NOISE,0.0
4A04_B,I008,0.9798816856495957
4A0B_D,I_NOISE,0.0
4A15_A,I_NOISE,0.0
4A75_A,I_NOISE,0.0
4A8M_Q,I_NOISE,0.0
4A8W_A,I_NOISE,0.0
4AA6_B,I_NOISE,0.0
4AAB_A,I_NOISE,0.0
4AAE_B,I_NOISE,0.0
4AIK_B,I_NOISE,0.0
4AIL_C,I008,0.9237328817281468
4AUW_E,I_NOISE,0.0
4AWL_B,I_NOISE,0.0
4B20_A,I_NOISE,0.0
4B3O_A,I_NOISE,0.0
4B3O_B,I_NOISE,0.0
4B3P_A,I_NOISE,0.0
4B3Q_A,I_NOISE,0.0
4B3Q_B,I_NOISE,0.0
4B5G_A,I_NOISE,0.0
4B5H_A,I_NOISE,0.0
4B9N_A,I008,1.0
4BAC_A,I_NOISE,0.0
4BE2_A,I_NOISE,0.0
4BHK_A,I_NOISE,0.0
4BHM_A,I_NOISE,0.0
4BOC_A,I_NOISE,0.0
4BQA_A,I_NOISE,0.0
4BWJ_A,I008,1.0
4BXO_B,I_NOISE,0.0
4BY1_B,I_NOISE,0.0
4C2U_A,I_NOISE,0.0
4C3G_A,I_NOISE,0.0
4C8L_A,I_NOISE,0.0
4CGZ_A,I_NOISE,0.0
4CH1_A,I_NOISE,0.0
4CIS_B,I_NOISE,0.0
4CJA_A,I_NOISE,0.0
4CN3_C,I_NOISE,0.0
4CRO_B,I_NOISE,0.0
4CRX_A,I003,0.7765454132559015
4D1Q_H,I_NOISE,0.0
4D8J_A,I_NOISE,0.0
4DA4_A,I_NOISE,0.0
4DAV_A,I_NOISE,0.0
4DKJ_A,I_NOISE,0.0
4DM0_A,I_NOISE,0.0
4DPV_Z,I_NOISE,0.0
4DQQ_D,I008,1.0
4DQY_C,I_NOISE,0.0
4DS5_A,I008,1.0
4DTJ_A,I008,1.0
4DWI_A,I008,1.0
4E54_B,I_NOISE,0.0
4E5Z_B,I_NOISE,0.0
4ECW_A,I008,0.89414374597836
4EFJ_A,I_NOISE,0.0
4EJY_A,I_NOISE,0.0
4EOT_A,I_NOISE,0.0
4ER8_A,I_NOISE,0.0
4ESV_C,I_NOISE,0.0
4EVV_A,I_NOISE,0.0
4EW4_A,I_NOISE,0.0
4F1H_A,I_NOISE,0.0
4F1H_B,I_NOISE,0.0
4F2R_D,I008,1.0
4F43_A,I_NOISE,0.0
4F4W_A,I_NOISE,0.0
4F4Y_A,I008,0.9865616181797572
4F4Z_A,I008,0.961611597614572
4F50_A,I_NOISE,0.0
4F5P_A,I003,0.810216863241453
4FBT_A,I008,0.8826479695415975
4FGN_A,I_NOISE,0.0
4FLW_A,I_NOISE,0.0
4FM2_A,I009,1.0
4FM9_A,I_NOISE,0.0
4FPV_B,I_NOISE,0.0
4FTH_A,I008,0.9240552284883174
4FXD_A,I_NOISE,0.0
4FYD_A,I_NOISE,0.0
4FZY_A,I_NOISE,0.0
4G3I_A,I008,1.0
4G4N_A,I_NOISE,0.0
4G4O_A,I_NOISE,0.0
4G4Q_A,I_NOISE,0.0
4G4R_A,I008,0.8735976325109613
4G92_A,I_NOISE,0.0
4G92_B,I_NOISE,0.0
4GAT_A,I006,1.0
4GC7_A,I008,1.0
4GCL_B,I_NOISE,0.0
4GCT_C,I_NOISE,0.0
4GDF_A,I_NOISE,0.0
4GJP_A,I_NOISE,0.0
4GJR_A,I_NOISE,0.0
4GLE_A,I_NOISE,0.0
4GLX_A,I_NOISE,0.0
4GNX_C,I_NOISE,0.0
4GUQ_A,I008,0.9725027945838294
4GZ1_A,I_NOISE,0.0
4GZ2_A,I_NOISE,0.0
4GZN_C,I_NOISE,0.0
4H5Q_B,I_NOISE,0.0
4H8K_A,I_NOISE,0.0
4HC7_A,I_NOISE,0.0
4HCC_A,I_NOISE,0.0
4HHT_A,I_NOISE,0.0
4HIO_A,I_NOISE,0.0
4HJE_A,I008,0.9725027945838294
4HQB_A,I_NOISE,0.0
4HQE_B,I_NOISE,0.0
4HQX_A,I_NOISE,0.0
4HSB_A,I008,0.9198663249907592
4HTU_A,I_NOISE,0.0
4I27_A,I_NOISE,0.0
4I3H_A,I003,0.6931275725498007
4IBU_B,I_NOISE,0.0
4IBW_A,I_NOISE,0.0
4IHS_B,I_NOISE,0.0
4IQJ_D,I_NOISE,0.0
4IQR_F,I_NOISE,0.0
4IQW_A,I_NOISE,0.0
4IS1_D,I_NOISE,0.0
4IUF_A,I_NOISE,0.0
4IVZ_E,I_NOISE,0.0
4J00_A,I_NOISE,0.0
4J1J_C,I_NOISE,0.0
4J2A_A,I008,1.0
4J2B_A,I008,1.0
4J2D_A,I008,1.0
4J2E_A,I008,1.0
4J2X_C,I_NOISE,0.0
4JBK_A,I_NOISE,0.0
4JBM_A,I_NOISE,0.0
4JGC_A,I008,0.9199717167150211
4JQD_E,I_NOISE,0.0
4JS4_A,I_NOISE,0.0
4JWM_A,I003,1.0
4JWN_A,I003,0.7493251712125089
4K1G_A,I003,0.6405257818632853
4K4I_A,I003,1.0
4K8X_A,I008,1.0
4K96_B,I_NOISE,0.0
4KB6_A,I_NOISE,0.0
4KDP_A,I_NOISE,0.0
4KFC_B,I_NOISE,0.0
4KHN_A,I008,1.0
4KI2_B,I_NOISE,0.0
4KIS_A,I_NOISE,0.0
4KMF_A,I_NOISE,0.0
4KNY_B,I_NOISE,0.0
4KYW_A,I_NOISE,0.0
4L5R_C,I_NOISE,0.0
4L5S_A,I_NOISE,0.0
4L62_A,I008,0.9880127238932308
4LD0_A,I_NOISE,0.0
4LDX_B,I_NOISE,0.0
4LEZ_A,I_NOISE,0.0
4LG0_B,I_NOISE,0.0
4LG7_A,I_NOISE,0.0
4LJR_A,I_NOISE,0.0
4LLN_J,I_NOISE,0.0
4LNQ_A,I_NOISE,0.0
4LOX_A,I_NOISE,0.0
4LQ0_A,I_NOISE,0.0
4LVL_A,I_NOISE,0.0
4M42_A,I008,1.0
4M47_A,I003,0.7726581446906304
4M6F_A,I_NOISE,0.0
4M8O_A,I008,1.0
4M9E_A,I_NOISE,0.0
4M9V_C,I_NOISE,0.0
4MDF_A,I_NOISE,0.0
4MFA_A,I003,1.0
4MG2_A,I_NOISE,0.0
4MGT_A,I_NOISE,0.0
4MZR_A,I_NOISE,0.0
4N0O_C,I_NOISE,0.0
4N5S_A,I008,1.0
4NCA_A,I_NOISE,0.0
4NDH_A,I_NOISE,0.0
4NDI_A,I002,1.0
4NE1_I,I_NOISE,0.0
4NE1_L,I_NOISE,0.0
4NID_A,I008,0.9591878664933875
4NIG_A,I008,0.8724454896354438
4NIH_A,I008,0.9591878664933875
4NII_A,I008,0.9591878664933875
4NLG_A,I_NOISE,0.0
4NQA_I,I_NOISE,0.0
4NRW_A,I_NOISE,0.0
4O0I_A,I008,1.0
4O3M_A,I_NOISE,0.0
4O3S_A,I008,1.0
4O5K_A,I003,1.0
4O6A_A,I_NOISE,0.0
4OI8_B,I_NOISE,0.0
4OO8_A,I_NOISE,0.0
4OPX_C,I_NOISE,0.0
4OSH_B,I_NOISE,0.0
4OSJ_B,I_NOISE,0.0
4OSK_B,I_NOISE,0.0
4OSM_B,I_NOISE,0.0
4OSQ_A,I_NOISE,0.0
4OSR_A,I_NOISE,0.0
4OSS_A,I_NOISE,0.0
4OST_A,I_NOISE,0.0
4OSV_A,I_NOISE,0.0
4OSW_A,I_NOISE,0.0
4OSZ_A,I_NOISE,0.0
4OT0_A,I_NOISE,0.0
4OT3_A,I_NOISE,0.0
4OTO_A,I_NOISE,0.0
4OU6_A,I_NOISE,0.0
4OU7_A,I_NOISE,0.0
4P0Q_A,I_NOISE,0.0
4P9U_A,I_NOISE,0.0
4PAR_A,I_NOISE,0.0
4PCZ_A,I_NOISE,0.0
4PD2_A,I_NOISE,0.0
4PE8_A,I_NOISE,0.0
4PLB_B,I_NOISE,0.0
4POG_A,I_NOISE,0.0
4PQU_D,I_NOISE,0.0
4PSO_I,I002,1.0
4PTF_A,I008,1.0
4PXI_B,I_NOISE,0.0
4PY5_A,I_NOISE,0.0
4PZI_A,I_NOISE,0.0
4Q45_A,I008,1.0
4QCB_A,I_NOISE,0.0
4QGU_A,I_NOISE,0.0
4QJU_A,I_NOISE,0.0
4QLC_U,I_NOISE,0.0
4QPQ_B,I_NOISE,0.0
4QQW_A,I_NOISE,0.0
4QR9_A,I_NOISE,0.0
4QWB_A,I008,1.0
4QWC_A,I008,0.9160418715595784
4QWD_A,I008,0.9614338352230944
4QYZ_B,I_NOISE,0.0
4QYZ_F,I_NOISE,0.0
4R22_B,I_NOISE,0.0
4R24_B,I_NOISE,0.0
4R28_C,I_NOISE,0.0
4R2D_A,I_NOISE,0.0
4R2P_A,I_NOISE,0.0
4R2S_A,I_NOISE,0.0
4R4E_B,I_NOISE,0.0
4R55_A,I_NOISE,0.0
4R63_A,I003,1.0
4R64_A,I003,1.0
4R8A_A,I_NOISE,0.0
4R8P_L,I_NOISE,0.0
4R8U_A,I008,1.0
4R8U_B,I008,1.0
4RB3_C,I008,0.9026564489092882
4RDM_A,I_NOISE,0.0
4RDU_D,I_NOISE,0.0
4REC_A,I_NOISE,0.0
4RI9_A,I_NOISE,0.0
4RIB_B,I_NOISE,0.0
4RIC_B,I_NOISE,0.0
4RKH_D,I_NOISE,0.0
4ROC_B,I_NOISE,0.0
4RQ8_A,I003,0.7600688801796611
4RUL_A,I_NOISE,0.0
4S04_A,I008,0.9004138702101516
4S0H_B,I_NOISE,0.0
4S0H_E,I_NOISE,0.0
4S0N_D,I_NOISE,0.0
4S2Q_D,I_NOISE,0.0
4SKN_E,I_NOISE,0.0
4TQR_A,I008,0.8812415147928379
4TU7_A,I_NOISE,0.0
4TUG_A,I_NOISE,0.0
4TYN_A,I_NOISE,0.0
4TZD_A,I_NOISE,0.0
4U0Y_A,I_NOISE,0.0
4U7B_A,I_NOISE,0.0
4UMM_A,I_NOISE,0.0
4UMM_E,I_NOISE,0.0
4UN3_B,I009,1.0
4UNC_D,I_NOISE,0.0
4UNO_A,I_NOISE,0.0
4UQG_A,I008,1.0
4UQM_A,I_NOISE,0.0
4USG_A,I_NOISE,0.0
4UUS_B,I_NOISE,0.0
4UUV_A,I_NOISE,0.0
4UZB_A,I_NOISE,0.0
4V1N_O,I_NOISE,0.0
4V8S_AR,I_NOISE,0.0
4V8S_AW,I_NOISE,0.0
4V8S_AY,I_NOISE,0.0
4W9M_C,I_NOISE,0.0
4WUH_A,I_NOISE,0.0
4WWC_B,I_NOISE,0.0
4WX9_B,I_NOISE,0.0
4WZW_A,I_NOISE,0.0
4X0G_B,I_NOISE,0.0
4X23_C,I_NOISE,0.0
4X23_D,I_NOISE,0.0
4X23_E,I001,0.758333351277746
4X9J_A,I_NOISE,0.0
4XIC_A,I006,1.0
4XIU_A,I008,1.0
4XLN_D,I_NOISE,0.0
4XLN_F,I_NOISE,0.0
4XLR_C,I_NOISE,0.0
4XLS_M,I_NOISE,0.0
4XQJ_A,I_NOISE,0.0
4XQK_A,I_NOISE,0.0
4XQQ_A,I_NOISE,0.0
4XR0_A,I_NOISE,0.0
4XR2_A,I_NOISE,0.0
4XRM_B,I_NOISE,0.0
4XRS_B,I_NOISE,0.0
4XRS_G,I_NOISE,0.0
4XUS_A,I003,0.7353797892974121
4XVI_A,I_NOISE,0.0
4XZF_A,I_NOISE,0.0
4XZQ_B,I_NOISE,0.0
4XZQ_D,I_NOISE,0.0
4Y60_C,I_NOISE,0.0
4YD1_A,I003,0.7427495106003447
4YF0_B,I_NOISE,0.0
4YFH_B,I_NOISE,0.0
4YG1_A,I_NOISE,0.0
4YG7_D,I_NOISE,0.0
4YHX_A,I007,1.0
4YIG_A,I_NOISE,0.0
4YIR_A,I_NOISE,0.0
4YIS_A,I_NOISE,0.0
4YIT_D,I007,0.8747890600826639
4YJ0_B,I_NOISE,0.0
4YKL_B,I_NOISE,0.0
4YNQ_A,I_NOISE,0.0
4YOQ_A,I_NOISE,0.0
4YOW_A,I_NOISE,0.0
4YPR_A,I_NOISE,0.0
4YQW_A,I008,1.0
4YR3_A,I008,1.0
4YRV_A,I_NOISE,0.0
4Z1X_A,I_NOISE,0.0
4Z20_A,I007,0.830174024440662
4Z2C_A,I_NOISE,0.0
4Z3A_A,I_NOISE,0.0
4Z5D_A,I_NOISE,0.0
4Z5H_A,I_NOISE,0.0
4Z66_C,I005,0.8113785900169509
4Z66_D,I_NOISE,0.0
4Z8F_H,I_NOISE,0.0
4Z8F_L,I_NOISE,0.0
4ZCF_A,I_NOISE,0.0
4ZHN_A,I_NOISE,0.0
4ZSF_A,I_NOISE,0.0
4ZUX_e,I_NOISE,0.0
4ZYD_A,I_NOISE,0.0
5A0M_A,I_NOISE,0.0
5A0M_B,I_NOISE,0.0
5A0W_D,I_NOISE,0.0
5A3D_B,I_NOISE,0.0
5A72_B,I_NOISE,0.0
5A74_B,I_NOISE,0.0
5AKM_A,I_NOISE,0.0
5AKN_F,I_NOISE,0.0
5AWH_A,I_NOISE,0.0
5B2R_B,I009,1.0
5B2S_B,I009,1.0
5B2T_B,I_NOISE,0.0
5B43_A,I009,0.9420605770458227
5B7J_A,I_NOISE,0.0
5BNG_B,I_NOISE,0.0
5BNH_A,I_NOISE,0.0
5BOX_A,I_NOISE,0.0
5BPD_A,I_NOISE,0.0
5BS8_D,I_NOISE,0.0
5BYG_B,I_NOISE,0.0
5C8E_G,I_NOISE,0.0
5CDM_D,I_NOISE,0.0
5CDN_U,I_NOISE,0.0
5CDO_B,I_NOISE,0.0
5CDP_A,I_NOISE,0.0
5CDP_B,I_NOISE,0.0
5CDQ_S,I_NOISE,0.0
5CG9_A,I_NOISE,0.0
5CHI_A,I_NOISE,0.0
5CKY_O,I_NOISE,0.0
5CL3_A,I_NOISE,0.0
5CL8_A,I_NOISE,0.0
5CLV_B,I_NOISE,0.0
5CLV_E,I_NOISE,0.0
5CM3_A,I_NOISE,0.0
5CO0_O,I_NOISE,0.0
5CQQ_B,I_NOISE,0.0
5CRJ_O,I_NOISE,0.0
5CRK_O,I_NOISE,0.0
5CWR_A,I003,1.0
5CY1_A,I_NOISE,0.0
5CZZ_A,I_NOISE,0.0
5D4S_B,I_NOISE,0.0
5D5X_B,I_NOISE,0.0
5D8C_B,I_NOISE,0.0
5D8F_B,I_NOISE,0.0
5D8K_B,I_NOISE,0.0
5DAC_A,I_NOISE,0.0
5DFF_A,I003,0.6405257818632853
5DFJ_A,I008,0.8756468339800916
5DKW_A,I_NOISE,0.0
5DLJ_B,I_NOISE,0.0
5DLJ_E,I_NOISE,0.0
5DNY_B,I_NOISE,0.0
5DQZ_B,I_NOISE,0.0
5DQZ_E,I_NOISE,0.0
5DS5_B,I_NOISE,0.0
5DS5_E,I_NOISE,0.0
5DS9_B,I_NOISE,0.0
5DWA_A,I_NOISE,0.0
5DY0_A,I008,0.8828215312478679
5E01_B,I_NOISE,0.0
5E24_E,I_NOISE,0.0
5E5O_A,I_NOISE,0.0
5E5S_A,I_NOISE,0.0
5E63_A,I_NOISE,0.0
5E67_A,I_NOISE,0.0
5EAN_A,I_NOISE,0.0
5EAX_A,I_NOISE,0.0
5EEA_G,I006,1.0
5EG0_A,I_NOISE,0.0
5EGO_A,I_NOISE,0.0
5EIX_A,I003,0.6443095313311569
5ESP_A,I007,1.0
5EXH_C,I_NOISE,0.0
5EYB_A,I_NOISE,0.0
5EYO_C,I_NOISE,0.0
5F0Q_A,I_NOISE,0.0
5F3W_B,I_NOISE,0.0
5F55_A,I_NOISE,0.0
5F7Q_E,I_NOISE,0.0
5F8A_A,I_NOISE,0.0
5F99_G,I005,1.0
5F9R_B,I_NOISE,0.0
5FB2_A,I_NOISE,0.0
5FDK_D,I_NOISE,0.0
5FHE_A,I_NOISE,0.0
5FKV_A,I_NOISE,0.0
5FMF_1,I_NOISE,0.0
5FMF_M,I_NOISE,0.0
5FMF_U,I_NOISE,0.0
5FMF_V,I_NOISE,0.0
5FMF_X,I_NOISE,0.0
5FTE_A,I_NOISE,0.0
5FUR_C,I_NOISE,0.0
5FW1_B,I_NOISE,0.0
5FW2_B,I009,1.0
5FW3_B,I009,1.0
5G5T_A,I_NOISE,0.0
5GKE_A,I_NOISE,0.0
5GKP_B,I_NOISE,0.0
5GKR_A,I_NOISE,0.0
5GKR_B,I_NOISE,0.0
5GPC_A,I_NOISE,0.0
5H3R_A,I_NOISE,0.0
5H8W_A,I_NOISE,0.0
5H9F_A,I_NOISE,0.0
5H9F_B,I_NOISE,0.0
5H9F_J,I_NOISE,0.0
5HAW_B,I_NOISE,0.0
5HBU_B,I_NOISE,0.0
5HCH_A,I_NOISE,0.0
5HDN_C,I_NOISE,0.0
5HHH_A,I003,1.0
5HK3_B,I_NOISE,0.0
5HLG_B,I_NOISE,0.0
5HNF_A,I_NOISE,0.0
5HNK_A,I_NOISE,0.0
5HOD_A,I_NOISE,0.0
5HP4_A,I_NOISE,0.0
5HRF_A,I_NOISE,0.0
5HRG_A,I008,0.8799542360409518
5HRH_B,I_NOISE,0.0
5HRK_B,I_NOISE,0.0
5HT2_A,I_NOISE,0.0
5I2D_G,I_NOISE,0.0
5I44_B,I_NOISE,0.0
5IFF_A,I_NOISE,0.0
5IIO_A,I003,0.8372941888992744
5INO_A,I_NOISE,0.0
5IUD_D,I008,0.9405500223348124
5IWI_A,I_NOISE,0.0
5IWI_B,I_NOISE,0.0
5IYB_B,I_NOISE,0.0
5IYB_M,I_NOISE,0.0
5J0N_F,I_NOISE,0.0
5J0N_I,I_NOISE,0.0
5J2M_A,I009,1.0
5J2N_B,I_NOISE,0.0
5J5P_A,I_NOISE,0.0
5JH0_D,I_NOISE,0.0
5JJV_B,I_NOISE,0.0
5JLT_A,I_NOISE,0.0
5JUB_A,I_NOISE,0.0
5K1Y_B,I_NOISE,0.0
5K58_A,I008,0.9015774533096143
5K5H_A,I_NOISE,0.0
5K5J_A,I_NOISE,0.0
5K5L_G,I_NOISE,0.0
5K5R_B,I_NOISE,0.0
5K83_A,I_NOISE,0.0
5K97_A,I_NOISE,0.0
5K98_A,I_NOISE,0.0
5KBD_A,I008,0.9725027945838294
5KBJ_A,I_NOISE,0.0
5KE7_A,I_NOISE,0.0
5KE9_A,I_NOISE,0.0
5KEA_A,I_NOISE,0.0
5KEG_A,I_NOISE,0.0
5KFS_A,I008,1.0
5KK5_A,I009,0.9420605770458227
5KKQ_A,I_NOISE,0.0
5KL4_A,I_NOISE,0.0
5KL7_A,I_NOISE,0.0
5KN8_A,I_NOISE,0.0
5KN9_A,I_NOISE,0.0
5KRB_G,I_NOISE,0.0
5KSE_A,I003,0.6426969443090502
5KW6_A,I_NOISE,0.0
5LCL_A,I_NOISE,0.0
5LD2_D,I002,0.997216976832165
5LEK_A,I_NOISE,0.0
5LRS_A,I008,0.8768517336447322
5LTY_K,I_NOISE,0.0
5LUX_K,I_NOISE,0.0
5M1S_A,I_NOISE,0.0
5M1S_D,I_NOISE,0.0
5M5W_B,I_NOISE,0.0
5MCT_A,I_NOISE,0.0
5MEZ_A,I_NOISE,0.0
5MHJ_A,I_NOISE,0.0
5MLU_A,I001,1.0
5MLU_D,I004,1.0
5MLU_G,I005,0.8532846219643596
5MLU_H,I004,1.0
5MS0_D,I_NOISE,0.0
5MS0_F,I_NOISE,0.0
5N6I_A,I_NOISE,0.0
5N9D_B,I_NOISE,0.0
5NFV_A,I_NOISE,0.0
5NNU_A,I008,0.922327767537035
5NNX_A,I_NOISE,0.0
5NO6_A,I_NOISE,0.0
5NO6_N,I_NOISE,0.0
5NPK_b,I_NOISE,0.0
5NPP_B,I_NOISE,0.0
5NWA_A,I008,1.0
5O6B_A,I_NOISE,0.0
5O6G_A,I_NOISE,0.0
5O6I_A,I_NOISE,0.0
5O6U_D,I_NOISE,0.0
5O6U_F,I_NOISE,0.0
5O7T_A,I008,1.0
5ODG_A,I_NOISE,0.0
5ODL_A,I_NOISE,0.0
5OLA_A,I_NOISE,0.0
5OLA_E,I_NOISE,0.0
5OQO_A,I_NOISE,0.0
5OQP_A,I_NOISE,0.0
5OR5_A,I_NOISE,0.0
5SWW_D,I_NOISE,0.0
5SZX_A,I_NOISE,0.0
5T01_A,I_NOISE,0.0
5T0U_A,I_NOISE,0.0
5T1J_A,I008,0.9273338019596722
5T2H_A,I007,0.8355629542806189
5T2N_A,I_NOISE,0.0
5T2O_A,I007,0.9602631920900008
5T4I_B,I008,0.9301676738879326
5T5K_B,I_NOISE,0.0
5T7X_B,I_NOISE,0.0
5T8D_A,I007,0.9602631920900008
5TD5_A,I_NOISE,0.0
5THG_A,I007,0.8355629542806189
5TKZ_A,I_NOISE,0.0
5TRD_A,I_NOISE,0.0
5TWR_A,I003,0.7427495106003447
5TXL_A,I009,1.0
5TXM_A,I009,1.0
5TXN_A,I009,1.0
5TXO_A,I009,1.0
5U0A_E,I_NOISE,0.0
5U1J_B,I_NOISE,0.0
5U33_A,I009,0.9675197501648946
5U8H_A,I003,0.6426074742387188
5U8I_A,I003,0.8105307822906042
5U91_A,I_NOISE,0.0
5UC6_A,I_NOISE,0.0
5UI5_V,I_NOISE,0.0
5UK7_K,I_NOISE,0.0
5UM9_A,I_NOISE,0.0
5UX0_D,I_NOISE,0.0
5V09_Z,I_NOISE,0.0
5V0Q_A,I007,0.9602631920900008
5V3G_D,I_NOISE,0.0
5V3J_F,I_NOISE,0.0
5V8F_7,I_NOISE,0.0
5VA0_B,I_NOISE,0.0
5VA7_A,I006,1.0
5VC9_C,I_NOISE,0.0
5VFX_F,I_NOISE,0.0
5VHE_A,I_NOISE,0.0
5VHV_A,I_NOISE,0.0
5VI5_C,I_NOISE,0.0
5VI5_D,I_NOISE,0.0
5VMX_A,I_NOISE,0.0
5VMZ_A,I_NOISE,0.0
5VPE_A,I_NOISE,0.0
5VPE_B,I_NOISE,0.0
5VS2_A,I003,1.0
5VU9_A,I008,0.8937389239748815
5VVJ_F,I_NOISE,0.0
5VVL_F,I_NOISE,0.0
5VXN_C,I008,0.9725027945838294
5VZ7_A,I003,0.7427495106003447
5VZB_A,I_NOISE,0.0
5VZE_A,I_NOISE,0.0
5VZG_A,I003,0.7427495106003447
5W0U_B,I_NOISE,0.0
5W1C_B,I_NOISE,0.0
5W2M_A,I_NOISE,0.0
5W36_A,I_NOISE,0.0
5W65_P,I_NOISE,0.0
5W66_M,I_NOISE,0.0
5W6Q_G,I008,1.0
5W7G_A,I_NOISE,0.0
5W7G_B,I_NOISE,0.0
5W9Q_A,I_NOISE,0.0
5WCU_C,I_NOISE,0.0
5WCU_D,I_NOISE,0.0
5WCU_U,I_NOISE,0.0
5WJQ_D,I_NOISE,0.0
5WM1_A,I008,0.8628478695189791
5WN3_B,I003,0.6375015060761154
5WVW_A,I_NOISE,0.0
5WVY_A,I_NOISE,0.0
5WVZ_A,I_NOISE,0.0
5WWC_B,I_NOISE,0.0
5WX9_A,I_NOISE,0.0
5X11_E,I_NOISE,0.0
5XFP_B,I_NOISE,0.0
5XFQ_A,I_NOISE,0.0
5XFR_B,I_NOISE,0.0
5XH6_A,I009,0.9420605770458227
5XH7_A,I009,0.9420605770458227
5XM8_A,I008,0.8954438692378098
5XM9_A,I_NOISE,0.0
5XOG_E,I_NOISE,0.0
5XPG_A,I_NOISE,0.0
5XUT_A,I009,0.9420605770458227
5XVN_F,I_NOISE,0.0
5XVP_B,I003,0.707135682672647
5XZB_A,I_NOISE,0.0
5Y36_A,I_NOISE,0.0
5Y3M_A,I_NOISE,0.0
5Y3R_A,I_NOISE,0.0
5Y3R_B,I_NOISE,0.0
5Y7Q_A,I_NOISE,0.0
5YBB_D,I_NOISE,0.0
5YBD_A,I_NOISE,0.0
5YEG_B,I_NOISE,0.0
5YEH_A,I_NOISE,0.0
5YEL_B,I_NOISE,0.0
5YI2_A,I_NOISE,0.0
5YI3_A,I_NOISE,0.0
5YIW_A,I_NOISE,0.0
5YUY_A,I008,0.9085376927455463
5Z3N_A,I008,1.0
5Z7D_B,I_NOISE,0.0
5ZAD_A,I008,0.9733149235760818
5ZCW_A,I_NOISE,0.0
5ZE0_C,I_NOISE,0.0
5ZJR_B,I_NOISE,0.0
5ZLN_B,I_NOISE,0.0
5ZMC_B,I_NOISE,0.0
5ZMN_A,I_NOISE,0.0
5ZMO_A,I_NOISE,0.0
5ZOG_A,I_NOISE,0.0
5ZR1_E,I_NOISE,0.0
5ZU1_A,I_NOISE,0.0
5ZUP_C,I_NOISE,0.0
5ZUX_A,I_NOISE,0.0
6A57_A,I_NOISE,0.0
6A5N_A,I008,0.9222689192844279
6A8R_A,I_NOISE,0.0
6AEG_B,I009,0.9780935447219352
6AI6_A,I_NOISE,0.0
6AJO_A,I_NOISE,0.0
6AKO_C,I006,1.0
6AMO_A,I009,1.0
6AS7_A,I_NOISE,0.0
6ASB_I,I_NOISE,0.0
6ASD_C,I_NOISE,0.0
6B0O_A,I_NOISE,0.0
6B0R_A,I_NOISE,0.0
6B44_A,I_NOISE,0.0
6B44_B,I_NOISE,0.0
6B44_F,I_NOISE,0.0
6B6H_G,I_NOISE,0.0
6B6H_I,I_NOISE,0.0
6BCF_J,I_NOISE,0.0
6BCG_D,I_NOISE,0.0
6BCH_A,I_NOISE,0.0
6BCI_A,I_NOISE,0.0
6BCN_A,I_NOISE,0.0
6BD0_A,I007,1.0
6BDA_A,I_NOISE,0.0
6BDB_A,I007,1.0
6BKG_A,I003,0.6513235898039326
6BQU_B,I006,1.0
6BRR_A,I_NOISE,0.0
6BSG_A,I_NOISE,0.0
6BTE_A,I003,0.9946998569758508
6BUX_A,I_NOISE,0.0
6BWY_B,I_NOISE,0.0
6BZ1_C,I_NOISE,0.0
6BZO_D,I_NOISE,0.0
6C04_C,I_NOISE,0.0
6C31_A,I_NOISE,0.0
6C66_A,I_NOISE,0.0
6C66_M,I_NOISE,0.0
6C66_O,I_NOISE,0.0
6CCG_A,I_NOISE,0.0
6CFI_A,I_NOISE,0.0
6CG8_E,I_NOISE,0.0
6CIK_B,I_NOISE,0.0
6CIM_A,I_NOISE,0.0
6CQ2_A,I_NOISE,0.0
6CRM_A,I002,0.9844202765629468
6CRO_A,I_NOISE,0.0
6CT9_A,I_NOISE,0.0
6CTR_A,I003,1.0
6CVP_B,I_NOISE,0.0
6CVQ_A,I002,1.0
6CVR_A,I002,1.0
6CVS_A,I_NOISE,0.0
6CVT_A,I002,0.9402264617984188
6D0Z_A,I008,0.9843063103648823
6D5F_A,I_NOISE,0.0
6D5F_a,I_NOISE,0.0
6D92_A,I_NOISE,0.0
6D95_A,I_NOISE,0.0
6DG0_A,I_NOISE,0.0
6DGD_A,I_NOISE,0.0
6DIC_A,I003,0.9766244132916281
6DOG_A,I_NOISE,0.0
6DOH_A,I_NOISE,0.0
6DOS_A,I_NOISE,0.0
6DPB_A,I_NOISE,0.0
6DPG_A,I_NOISE,0.0
6DPI_A,I_NOISE,0.0
6DSX_A,I008,1.0
6DT1_A,I003,0.7358792043319337
6DT7_A,I_NOISE,0.0
6DT7_B,I_NOISE,0.0
6DVC_C,I_NOISE,0.0
6DVC_F,I_NOISE,0.0
6DWW_A,I_NOISE,0.0
6E33_A,I_NOISE,0.0
6E93_A,I_NOISE,0.0
6E94_A,I_NOISE,0.0
6EDC_A,I_NOISE,0.0
6EDT_C,I_NOISE,0.0
6EDT_D,I_NOISE,0.0
6EHT_A,I_NOISE,0.0
6EMY_B,I_NOISE,0.0
6EN0_B,I_NOISE,0.0
6EN1_A,I_NOISE,0.0
6EO6_H,I_NOISE,0.0
6ERQ_C,I_NOISE,0.0
6ES2_K,I_NOISE,0.0
6ES3_K,I_NOISE,0.0
6EU0_P,I_NOISE,0.0
6EU1_B,I_NOISE,0.0
6EXV_B,I_NOISE,0.0
6F1K_A,I_NOISE,0.0
6F2S_A,I_NOISE,0.0
6F2S_H,I003,0.7170463041747219
6F2S_I,I_NOISE,0.0
6F59_B,I008,1.0
6FB0_A,I_NOISE,0.0
6FB0_B,I_NOISE,0.0
6FB1_A,I_NOISE,0.0
6FB8_A,I_NOISE,0.0
6FBC_A,I008,1.0
6FBU_A,I008,0.9707446023579732
6FIX_B,I_NOISE,0.0
6FK4_A,I_NOISE,0.0
6FKE_A,I_NOISE,0.0
6FL1_A,I_NOISE,0.0
6FN0_A,I_NOISE,0.0
6FQ5_B,I005,0.7122284666151258
6FQ5_C,I005,0.7692387010048892
6FQ5_D,I004,1.0
6FTX_E,I_NOISE,0.0
6FTX_W,I_NOISE,0.0
6FWR_A,I_NOISE,0.0
6FZS_B,I008,0.8589245230928751
6FZT_A,I008,0.8792768152542813
6G0A_A,I008,1.0
6G1T_A,I_NOISE,0.0
6GAT_A,I_NOISE,0.0
6GCF_A,I_NOISE,0.0
6GED_A,I_NOISE,0.0
6GIS_A,I_NOISE,0.0
6GOV_G,I_NOISE,0.0
6GOV_N,I_NOISE,0.0
6GOV_Y,I_NOISE,0.0
6GTG_A,I_NOISE,0.0
6GTS_C,I_NOISE,0.0
6GVQ_B,I_NOISE,0.0
6GY3_A,I_NOISE,0.0
6H0S_A,I_NOISE,0.0
6H1V_A,I008,0.9836824749780624
6HB4_A,I001,0.6433767132574569
6HP7_A,I_NOISE,0.0
6I1K_A,I_NOISE,0.0
6I1L_A,I_NOISE,0.0
6I52_B,I_NOISE,0.0
6I52_C,I_NOISE,0.0
6I8A_A,I008,1.0
6IFM_B,I_NOISE,0.0
6IIT_B,I_NOISE,0.0
6IMK_A,I003,0.8118601616902263
6IMN_A,I_NOISE,0.0
6IOD_A,I_NOISE,0.0
6IPU_A,I001,1.0
6IPU_C,I005,0.7290260806984777
6IPU_D,I004,1.0
6IPU_F,I005,0.7122284666151258
6IQ4_C,I005,1.0
6IR8_A,I_NOISE,0.0
6IS7_A,I_NOISE,0.0
6IS8_A,I_NOISE,0.0
6IUD_A,I_NOISE,0.0
6IY2_A,I001,1.0
6IY2_C,I005,1.0
6IY2_D,I004,1.0
6IY3_D,I004,0.9803716728937417
6J4R_A,I_NOISE,0.0
6J5B_C,I_NOISE,0.0
6J80_B,I_NOISE,0.0
6J9C_D,I_NOISE,0.0
6J9F_C,I_NOISE,0.0
6JBX_A,I008,0.9178399128734107
6JCY_C,I_NOISE,0.0
6JDV_A,I_NOISE,0.0
6JE4_K,I_NOISE,0.0
6JG8_B,I_NOISE,0.0
6JMA_C,I_NOISE,0.0
6JNI_A,I_NOISE,0.0
6JNX_P,I_NOISE,0.0
6JRF_A,I_NOISE,0.0
6JRG_A,I_NOISE,0.0
6JTQ_A,I_NOISE,0.0
6JUM_A,I008,1.0
6JUN_A,I008,1.0
6JUP_A,I008,1.0
6JUQ_A,I008,1.0
6JUR_A,I008,0.9847491164743235
6JUS_A,I008,1.0
6JW0_A,I_NOISE,0.0
6JW3_A,I_NOISE,0.0
6JW5_A,I_NOISE,0.0
6JXD_C,I005,0.8431632562668963
6JXD_D,I004,0.9694936873949782
6JXD_E,I001,0.9837888190222791
6JXD_G,I005,1.0
6JYW_A,I_NOISE,0.0
6K3J_A,I_NOISE,0.0
6K4Q_B,I009,1.0
6K4Y_M,I_NOISE,0.0
6K8O_A,I002,0.9844202765629468
6KBS_B,I_NOISE,0.0
6KC8_A,I_NOISE,0.0
6KCP_D,I_NOISE,0.0
6KCQ_B,I_NOISE,0.0
6KDB_A,I008,0.9725027945838294
6KE9_E,I001,0.617224807257617
6KE9_G,I005,0.979429954347464
6KF9_B,I_NOISE,0.0
6KF9_C,I_NOISE,0.0
6KI3_B,I003,0.6405257818632853
6KNB_E,I_NOISE,0.0
6KOP_D,I_NOISE,0.0
6KSF_A,I_NOISE,0.0
6KVO_A,I_NOISE,0.0
6L2O_A,I_NOISE,0.0
6L6Q_A,I_NOISE,0.0
6L6S_A,I_NOISE,0.0
6L6Y_D,I_NOISE,0.0
6L84_A,I008,1.0
6L8E_A,I_NOISE,0.0
6LBR_A,I_NOISE,0.0
6LC1_A,I_NOISE,0.0
6LCT_A,I_NOISE,0.0
6LDI_H,I_NOISE,0.0
6LMJ_A,I_NOISE,0.0
6LNB_G,I_NOISE,0.0
6LTR_A,I_NOISE,0.0
6LTU_A,I_NOISE,0.0
6LWA_D,I008,0.9962292108495882
6LWD_A,I008,0.9962292108495882
6LWL_A,I008,0.9962292108495882
6LWN_D,I008,0.9542899355982035
6LWP_A,I008,0.9594084837184202
6LWR_A,I_NOISE,0.0
6LXN_A,I_NOISE,0.0
6M0X_A,I_NOISE,0.0
6M75_A,I_NOISE,0.0
6MII_E,I_NOISE,0.0
6ML4_A,I_NOISE,0.0
6MQ8_A,I008,1.0
6MRJ_B,I008,0.8581675676798882
6MU4_A,I_NOISE,0.0
6MUO_B,I_NOISE,0.0
6MUP_A,I_NOISE,0.0
6MUP_D,I_NOISE,0.0
6MUP_G,I005,1.0
6MUP_M,I_NOISE,0.0
6MXO_A,I008,1.0
6MZM_W,I_NOISE,0.0
6N1P_B,I_NOISE,0.0
6N4C_A,I_NOISE,0.0
6N4C_B,I_NOISE,0.0
6N4C_C,I_NOISE,0.0
6N4C_D,I_NOISE,0.0
6N4C_F,I_NOISE,0.0
6N7W_H,I_NOISE,0.0
6NCM_A,I_NOISE,0.0
6NE0_F,I_NOISE,0.0
6NE3_W,I_NOISE,0.0
6NJU_D,I_NOISE,0.0
6NL0_A,I003,1.0
6NSM_A,I_NOISE,0.0
6NUH_A,I_NOISE,0.0
6O0Z_A,I_NOISE,0.0
6O19_A,I_NOISE,0.0
6O3T_A,I_NOISE,0.0
6O71_A,I_NOISE,0.0
6O8E_A,I_NOISE,0.0
6O8G_B,I008,1.0
6O8H_A,I_NOISE,0.0
6O8Q_B,I_NOISE,0.0
6O9L_Q,I_NOISE,0.0
6O9L_T,I_NOISE,0.0
6OBJ_A,I_NOISE,0.0
6OD3_A,I_NOISE,0.0
6OEA_A,I_NOISE,0.0
6OLA_A0,I_NOISE,0.0
6OMV_B,I008,0.9383755348330347
6OTZ_A,I009,1.0
6OY6_D,I_NOISE,0.0
6P0C_A,I003,0.9946998569758508
6P0E_A,I003,0.9946998569758508
6P18_Q,I_NOISE,0.0
6P4F_B,I_NOISE,0.0
6P4F_C,I_NOISE,0.0
6P5C_A,I008,1.0
6P71_D,I_NOISE,0.0
6P7B_A,I_NOISE,0.0
6P7E_G,I_NOISE,0.0
6P93_A,I003,0.6405257818632853
6P94_A,I003,0.6405257818632853
6PAX_A,I_NOISE,0.0
6PBD_A,I008,0.9079869090989171
6PCM_A,I_NOISE,0.0
6PIJ_A,I_NOISE,0.0
6PIJ_G,I_NOISE,0.0
6PKZ_A,I003,1.0
6PMI_F,I_NOISE,0.0
6PR5_A,I_NOISE,0.0
6PSQ_J,I_NOISE,0.0
6PST_L,I_NOISE,0.0
6PY8_E,I_NOISE,0.0
6Q0C_A,I008,0.8818158410828199
6Q1V_A,I003,0.9946998569758508
6QEC_A,I_NOISE,0.0
6QEM_G,I_NOISE,0.0
6QFD_B,I_NOISE,0.0
6QIB_A,I008,1.0
6QLD_a,I_NOISE,0.0
6QLD_b,I_NOISE,0.0
6QLD_d,I_NOISE,0.0
6QLD_e,I_NOISE,0.0
6QLD_g,I_NOISE,0.0
6QLD_h,I_NOISE,0.0
6QLD_i,I_NOISE,0.0
6QUA_B,I_NOISE,0.0
6QWF_A,I_NOISE,0.0
6QWH_A,I_NOISE,0.0
6QWK_A,I_NOISE,0.0
6QWM_A,I_NOISE,0.0
6QX2_J,I_NOISE,0.0
6QX2_K,I_NOISE,0.0
6QX2_d,I_NOISE,0.0
6QX2_k,I_NOISE,0.0
6QX2_r,I008,0.8932744532025774
6QX2_s,I_NOISE,0.0
6QX2_u,I_NOISE,0.0
6QXF_B,I_NOISE,0.0
6QZK_A,I_NOISE,0.0
6R1T_D,I_NOISE,0.0
6R1T_G,I_NOISE,0.0
6R1U_K,I_NOISE,0.0
6R2V_B,I005,0.6763155138773191
6R2V_C,I_NOISE,0.0
6RAR_I,I008,0.9381235495863447
6RAS_I,I008,0.8587999803794003
6RAU_I,I_NOISE,0.0
6RCN_A,I_NOISE,0.0
6RIE_A,I_NOISE,0.0
6RKW_A,I_NOISE,0.0
6RKW_B,I_NOISE,0.0
6RNM_A,I_NOISE,0.0
6RNR_A,I_NOISE,0.0
6RQL_A,I_NOISE,0.0
6RWM_A,I_NOISE,0.0
6RWO_A,I_NOISE,0.0
6RYD_A,I_NOISE,0.0
6S16_B,I_NOISE,0.0
6S3O_A,I002,0.9353955423132002
6S3P_A,I_NOISE,0.0
6S48_A,I_NOISE,0.0
6S6H_B,I_NOISE,0.0
6S85_A,I_NOISE,0.0
6SA0_A,I003,0.7017408638215573
6T21_A,I_NOISE,0.0
6T2U_B,I_NOISE,0.0
6T8H_B,I_NOISE,0.0
6T8H_C,I_NOISE,0.0
6TBZ_A,I_NOISE,0.0
6TC9_A,I008,0.8953249521550382
6TCE_A,I_NOISE,0.0
6TNY_A,I_NOISE,0.0
6TQN_G,I_NOISE,0.0
6TQN_Y,I_NOISE,0.0
6TUX_A,I_NOISE,0.0
6TXR_A,I_NOISE,0.0
6U0M_2,I_NOISE,0.0
6U0M_4,I_NOISE,0.0
6U0M_7,I_NOISE,0.0
6U81_A,I_NOISE,0.0
6U82_D,I_NOISE,0.0
6U8W_A,I008,0.9725027945838294
6U8X_A,I008,0.9445547333294636
6U90_A,I008,0.9718918930222495
6U91_A,I008,0.9725027945838294
6UBF_A,I_NOISE,0.0
6UG1_A,I_NOISE,0.0
6UH5_L,I_NOISE,0.0
6UH5_N,I_NOISE,0.0
6UIS_A,I009,1.0
6UJZ_A,I009,1.0
6UKF_X,I_NOISE,0.0
6UOL_A,I003,0.9486204963189183
6UQI_A,I008,0.9560579382033638
6UR4_A,I008,1.0
6USO_A,I_NOISE,0.0
6USQ_A,I_NOISE,0.0
6UVW_D,I007,1.0
6UW0_B,I007,0.9811636830273021
6UWG_A,I007,1.0
6UWH_A,I007,1.0
6UWJ_A,I007,1.0
6UWK_A,I007,1.0
6V10_1,I_NOISE,0.0
6V1G_1,I_NOISE,0.0
6V1Z_1,I_NOISE,0.0
6V7B_A,I_NOISE,0.0
6VAE_A,I_NOISE,0.0
6VBW_D,I_NOISE,0.0
6VCS_B,I_NOISE,0.0
6VDD_A,I008,1.0
6VEN_M,I_NOISE,0.0
6VF1_A,I003,0.7427495106003447
6VG8_D,I_NOISE,0.0
6VGD_A,I_NOISE,0.0
6VJW_A,I_NOISE,0.0
6VPC_B,I_NOISE,0.0
6VTX_A,I_NOISE,0.0
6VVY_D,I_NOISE,0.0
6VW0_C,I_NOISE,0.0
6VYP_K,I_NOISE,0.0
6VZJ_AE,I_NOISE,0.0
6W0M_A,I008,1.0
6W0Q_A,I003,0.6405257818632853
6W0R_A,I_NOISE,0.0
6W13_A,I008,0.889288493183332
6W1A_A,I_NOISE,0.0
6W1F_A,I_NOISE,0.0
6W2P_A,I003,0.6405257818632853
6W43_A,I003,0.6405257818632853
6W4I_A,I003,0.6405257818632853
6W5C_A,I_NOISE,0.0
6W7A_A,I_NOISE,0.0
6W8B_A,I008,0.8651447206531168
6W8J_D,I008,0.922327767537035
6WBR_A,I_NOISE,0.0
6WC0_A,I_NOISE,0.0
6WC2_D,I_NOISE,0.0
6WC5_B,I_NOISE,0.0
6WC5_I,I_NOISE,0.0
6WHI_I,I_NOISE,0.0
6WHM_A,I_NOISE,0.0
6WMC_A,I_NOISE,0.0
6WMI_A,I_NOISE,0.0
6WMU_D,I_NOISE,0.0
6WOY_D,I_NOISE,0.0
6WPJ_A,I009,1.0
6WQ0_A,I_NOISE,0.0
6WQ2_A,I_NOISE,0.0
6WQ2_a,I_NOISE,0.0
6WVJ_D,I_NOISE,0.0
6WYA_A,I008,0.8655487994390948
6X1J_A,I_NOISE,0.0
6X43_A,I_NOISE,0.0
6X6D_A,I006,1.0
6X6E_A,I006,1.0
6X74_A,I_NOISE,0.0
6X76_A,I008,0.8628478695189791
6X77_A,I_NOISE,0.0
6X7F_AB,I_NOISE,0.0
6X9J_A,I_NOISE,0.0
6XAS_B,I_NOISE,0.0
6XB8_C,I_NOISE,0.0
6XBU_A,I_NOISE,0.0
6XEO_A,I_NOISE,0.0
6XGX_A,I_NOISE,0.0
6XH7_G,I_NOISE,0.0
6XL5_G,I_NOISE,0.0
6XNY_D,I_NOISE,0.0
6Y37_C,I_NOISE,0.0
6Y39_C,I_NOISE,0.0
6Y42_A,I_NOISE,0.0
6Y5D_A,I_NOISE,0.0
6Y5E_A,I001,0.9455877603757892
6Y5E_C,I005,0.9847861293404396
6Y5E_G,I005,0.8148715644823816
6Y5E_K,I_NOISE,0.0
6YCQ_A,I008,0.8581675676798882
6YKF_A,I_NOISE,0.0
6YL2_A,I_NOISE,0.0
6Z1A_B,I_NOISE,0.0
6Z6P_K,I_NOISE,0.0
6Z6P_M,I_NOISE,0.0
6Z9Q_A,I_NOISE,0.0
6ZA3_B,I_NOISE,0.0
6ZHE_C,I_NOISE,0.0
6ZJ2_B,I_NOISE,0.0
6ZMN_A,I_NOISE,0.0
6ZNP_A,I002,1.0
6ZTJ_AJ,I_NOISE,0.0
6ZZ6_A,I_NOISE,0.0
6ZZ6_B,I_NOISE,0.0
7ABS_A,I_NOISE,0.0
7AEO_A,I_NOISE,0.0
7AI6_B,I_NOISE,0.0
7AI7_A,I_NOISE,0.0
7AMV_K,I_NOISE,0.0
7AMV_W,I008,1.0
7AOE_B,I_NOISE,0.0
7AOH_E,I_NOISE,0.0
7AOH_I,I_NOISE,0.0
7AOH_Y,I008,0.908875204710795
7APD_C,I_NOISE,0.0
7APD_G,I008,0.9222689192844279
7AUD_A,I002,0.9587079219823227
7AW7_D,I_NOISE,0.0
7B0H_F,I_NOISE,0.0
7B20_B,I008,0.9725027945838294
7B24_B,I_NOISE,0.0
7B25_B,I008,0.9057663400665255
7B49_A,I008,0.9725027945838294
7B4D_A,I_NOISE,0.0
7B4G_A,I_NOISE,0.0
7B5Y_A,I_NOISE,0.0
7BHY_A,I_NOISE,0.0
7BJQ_A,I_NOISE,0.0
7BTQ_A,I_NOISE,0.0
7BTQ_E,I_NOISE,0.0
7BWD_L,I_NOISE,0.0
7C0G_A,I_NOISE,0.0
7C0M_K,I_NOISE,0.0
7C4P_A,I_NOISE,0.0
7C4P_B,I_NOISE,0.0
7C4R_A,I_NOISE,0.0
7C7L_A,I_NOISE,0.0
7C99_A,I_NOISE,0.0
7C9A_A,I_NOISE,0.0
7CBY_C,I008,0.8860342197303375
7CC9_A,I008,0.9873460224785663
7CCD_A,I008,0.9873460224785663
7CCJ_B,I008,0.8843097002875492
7CCQ_C,I005,0.8758268193465636
7CCQ_K,I_NOISE,0.0
7CE1_K,I_NOISE,0.0
7CKQ_G,I_NOISE,0.0
7CQ4_A,I_NOISE,0.0
7CR8_C,I_NOISE,0.0
7CRE_A,I_NOISE,0.0
7CSY_B,I_NOISE,0.0
7CY6_A,I_NOISE,0.0
7D2L_A,I_NOISE,0.0
7D3J_A,I_NOISE,0.0
7D3V_A,I_NOISE,0.0
7D58_A,I_NOISE,0.0
7D58_E,I_NOISE,0.0
7D7D_I,I_NOISE,0.0
7D8T_A,I_NOISE,0.0
7D98_P,I_NOISE,0.0
7DCJ_B,I_NOISE,0.0
7DCU_B,I_NOISE,0.0
7DTA_A,I_NOISE,0.0
7DV2_A,I_NOISE,0.0
7DVV_B,I_NOISE,0.0
7DWR_B,I_NOISE,0.0
7E1B_A,I_NOISE,0.0
7EA5_A,I001,0.7347548983788958
7EA5_C,I_NOISE,0.0
7EA5_K,I_NOISE,0.0
7EA8_A,I001,0.5961183032754809
7EA8_C,I_NOISE,0.0
7EA8_L,I_NOISE,0.0
7EDB_A,I_NOISE,0.0
7EDS_A,I008,0.9725027945838294
7EF9_A,I008,0.880465010694206
7EGA_o,I_NOISE,0.0
7EJ6_A,I002,1.0
7EJE_A,I_NOISE,0.0
7EL1_A,I_NOISE,0.0
7EL3_A,I_NOISE,0.0
7ELN_A,I_NOISE,0.0
7ELN_B,I_NOISE,0.0
7EQG_G,I_NOISE,0.0
7EZJ_k,I_NOISE,0.0
7F0R_C,I_NOISE,0.0
7F0R_D,I_NOISE,0.0
7F4Y_B,I_NOISE,0.0
7F75_C,I_NOISE,0.0
7F75_G,I_NOISE,0.0
7FTN_A,I_NOISE,0.0
7JGS_D,I_NOISE,0.0
7JM4_A,I_NOISE,0.0
7JN3_A,I_NOISE,0.0
7JQQ_A,I_NOISE,0.0
7JU3_B,I_NOISE,0.0
7JVT_D,I_NOISE,0.0
7JY8_A,I_NOISE,0.0
7K30_A,I008,0.9962292108495882
7K31_A,I008,0.9962292108495882
7K6P_F,I_NOISE,0.0
7K6Q_A,I001,0.8540033838953173
7K6Q_D,I004,0.9694936873949782
7K6Q_K,I_NOISE,0.0
7K9Y_A,I_NOISE,0.0
7KC0_A,I008,1.0
7KHE_D,I_NOISE,0.0
7KHI_F,I_NOISE,0.0
7KIF_J,I_NOISE,0.0
7KII_A,I_NOISE,0.0
7KIN_M,I_NOISE,0.0
7KQN_A,I_NOISE,0.0
7KR4_A,I003,0.9946998569758508
7KSP_A,I_NOISE,0.0
7KTK_A,I_NOISE,0.0
7KTQ_A,I001,1.0
7KZ1_A,I_NOISE,0.0
7KZV_U,I_NOISE,0.0
7L34_A,I003,0.9946998569758508
7L35_A,I003,0.9946998569758508
7L49_A,I_NOISE,0.0
7L4C_A,I_NOISE,0.0
7L4H_A,I_NOISE,0.0
7L4K_A,I_NOISE,0.0
7L4N_A,I_NOISE,0.0
7L4X_B,I003,0.6867188920221664
7LBW_A,I_NOISE,0.0
7LCC_A,I_NOISE,0.0
7LH9_B,I_NOISE,0.0
7LHZ_C,I_NOISE,0.0
7LO5_A,I_NOISE,0.0
7LSY_Y,I_NOISE,0.0
7LT5_B,I008,0.9591878664933875
7LUF_B,I008,1.0
7LV8_A,I_NOISE,0.0
7LV8_B,I_NOISE,0.0
7LYT_A,I_NOISE,0.0
7M0D_B,I_NOISE,0.0
7M0E_A,I003,1.0
7M49_A,I003,0.6952952443818468
7M7T_A,I008,0.9994366288748155
7MCA_C,I_NOISE,0.0
7MG6_A,I_NOISE,0.0
7MI4_A,I_NOISE,0.0
7MI4_E,I_NOISE,0.0
7MK1_A,I_NOISE,0.0
7MR3_D,I002,1.0
7MTL_A,I_NOISE,0.0
7MVS_B,I008,0.864957011022075
7MWM_A,I_NOISE,0.0
7MXW_Z,I_NOISE,0.0
7MXX_Z,I_NOISE,0.0
7MZ0_A,I003,1.0
7N3Y_A,I_NOISE,0.0
7N8S_A,I_NOISE,0.0
7NE6_A,I008,0.9061831076246415
7NPF_C,I_NOISE,0.0
7NX5_A,I_NOISE,0.0
7NYX_A,I_NOISE,0.0
7O0G_A,I_NOISE,0.0
7O0H_A,I008,0.9207195089479487
7OA5_B,I_NOISE,0.0
7OAR_A,I_NOISE,0.0
7OB9_B,I_NOISE,0.0
7OB9_M,I_NOISE,0.0
7OBN_A,I_NOISE,0.0
7ODF_A,I_NOISE,0.0
7OM3_A,I009,0.9311246289915285
7ON0_AAA,I_NOISE,0.0
7OUF_B,I_NOISE,0.0
7OX9_B,I009,1.0
7OXQ_B,I_NOISE,0.0
7P0W_A,I_NOISE,0.0
7P5X_AC,I_NOISE,0.0
7P8L_A,I008,0.8594861985934801
7PBO_D,I_NOISE,0.0
7PBU_A,I_NOISE,0.0
7PDS_A,I_NOISE,0.0
7PEL_B,I_NOISE,0.0
7PLO_O,I_NOISE,0.0
7PSX_A,I006,1.0
7PZB_A,I008,0.8923061243395299
7Q0N_A,I_NOISE,0.0
7Q3O_C,I_NOISE,0.0
7Q4N_K,I_NOISE,0.0
7Q8A_B,I_NOISE,0.0
7QAZ_B,I_NOISE,0.0
7QO1_B,I_NOISE,0.0
7QQD_B,I_NOISE,0.0
7QW6_A,I008,0.9276419918397054
7R2K_L,I_NOISE,0.0
7R2K_S,I_NOISE,0.0
7R2K_Y,I_NOISE,0.0
7R3X_A,I008,1.0
7R3Y_A,I_NOISE,0.0
7R5S_L,I_NOISE,0.0
7R5S_N,I_NOISE,0.0
7R5S_W,I_NOISE,0.0
7R6T_C,I_NOISE,0.0
7R6V_D,I_NOISE,0.0
7R8H_A,I_NOISE,0.0
7R8I_A,I_NOISE,0.0
7RAY_A,I_NOISE,0.0
7RCC_A,I007,0.9602631920900008
7RCD_A,I007,0.9602631920900008
7RCE_A,I007,0.9276570142855446
7RCF_A,I007,0.9163481277796777
7RCG_A,I007,0.9602631920900008
7RH2_B,I006,1.0
7RHZ_A,I_NOISE,0.0
7RL1_1,I_NOISE,0.0
7RPO_C,I_NOISE,0.0
7RPW_A,I_NOISE,0.0
7RPX_B,I_NOISE,0.0
7RPX_E,I_NOISE,0.0
7RSU_A,I008,1.0
7RTI_C,I_NOISE,0.0
7S01_A,I_NOISE,0.0
7S01_C,I_NOISE,0.0
7S01_D,I_NOISE,0.0
7S01_c,I_NOISE,0.0
7S01_d,I_NOISE,0.0
7S36_P,I_NOISE,0.0
7S9W_A,I_NOISE,0.0
7SBA_A,I_NOISE,0.0
7SBA_H,I_NOISE,0.0
7SBA_I,I_NOISE,0.0
7SR6_A,I_NOISE,0.0
7SS5_A,I008,0.923569127662052
7SU3_A,I_NOISE,0.0
7SUM_A,I003,0.9163304509097987
7SUV_B,I_NOISE,0.0
7SVU_X,I_NOISE,0.0
7T18_A,I008,0.8628478695189791
7T21_A,I_NOISE,0.0
7T3L_A,I_NOISE,0.0
7T8K_A,I_NOISE,0.0
7TAW_J,I008,0.955278086331897
7TEA_B,I_NOISE,0.0
7TFH_B,I_NOISE,0.0
7TIB_F,I_NOISE,0.0
7TQB_H,I_NOISE,0.0
7TQB_L,I_NOISE,0.0
7TQW_A,I008,1.0
7TR7_A,I_NOISE,0.0
7TRA_A,I_NOISE,0.0
7TRA_D,I_NOISE,0.0
7TRA_Q,I_NOISE,0.0
7TXJ_A,I_NOISE,0.0
7TXJ_a,I_NOISE,0.0
7TZV_M,I_NOISE,0.0
7U02_M,I_NOISE,0.0
7U1T_A,I_NOISE,0.0
7U5C_E,I_NOISE,0.0
7U5D_B,I_NOISE,0.0
7U5D_I,I_NOISE,0.0
7UBL_A,I_NOISE,0.0
7UBN_Q,I_NOISE,0.0
7UBU_A,I008,0.9076330711293441
7UFI_1,I_NOISE,0.0
7UGW_B,I_NOISE,0.0
7UGW_C,I_NOISE,0.0
7UIN_D,I_NOISE,0.0
7UUX_A,I_NOISE,0.0
7UWH_C,I_NOISE,0.0
7UXD_A,I_NOISE,0.0
7UY6_A,I_NOISE,0.0
7V59_B,I_NOISE,0.0
7V5N_E,I_NOISE,0.0
7V5N_F,I_NOISE,0.0
7V6W_B,I_NOISE,0.0
7V90_D,I_NOISE,0.0
7V9G_D,I_NOISE,0.0
7V9I_A,I_NOISE,0.0
7V9U_A,I_NOISE,0.0
7VE5_A,I_NOISE,0.0
7VG8_A,I_NOISE,0.0
7VJQ_A,I_NOISE,0.0
7VN3_A,I_NOISE,0.0
7VOV_A,I_NOISE,0.0
7VS4_A,I_NOISE,0.0
7VS4_B,I_NOISE,0.0
7VS4_C,I_NOISE,0.0
7VW3_A,I_NOISE,0.0
7VWY_G,I_NOISE,0.0
7W1Y_5,I_NOISE,0.0
7W5X_K,I_NOISE,0.0
7WAY_A,I_NOISE,0.0
7WB3_A,I_NOISE,0.0
7WJU_A,I_NOISE,0.0
7WLR_A,I001,1.0
7WLR_B,I_NOISE,0.0
7WLR_D,I_NOISE,0.0
7WLR_G,I005,0.6992589488205989
7WM3_A,I_NOISE,0.0
7WNH_D,I_NOISE,0.0
7WNR_B,I_NOISE,0.0
7WWV_B,I_NOISE,0.0
7WWV_C,I_NOISE,0.0
7X1N_C,I_NOISE,0.0
7X5A_A,I_NOISE,0.0
7X5E_B,I_NOISE,0.0
7X5E_E,I_NOISE,0.0
7X5G_B,I_NOISE,0.0
7X7P_M,I_NOISE,0.0
7X7Q_A,I_NOISE,0.0
7XAQ_B,I_NOISE,0.0
7XCR_C,I005,0.8576420268797663
7XCR_L,I_NOISE,0.0
7XCT_D,I_NOISE,0.0
7XCT_F,I005,0.7122284666151258
7XD0_D,I_NOISE,0.0
7XG0_A,I_NOISE,0.0
7XG0_D,I_NOISE,0.0
7XG3_L,I_NOISE,0.0
7XHV_B,I_NOISE,0.0
7XI3_B,I_NOISE,0.0
7XJG_A,I_NOISE,0.0
7XJG_J,I_NOISE,0.0
7XLT_H,I_NOISE,0.0
7XLT_L,I_NOISE,0.0
7XN7_B,I_NOISE,0.0
7XP3_A,I_NOISE,0.0
7XQ5_A,I_NOISE,0.0
7XQ5_B,I_NOISE,0.0
7XUZ_H,I_NOISE,0.0
7XV6_A,I_NOISE,0.0
7XV8_A,I_NOISE,0.0
7XYF_D,I_NOISE,0.0
7XZX_K,I_NOISE,0.0
7Y01_A,I_NOISE,0.0
7Y43_A,I_NOISE,0.0
7Y7R_A,I_NOISE,0.0
7Y8R_M,I_NOISE,0.0
7YE1_A,I_NOISE,0.0
7YOJ_A,I_NOISE,0.0
7YQ3_F,I_NOISE,0.0
7YQK_C,I005,1.0
7YRD_E,I001,1.0
7YRD_G,I_NOISE,0.0
7YRD_K,I_NOISE,0.0
7YZA_A,I_NOISE,0.0
7YZO_A,I_NOISE,0.0
7Z0U_A,I_NOISE,0.0
7Z1O_A,I_NOISE,0.0
7Z1O_E,I_NOISE,0.0
7Z3X_A,I_NOISE,0.0
7Z5I_A,I_NOISE,0.0
7Z5K_A,I_NOISE,0.0
7Z5Z_A,I_NOISE,0.0
8A0X_A,I_NOISE,0.0
8A0X_D,I_NOISE,0.0
8A1C_A,I_NOISE,0.0
8A40_B,I_NOISE,0.0
8A93_A,I_NOISE,0.0
8AAN_A,I_NOISE,0.0
8AAS_B,I_NOISE,0.0
8AG6_A,I_NOISE,0.0
8AMU_F,I_NOISE,0.0
8APM_C,I_NOISE,0.0
8ASC_F,I_NOISE,0.0
8ASC_K,I_NOISE,0.0
8ATT_B,I_NOISE,0.0
8B1T_B,I_NOISE,0.0
8B4B_W,I_NOISE,0.0
8B4D_C,I_NOISE,0.0
8B6K_A,I008,1.0
8B76_B,I008,1.0
8B7E_B,I008,1.0
8BAR_A,I_NOISE,0.0
8BD5_E,I_NOISE,0.0
8BVW_3,I_NOISE,0.0
8BX1_E,I_NOISE,0.0
8BYX_B,I_NOISE,0.0
8BZM_B,I_NOISE,0.0
8BZM_E,I_NOISE,0.0
8C56_A,I008,0.8573675507863624
8C7S_A,I_NOISE,0.0
8C7U_D,I_NOISE,0.0
8C84_B,I_NOISE,0.0
8CDN_A,I008,1.0
8CEO_5,I_NOISE,0.0
8CRO_C,I_NOISE,0.0
8CSZ_D,I_NOISE,0.0
8CWW_P,I_NOISE,0.0
8D0B_A,I_NOISE,0.0
8D0B_B,I_NOISE,0.0
8D0K_B,I_NOISE,0.0
8D0K_D,I_NOISE,0.0
8D2L_A,I_NOISE,0.0
8D2M_A,I_NOISE,0.0
8D3M_A,I_NOISE,0.0
8D3M_E,I_NOISE,0.0
8D3M_I,I_NOISE,0.0
8D3P_B,I_NOISE,0.0
8D3P_E,I_NOISE,0.0
8D4A_A,I008,0.9504929123697549
8DEJ_C,I_NOISE,0.0
8DEJ_J,I_NOISE,0.0
8DF8_A,I_NOISE,0.0
8DLF_A,I_NOISE,0.0
8DQ1_C,I_NOISE,0.0
8DQW_E,I_NOISE,0.0
8DR0_C,I_NOISE,0.0
8DR0_D,I_NOISE,0.0
8DR1_C,I002,1.0
8DTP_A,I_NOISE,0.0
8DUE_B,I_NOISE,0.0
8DW0_A,I_NOISE,0.0
8DW8_A,I_NOISE,0.0
8DWE_A,I_NOISE,0.0
8DWF_A,I_NOISE,0.0
8DWJ_A,I_NOISE,0.0
8DY7_H,I_NOISE,0.0
8DY9_B,I_NOISE,0.0
8DY9_C,I_NOISE,0.0
8DY9_D,I_NOISE,0.0
8DY9_I,I_NOISE,0.0
8DZJ_A,I_NOISE,0.0
8E2P_B,I_NOISE,0.0
8E2Q_B,I_NOISE,0.0
8E5D_A,I008,0.8574724087080349
8E66_A,I_NOISE,0.0
8E67_F,I_NOISE,0.0
8E9A_A,I_NOISE,0.0
8EA4_O,I_NOISE,0.0
8EB5_A,I_NOISE,0.0
8EBT_A,I_NOISE,0.0
8EBT_B,I_NOISE,0.0
8EBT_H,I_NOISE,0.0
8EBT_K,I_NOISE,0.0
8EFV_B,I_NOISE,0.0
8EG8_J,I_NOISE,0.0
8EH8_J,I_NOISE,0.0
8EJ3_D,I_NOISE,0.0
8EMH_B,I_NOISE,0.0
8EPX_D,I_NOISE,0.0
8ER8_A,I_NOISE,0.0
8F3C_J,I_NOISE,0.0
8F69_A,I_NOISE,0.0
8F6B_F,I_NOISE,0.0
8FCJ_A,I_NOISE,0.0
8FCJ_H,I_NOISE,0.0
8FCJ_I,I_NOISE,0.0
8FCV_P,I_NOISE,0.0
8FFI_A,I_NOISE,0.0
8FIJ_B,I_NOISE,0.0
8FIK_A,I_NOISE,0.0
8FLJ_B,I_NOISE,0.0
8FLJ_F,I_NOISE,0.0
8FLJ_G,I_NOISE,0.0
8FS2_B,I008,0.9591878664933875
8FS3_C,I_NOISE,0.0
8FW7_D,I_NOISE,0.0
8FYB_C,I_NOISE,0.0
8FYC_A,I_NOISE,0.0
8FYC_C,I_NOISE,0.0
8FYC_K,I_NOISE,0.0
8FZT_E,I_NOISE,0.0
8G0H_D,I_NOISE,0.0
8G0Z_A,I_NOISE,0.0
8G1S_J,I_NOISE,0.0
8G2Q_A,I_NOISE,0.0
8G2W_J,I_NOISE,0.0
8G6S_K,I_NOISE,0.0
8G7E_J,I_NOISE,0.0
8G9U_A,I_NOISE,0.0
8G9U_G,I_NOISE,0.0
8G9U_H,I_NOISE,0.0
8G9U_N,I_NOISE,0.0
8G9U_P,I_NOISE,0.0
8GAO_G,I_NOISE,0.0
8GCC_A,I_NOISE,0.0
8GH8_A,I_NOISE,0.0
8GIS_A,I_NOISE,0.0
8GME_C,I_NOISE,0.0
8GMU_F,I002,1.0
8GRM_A,I001,1.0
8GRM_C,I005,1.0
8GRM_D,I004,1.0
8GRM_F,I005,0.7122284666151258
8GRM_P,I_NOISE,0.0
8GRQ_C,I005,1.0
8GZH_C,I_NOISE,0.0
8GZH_D,I_NOISE,0.0
8GZH_Z,I_NOISE,0.0
8H0L_A,I_NOISE,0.0
8H3V_S,I_NOISE,0.0
8H40_A,I_NOISE,0.0
8H40_B,I_NOISE,0.0
8H40_E,I_NOISE,0.0
8H9H_G,I_NOISE,0.0
8HCL_A,I006,1.0
8HCM_A,I006,1.0
8HG1_A,I_NOISE,0.0
8HHL_A,I_NOISE,0.0
8HI1_A,I_NOISE,0.0
8HKC_E,I_NOISE,0.0
8HQY_F,I005,0.7122284666151258
8HR1_A,I001,1.0
8HR1_B,I005,0.7122284666151258
8HR1_C,I005,1.0
8HR1_D,I_NOISE,0.0
8HR5_A,I_NOISE,0.0
8HVR_D,I_NOISE,0.0
8HVR_H,I_NOISE,0.0
8HYJ_E,I_NOISE,0.0
8I23_C,I_NOISE,0.0
8I23_D,I_NOISE,0.0
8I24_F,I_NOISE,0.0
8I54_A,I009,1.0
8IA3_E,I_NOISE,0.0
8IAZ_A,I_NOISE,0.0
8IEJ_D,I_NOISE,0.0
8IHM_N,I_NOISE,0.0
8IJO_A,I_NOISE,0.0
8IJP_A,I_NOISE,0.0
8IK4_A,I_NOISE,0.0
8IK5_C,I_NOISE,0.0
8IKD_A,I_NOISE,0.0
8IKE_C,I_NOISE,0.0
8ILE_B,I_NOISE,0.0
8ILF_B,I_NOISE,0.0
8ILG_A,I_NOISE,0.0
8ILI_A,I_NOISE,0.0
8ILW_C,I_NOISE,0.0
8IN8_C,I_NOISE,0.0
8IP0_B,I_NOISE,0.0
8IPP_B,I_NOISE,0.0
8IQI_C,I_NOISE,0.0
8ISZ_B,I_NOISE,0.0
8ITY_O,I_NOISE,0.0
8J0R_A,I_NOISE,0.0
8J12_A,I_NOISE,0.0
8J1J_A,I_NOISE,0.0
8J3R_A,I_NOISE,0.0
8J54_C,I_NOISE,0.0
8J7S_B,I_NOISE,0.0
8J8G_A,I_NOISE,0.0
8J8G_B,I_NOISE,0.0
8J9G_B,I_NOISE,0.0
8JCH_B,I_NOISE,0.0
8JFR_C,I_NOISE,0.0
8JFU_B,I_NOISE,0.0
8JG9_A,I_NOISE,0.0
8JHF_C,I_NOISE,0.0
8JHG_F,I_NOISE,0.0
8JHG_G,I_NOISE,0.0
8JKK_D,I008,0.9550088915284518
8JKL_C,I006,1.0
8JKN_C,I006,1.0
8JL0_A,I_NOISE,0.0
8JMJ_A,I_NOISE,0.0
8JO2_H,I008,0.964090053109145
8JPX_A,I_NOISE,0.0
8JQ0_D,I_NOISE,0.0
8JTJ_A,I_NOISE,0.0
8K21_A,I_NOISE,0.0
8K22_A,I_NOISE,0.0
8K22_B,I_NOISE,0.0
8K22_C,I_NOISE,0.0
8K22_D,I_NOISE,0.0
8K22_G,I_NOISE,0.0
8K23_B,I_NOISE,0.0
8K24_B,I_NOISE,0.0
8K24_D,I_NOISE,0.0
8K25_A,I_NOISE,0.0
8K25_e,I_NOISE,0.0
8K3D_A,I_NOISE,0.0
8K4L_A,I_NOISE,0.0
8K58_C,I_NOISE,0.0
8K58_D,I_NOISE,0.0
8K59_F,I_NOISE,0.0
8K60_D,I_NOISE,0.0
8K8C_A,I_NOISE,0.0
8K8U_A,I_NOISE,0.0
8KA5_A,I_NOISE,0.0
8KFR_A,I_NOISE,0.0
8KFV_A,I_NOISE,0.0
8KGQ_A,I_NOISE,0.0
8OF4_C,I005,0.8255978822689802
8OK9_A,I008,0.8861804149673752
8OKI_A,I_NOISE,0.0
8OKI_B,I_NOISE,0.0
8OL1_A,I001,0.7493956768037314
8OL1_C,I005,1.0
8OL1_D,I_NOISE,0.0
8OL1_G,I005,0.8243398205995687
8OL1_K,I_NOISE,0.0
8OO7_A,I_NOISE,0.0
8OOY_A,I_NOISE,0.0
8OSB_A,I_NOISE,0.0
8OSB_B,I_NOISE,0.0
8OSB_E,I_NOISE,0.0
8OTS_N,I_NOISE,0.0
8OTT_C,I005,1.0
8OTT_D,I004,1.0
8OTT_E,I001,0.8447192053286923
8OTT_M,I_NOISE,0.0
8OTT_N,I_NOISE,0.0
8OVW_L,I_NOISE,0.0
8OW1_II,I_NOISE,0.0
8OW4_B,I_NOISE,0.0
8OY8_A,I_NOISE,0.0
8OZE_F,I_NOISE,0.0
8P0J_B,I_NOISE,0.0
8P0J_H,I_NOISE,0.0
8P0J_I,I_NOISE,0.0
8P5Q_A,I_NOISE,0.0
8PDY_J,I_NOISE,0.0
8PID_P,I_NOISE,0.0
8PIL_I,I_NOISE,0.0
8PKI_K,I_NOISE,0.0
8PM4_A,I_NOISE,0.0
8PMC_A,I006,1.0
8PMF_A,I006,1.0
8PMN_A,I006,1.0
8PNA_A,I006,1.0
8PPT_B,I_NOISE,0.0
8PS5_A,I_NOISE,0.0
8PVV_A,I_NOISE,0.0
8PW0_A,I_NOISE,0.0
8Q3E_DDD,I004,1.0
8Q3W_A,I_NOISE,0.0
8Q40_A,I_NOISE,0.0
8Q42_A,I_NOISE,0.0
8Q44_B,I_NOISE,0.0
8Q4D_C,I_NOISE,0.0
8Q4D_E,I_NOISE,0.0
8Q9N_B,I_NOISE,0.0
8QA9_C,I_NOISE,0.0
8QBL_E,I_NOISE,0.0
8QDX_C,I_NOISE,0.0
8QKT_DDD,I004,1.0
8QKT_GGG,I_NOISE,0.0
8QKU_Z,I_NOISE,0.0
8QLP_E,I_NOISE,0.0
8QMB_A,I003,0.6931275725498007
8QQI_A,I_NOISE,0.0
8QSZ_B,I_NOISE,0.0
8QSZ_E,I002,1.0
8QU6_H,I_NOISE,0.0
8QUE_B,I_NOISE,0.0
8QUE_D,I_NOISE,0.0
8QUE_E,I_NOISE,0.0
8QWF_A,I_NOISE,0.0
8QYV_C,I_NOISE,0.0
8QYV_V,I_NOISE,0.0
8R2M_D,I_NOISE,0.0
8R2M_J,I_NOISE,0.0
8R7C_A,I_NOISE,0.0
8R7C_F,I008,0.883994478925029
8R7E_B,I008,0.8932744532025774
8R7F_A,I006,1.0
8R7F_E,I006,1.0
8R7Y_A,I_NOISE,0.0
8R7Z_A,I006,1.0
8RAW_B,I008,0.8694514145955967
8RAZ_A,I_NOISE,0.0
8RB1_A,I_NOISE,0.0
8RB1_B,I_NOISE,0.0
8RC3_B,I_NOISE,0.0
8RC3_F,I_NOISE,0.0
8RC3_G,I008,0.9404338310971649
8RDJ_C,I_NOISE,0.0
8RDU_C,I_NOISE,0.0
8RDU_D,I_NOISE,0.0
8RE4_C,I_NOISE,0.0
8RE4_D,I_NOISE,0.0
8RE4_M,I_NOISE,0.0
8REB_M,I_NOISE,0.0
8REC_M,I_NOISE,0.0
8RED_M,I_NOISE,0.0
8REE_M,I_NOISE,0.0
8RFJ_M,I_NOISE,0.0
8RM6_A,I_NOISE,0.0
8RPX_D,I008,0.9279644030540908
8RWV_C,I_NOISE,0.0
8RWV_D,I_NOISE,0.0
8RWV_E,I_NOISE,0.0
8RXD_B,I_NOISE,0.0
8RZV_A,I_NOISE,0.0
8S35_F,I_NOISE,0.0
8S35_G,I_NOISE,0.0
8S35_M,I_NOISE,0.0
8S37_B,I_NOISE,0.0
8S4T_A,I_NOISE,0.0
8S5A_A,I_NOISE,0.0
8S70_D,I_NOISE,0.0
8S7G_C,I_NOISE,0.0
8S82_K,I_NOISE,0.0
8S82_L,I_NOISE,0.0
8S8P_K,I_NOISE,0.0
8S8P_L,I_NOISE,0.0
8S8P_R,I_NOISE,0.0
8S8Q_B,I008,0.8860342197303375
8SCG_A,I008,1.0
8SCO_A,I008,1.0
8SFH_A,I_NOISE,0.0
8SFN_A,I_NOISE,0.0
8SH0_A,I_NOISE,0.0
8SMX_G,I_NOISE,0.0
8SMY_L,I_NOISE,0.0
8SN4_M,I_NOISE,0.0
8SOK_D,I_NOISE,0.0
8SP0_A,I_NOISE,0.0
8SP1_F,I006,1.0
8SRS_A,I_NOISE,0.0
8SSQ_A,I_NOISE,0.0
8SSS_D,I_NOISE,0.0
8SST_D,I_NOISE,0.0
8SUK_D,I_NOISE,0.0
8SVD_E,I_NOISE,0.0
8SZW_J,I_NOISE,0.0
8T00_J,I_NOISE,0.0
8T0L_I,I_NOISE,0.0
8T0L_J,I_NOISE,0.0
8T3X_A,I008,1.0
8T9X_A,I_NOISE,0.0
8TAC_A,I_NOISE,0.0
8TCI_A,I008,0.8838088694175275
8TFD_A,I_NOISE,0.0
8TJE_A,I_NOISE,0.0
8TKM_A,I_NOISE,0.0
8TP8_D,I_NOISE,0.0
8TQS_H,I_NOISE,0.0
8TVC_A,I_NOISE,0.0
8TVY_B,I_NOISE,0.0
8TWB_1,I_NOISE,0.0
8TWB_2,I_NOISE,0.0
8TWB_3,I002,1.0
8TZZ_A,I_NOISE,0.0
8U0O_A,I_NOISE,0.0
8U0P_A,I003,1.0
8U0U_A,I_NOISE,0.0
8U13_G,I005,0.7822872030045197
8U3K_A,I002,0.9315639312637846
8U3Y_A,I_NOISE,0.0
8U8L_B,I_NOISE,0.0
8U9L_A,I_NOISE,0.0
8UBI_A,I001,1.0
8UBI_C,I005,1.0
8UBI_D,I004,1.0
8UH7_C,I_NOISE,0.0
8UK9_C,I_NOISE,0.0
8UK9_F,I_NOISE,0.0
8UMF_A,I_NOISE,0.0
8UMV_B,I_NOISE,0.0
8UMV_C,I002,1.0
8UMV_D,I_NOISE,0.0
8UMV_E,I_NOISE,0.0
8UNF_A,I_NOISE,0.0
8UNF_B,I_NOISE,0.0
8UPF_G,I_NOISE,0.0
8URW_C,I_NOISE,0.0
8URW_D,I_NOISE,0.0
8URW_Z,I_NOISE,0.0
8URY_AB,I_NOISE,0.0
8UUC_A,I008,0.9873460224785663
8UVK_B,I_NOISE,0.0
8UVX_A,I008,0.9318207081861609
8UW3_A,I_NOISE,0.0
8UX1_L,I_NOISE,0.0
8V1Q_A,I008,0.8658168772035675
8V1U_A,I_NOISE,0.0
8V1V_A,I003,0.9946998569758508
8V32_J,I_NOISE,0.0
8V6H_A,I_NOISE,0.0
8V6I_D,I_NOISE,0.0
8VAL_E,I_NOISE,0.0
8VAQ_C,I_NOISE,0.0
8VAQ_F,I_NOISE,0.0
8VCJ_B,I_NOISE,0.0
8VCJ_X,I_NOISE,0.0
8VG2_G,I_NOISE,0.0
8VLR_B,I005,0.7122284666151258
8VLR_D,I_NOISE,0.0
8VMJ_K,I005,1.0
8VMJ_S,I_NOISE,0.0
8VMS_A,I_NOISE,0.0
8VO0_M,I_NOISE,0.0
8VO0_S,I_NOISE,0.0
8VXY_B,I_NOISE,0.0
8VZL_A,I008,0.8694514145955967
8W1P_A,I_NOISE,0.0
8W2Q_A,I_NOISE,0.0
8W2Q_C,I_NOISE,0.0
8W34_A,I_NOISE,0.0
8WA0_C,I_NOISE,0.0
8WA1_B,I_NOISE,0.0
8WAK_p,I_NOISE,0.0
8WD8_A,I_NOISE,0.0
8WFD_E,I_NOISE,0.0
8WG5_C,I_NOISE,0.0
8WOH_B,I_NOISE,0.0
8WPE_A,I008,0.9541591849217583
8WPK_B,I_NOISE,0.0
8WR4_B,I_NOISE,0.0
8WRU_A,I_NOISE,0.0
8WS5_A,I_NOISE,0.0
8WT9_A,I_NOISE,0.0
8WUS_E,I_NOISE,0.0
8WUV_A,I_NOISE,0.0
8WW7_E,I002,1.0
8X15_S,I_NOISE,0.0
8X15_T,I_NOISE,0.0
8X5V_A,I009,0.9420605770458227
8X6G_C,I_NOISE,0.0
8X6G_D,I_NOISE,0.0
8X6G_H,I_NOISE,0.0
8X7I_A,I001,1.0
8X7I_C,I005,1.0
8X7J_C,I005,1.0
8X7K_C,I005,0.8666118108701514
8X7K_F,I_NOISE,0.0
8X7K_G,I005,0.7043910812465217
8XAK_A,I002,1.0
8XAW_B,I_NOISE,0.0
8XHV_A,I_NOISE,0.0
8XIH_B,I_NOISE,0.0
8XJ8_A,I_NOISE,0.0
8XJV_Ab,I_NOISE,0.0
8XJV_Aq,I_NOISE,0.0
8XJV_L,I_NOISE,0.0
8XJV_w,I_NOISE,0.0
8XK9_D,I002,0.9914471057595476
8XMC_B,I_NOISE,0.0
8XMC_E,I_NOISE,0.0
8XPM_W1,I_NOISE,0.0
8XRF_B,I_NOISE,0.0
8XWC_A,I008,0.957583820332823
8XX4_A,I_NOISE,0.0
8XX4_B,I_NOISE,0.0
8XX4_D,I_NOISE,0.0
8Y0A_A,I_NOISE,0.0
8Y0B_A,I_NOISE,0.0
8Y3Z_A,I_NOISE,0.0
8Y80_E,I_NOISE,0.0
8Y9M_A,I_NOISE,0.0
8YEY_A,I_NOISE,0.0
8YJZ_D,I_NOISE,0.0
8YJZ_H,I_NOISE,0.0
8YLG_A,I_NOISE,0.0
8YLI_B,I_NOISE,0.0
8YMZ_E,I_NOISE,0.0
8YON_C,I_NOISE,0.0
8YQZ_B,I_NOISE,0.0
8YV8_K,I_NOISE,0.0
8YWH_A,I_NOISE,0.0
8YXW_A,I_NOISE,0.0
8YZT_C,I_NOISE,0.0
8Z0K_A,I_NOISE,0.0
8Z0K_E,I_NOISE,0.0
8Z2N_CA00,I_NOISE,0.0
8Z79_A,I_NOISE,0.0
8Z92_B,I_NOISE,0.0
8Z96_B,I_NOISE,0.0
8ZBF_A,I_NOISE,0.0
8ZDA_A,I_NOISE,0.0
8ZIT_M,I_NOISE,0.0
8ZNJ_A,I_NOISE,0.0
8ZNJ_B,I_NOISE,0.0
8ZP9_H,I_NOISE,0.0
8ZQC_A,I_NOISE,0.0
8ZQH_A,I_NOISE,0.0
9ANT_A,I_NOISE,0.0
9AR6_A,I009,0.9420605770458227
9B2S_E,I_NOISE,0.0
9B2T_K,I_NOISE,0.0
9B7Y_A,I_NOISE,0.0
9B8R_E,I008,1.0
9B8T_B,I_NOISE,0.0
9BC5_F,I_NOISE,0.0
9BCU_A,I_NOISE,0.0
9BCU_G,I_NOISE,0.0
9BDD_A,I_NOISE,0.0
9BDW_A,I_NOISE,0.0
9BE6_A,I001,0.6208056123425136
9BE6_C,I005,0.8304310705827254
9BE6_D,I004,1.0
9BE6_F,I_NOISE,0.0
9BF5_C,I_NOISE,0.0
9BGJ_A,I008,1.0
9BGK_E,I_NOISE,0.0
9BS2_A,I_NOISE,0.0
9BS3_A,I_NOISE,0.0
9BS4_A,I008,0.9000295309784635
9BVD_C,I_NOISE,0.0
9BYR_B,I_NOISE,0.0
9BZ0_E,I_NOISE,0.0
9BZ0_f,I_NOISE,0.0
9C0I_A,I_NOISE,0.0
9C3U_B,I_NOISE,0.0
9C4D_C,I_NOISE,0.0
9C5G_B,I_NOISE,0.0
9C5Q_A,I_NOISE,0.0
9C9W_A,I_NOISE,0.0
9C9Y_A,I_NOISE,0.0
9CB5_D,I_NOISE,0.0
9CB5_H,I_NOISE,0.0
9CG4_E,I_NOISE,0.0
9CHN_A,I_NOISE,0.0
9CJI_A,I008,1.0
9CK2_F,I006,1.0
9CL7_E,I_NOISE,0.0
9CMA_A,I_NOISE,0.0
9CP2_A,I_NOISE,0.0
9CVT_B,I_NOISE,0.0
9D3K_A,I001,0.9000327916411567
9D3K_B,I005,0.7122284666151258
9D3K_C,I_NOISE,0.0
9D3K_D,I_NOISE,0.0
9D3K_H,I_NOISE,0.0
9D3L_C,I005,0.9819997581312992
9D3L_E,I001,1.0
9D3M_D,I_NOISE,0.0
9D3N_A,I_NOISE,0.0
9D3N_C,I_NOISE,0.0
9D3N_D,I_NOISE,0.0
9D3N_G,I_NOISE,0.0
9D3O_C,I005,0.9536859270135151
9D3O_D,I_NOISE,0.0
9D3P_A,I001,1.0
9D3P_C,I005,0.9254931443320774
9D3P_D,I004,0.9283463830059416
9D3Q_B,I005,0.7122284666151258
9D3Q_C,I005,1.0
9D3Q_D,I004,1.0
9D3Q_E,I001,0.8934495970741171
9D3R_A,I001,0.8875421427710032
9D3R_C,I_NOISE,0.0
9D3R_D,I004,1.0
9D3S_C,I005,0.9347619149487953
9D3S_D,I004,1.0
9D3T_B,I005,0.7122284666151258
9D3T_C,I_NOISE,0.0
9D3T_E,I_NOISE,0.0
9D3T_H,I_NOISE,0.0
9D4S_A,I_NOISE,0.0
9D5L_A,I_NOISE,0.0
9D6N_B,I008,0.8837732177338413
9DBH_A,I_NOISE,0.0
9DIH_B,I_NOISE,0.0
9DLS_C,I_NOISE,0.0
9DM9_A,I009,1.0
9DP2_A,I003,0.6405257818632853
9DP3_A,I003,0.6405257818632853
9DP4_A,I003,0.6405257818632853
9DQN_B,I_NOISE,0.0
9E2W_Y,I_NOISE,0.0
9E5Y_A,I_NOISE,0.0
9E6N_A,I_NOISE,0.0
9E88_C,I_NOISE,0.0
9E88_D,I_NOISE,0.0
9E8Z_C,I_NOISE,0.0
9E8Z_H,I_NOISE,0.0
9EA3_A,I_NOISE,0.0
9EAR_B,I005,0.7122284666151258
9ECO_A,I_NOISE,0.0
9ECP_A,I001,1.0
9ECP_B,I_NOISE,0.0
9ECP_C,I005,0.8710005739580795
9ECP_D,I004,1.0
9EFF_B,I_NOISE,0.0
9EFW_A,I_NOISE,0.0
9EH1_B,I_NOISE,0.0
9EH1_E,I_NOISE,0.0
9EH1_U,I_NOISE,0.0
9EL5_A,I_NOISE,0.0
9EMI_A,I_NOISE,0.0
9EOA_A,I_NOISE,0.0
9EOA_G,I_NOISE,0.0
9EWB_A,I003,0.9105001050943129
9EWC_C,I_NOISE,0.0
9EWD_A,I003,0.9524256216007405
9EWG_A,I003,0.7709154670862769
9EWZ_C,I_NOISE,0.0
9EZ5_A,I_NOISE,0.0
9EZ7_A,I_NOISE,0.0
9EZD_A,I_NOISE,0.0
9EZY_A,I002,0.9320762057136329
9EZY_B,I_NOISE,0.0
9EZZ_A,I_NOISE,0.0
9F0O_B,I005,0.7122284666151258
9F0O_C,I005,0.8710005739580795
9F0O_D,I_NOISE,0.0
9F0O_E,I001,0.8285151429476845
9F10_F,I_NOISE,0.0
9F38_A,I_NOISE,0.0
9F3T_A,I_NOISE,0.0
9F6L_A,I_NOISE,0.0
9F7D_A,I008,0.9012311041524939
9F7G_A,I_NOISE,0.0
9F7L_O,I003,0.8790254890937499
9FNE_X,I_NOISE,0.0
9FNE_Y,I_NOISE,0.0
9FOY_A,I_NOISE,0.0
9FSO_Z,I_NOISE,0.0
9FWY_A,I_NOISE,0.0
9FYX_B,I_NOISE,0.0
9G19_A,I_NOISE,0.0
9G44_A,I_NOISE,0.0
9G44_F,I_NOISE,0.0
9GA4_B,I_NOISE,0.0
9GBV_A,I_NOISE,0.0
9GBV_B,I_NOISE,0.0
9GC3_C,I_NOISE,0.0
9GDA_F,I_NOISE,0.0
9GDR_C,I_NOISE,0.0
9GDS_H,I008,0.9724945147338905
9GE5_B,I_NOISE,0.0
9GE5_G,I_NOISE,0.0
9GE5_I,I_NOISE,0.0
9GE5_Q,I001,0.6314895579338751
9GE5_T,I_NOISE,0.0
9GEF_A,I003,0.6931275725498007
9GER_L,I_NOISE,0.0
9GEV_B,I_NOISE,0.0
9GFM_M,I001,0.9879604765069638
9GFM_P,I004,0.9467182377323603
9GFM_Q,I001,1.0
9GFM_S,I005,0.8248025427551345
9GFM_T,I004,1.0
9GM2_C,I_NOISE,0.0
9GM9_C,I_NOISE,0.0
9GMA_B,I_NOISE,0.0
9GPJ_A,I_NOISE,0.0
9GS9_A,I_NOISE,0.0
9GS9_C,I_NOISE,0.0
9GUJ_F,I_NOISE,0.0
9GUR_4,I_NOISE,0.0
9GXH_A,I_NOISE,0.0
9GY0_G,I_NOISE,0.0
9H1H_C,I_NOISE,0.0
9H1V_A,I_NOISE,0.0
9H1V_B,I_NOISE,0.0
9H2H_B,I_NOISE,0.0
9H72_L,I_NOISE,0.0
9HGI_A,I_NOISE,0.0
9HGJ_A,I_NOISE,0.0
9HJO_B,I_NOISE,0.0
9HJU_B,I_NOISE,0.0
9HP9_A,I_NOISE,0.0
9HP9_O,I_NOISE,0.0
9HQX_B,I_NOISE,0.0
9HQX_d,I_NOISE,0.0
9HR5_C,I_NOISE,0.0
9HU3_A,I_NOISE,0.0
9HXG_A,I_NOISE,0.0
9HXI_A,I_NOISE,0.0
9I04_A,I_NOISE,0.0
9I04_B,I_NOISE,0.0
9I16_A,I_NOISE,0.0
9I16_D,I_NOISE,0.0
9I22_A,I_NOISE,0.0
9I2F_A,I_NOISE,0.0
9I5I_B,I_NOISE,0.0
9IAD_A,I_NOISE,0.0
9IBQ_A,I_NOISE,0.0
9IGX_B,I005,0.7122284666151258
9IGX_C,I005,0.9332387726501551
9IGX_K,I_NOISE,0.0
9IGX_L,I_NOISE,0.0
9II8_A,I_NOISE,0.0
9ILL_A,I_NOISE,0.0
9ILZ_A,I_NOISE,0.0
9ISN_C,I_NOISE,0.0
9IU2_A,I_NOISE,0.0
9IX4_A,I_NOISE,0.0
9IXM_B,I_NOISE,0.0
9IZQ_A,I_NOISE,0.0
9J89_D,I_NOISE,0.0
9J8G_A,I_NOISE,0.0
9J8M_K,I_NOISE,0.0
9JFP_A,I_NOISE,0.0
9JH7_A,I_NOISE,0.0
9JHL_A,I_NOISE,0.0
9JNK_C,I_NOISE,0.0
9JO8_A,I_NOISE,0.0
9JO8_D,I008,1.0
9JPJ_K,I_NOISE,0.0
9JSZ_A,I_NOISE,0.0
9JT2_B,I_NOISE,0.0
9JXS_D,I_NOISE,0.0
9JXS_E,I_NOISE,0.0
9JZT_A,I006,1.0
9K11_E,I_NOISE,0.0
9K32_A,I_NOISE,0.0
9K39_B,I_NOISE,0.0
9K3N_B,I_NOISE,0.0
9K3U_P,I_NOISE,0.0
9K6I_A,I_NOISE,0.0
9K9S_A,I_NOISE,0.0
9K9S_B,I_NOISE,0.0
9K9T_C,I_NOISE,0.0
9KCQ_A,I_NOISE,0.0
9KDQ_A,I_NOISE,0.0
9KGT_A,I_NOISE,0.0
9KH2_A,I_NOISE,0.0
9KHZ_A,I_NOISE,0.0
9KJ6_A,I_NOISE,0.0
9KK2_A,I_NOISE,0.0
9KL8_A,I_NOISE,0.0
9KLO_A,I_NOISE,0.0
9KQH_A,I_NOISE,0.0
9KY4_D,I008,0.906536802918074
9L06_B,I_NOISE,0.0
9L0X_C,I_NOISE,0.0
9L0X_J,I_NOISE,0.0
9L12_E,I_NOISE,0.0
9L1X_C,I005,0.946208898940477
9L55_B,I_NOISE,0.0
9L87_B,I_NOISE,0.0
9L8C_B,I_NOISE,0.0
9L8D_A,I_NOISE,0.0
9L8E_A,I_NOISE,0.0
9L8U_A,I008,0.9653387865199536
9L9S_B,I_NOISE,0.0
9LC2_B,I_NOISE,0.0
9LCW_B,I_NOISE,0.0
9LCX_A,I_NOISE,0.0
9LCZ_A,I_NOISE,0.0
9LD1_A,I_NOISE,0.0
9LDA_A,I_NOISE,0.0
9LDF_A,I_NOISE,0.0
9LEB_A,I008,0.9173911393114131
9LIQ_A,I_NOISE,0.0
9LJ2_A,I001,1.0
9LJ2_C,I005,1.0
9LJE_A,I_NOISE,0.0
9LK0_A,I_NOISE,0.0
9LLQ_B,I_NOISE,0.0
9LM3_A,I_NOISE,0.0
9LNJ_A,I_NOISE,0.0
9LNP_E,I008,1.0
9LNQ_E,I008,1.0
9LP9_A,I_NOISE,0.0
9LTM_A,I_NOISE,0.0
9LYV_A,I006,1.0
9M0K_A,I_NOISE,0.0
9M74_A,I_NOISE,0.0
9M7T_A,I_NOISE,0.0
9M7Y_F,I_NOISE,0.0
9M98_C,I_NOISE,0.0
9M98_D,I_NOISE,0.0
9M98_M,I_NOISE,0.0
9M9D_D,I_NOISE,0.0
9M9D_M,I_NOISE,0.0
9MJ5_C,I_NOISE,0.0
9MJ5_S,I_NOISE,0.0
9MK3_E,I009,0.9420605770458227
9MKX_A,I_NOISE,0.0
9MRD_A,I_NOISE,0.0
9MSF_A,I_NOISE,0.0
9MSG_M,I_NOISE,0.0
9MSJ_J,I_NOISE,0.0
9MU2_P,I_NOISE,0.0
9MU4_a,I001,1.0
9MU4_c,I005,0.8354621103134764
9MU4_d,I004,1.0
9MU5_a,I_NOISE,0.0
9MU5_b,I_NOISE,0.0
9MU5_g,I_NOISE,0.0
9MU8_A,I_NOISE,0.0
9MU8_B,I_NOISE,0.0
9MU8_E,I_NOISE,0.0
9MVY_D,I008,0.9281177766316154
9MYE_A,I_NOISE,0.0
9N07_A,I_NOISE,0.0
9N07_J,I_NOISE,0.0
9N3Y_A,I_NOISE,0.0
9N3Z_B,I_NOISE,0.0
9N3Z_D,I_NOISE,0.0
9N3Z_H,I_NOISE,0.0
9N6B_A,I_NOISE,0.0
9N6C_E,I_NOISE,0.0
9N6H_A,I001,1.0
9N6H_B,I005,0.7122284666151258
9N6H_D,I004,1.0
9N6H_K,I_NOISE,0.0
9N6I_A,I001,1.0
9N83_F,I_NOISE,0.0
9N9Q_A,I_NOISE,0.0
9N9Q_C,I_NOISE,0.0
9N9Q_F,I_NOISE,0.0
9N9Q_G,I_NOISE,0.0
9NE6_A,I_NOISE,0.0
9NE9_A,I_NOISE,0.0
9NFX_C,I_NOISE,0.0
9NKD_A,I008,1.0
9NKE_A,I008,0.9231397780136572
9NL2_A,I_NOISE,0.0
9NL3_A,I_NOISE,0.0
9NN2_A,I_NOISE,0.0
9NNB_C,I_NOISE,0.0
9NNH_A,I_NOISE,0.0
9NNH_C,I_NOISE,0.0
9NUX_A,I_NOISE,0.0
9NVU_P,I_NOISE,0.0
9NY8_A,I_NOISE,0.0
9NYS_A,I003,0.9946998569758508
9NZ9_A,I_NOISE,0.0
9NZC_A,I008,0.9381011126238366
9NZD_A,I_NOISE,0.0
9NZT_A,I_NOISE,0.0
9O01_A,I_NOISE,0.0
9O02_A,I_NOISE,0.0
9O0G_B,I_NOISE,0.0
9O0G_C,I_NOISE,0.0
9O8P_A,I_NOISE,0.0
9OAC_Ac,I_NOISE,0.0
9OAC_Bc,I_NOISE,0.0
9OAC_Ca,I_NOISE,0.0
9OAD_Da,I_NOISE,0.0
9OAE_Da,I_NOISE,0.0
9OAT_A,I008,1.0
9OAU_A,I008,1.0
9OAV_A,I008,1.0
9OAW_A,I008,1.0
9OAX_A,I_NOISE,0.0
9OAY_A,I008,0.9001115189111947
9OKD_N,I_NOISE,0.0
9OM4_B,I_NOISE,0.0
9OW7_B,I_NOISE,0.0
9OYJ_A,I_NOISE,0.0
9OYJ_E,I002,1.0
9OYL_C,I_NOISE,0.0
9P1D_A,I_NOISE,0.0
9P1D_E,I_NOISE,0.0
9P4J_E,I_NOISE,0.0
9P8T_A,I_NOISE,0.0
9P8U_A,I_NOISE,0.0
9PCP_B,I_NOISE,0.0
9PFQ_D,I_NOISE,0.0
9PFQ_Q,I_NOISE,0.0
9PFV_C,I_NOISE,0.0
9PI4_A,I_NOISE,0.0
9PI5_A,I_NOISE,0.0
9PW1_A,I_NOISE,0.0
9PZ7_A,I007,1.0
9PZH_A,I007,1.0
9Q0H_A,I_NOISE,0.0
9Q28_D,I002,1.0
9Q7V_A,I007,1.0
9Q7W_A,I_NOISE,0.0
9Q7Z_A,I_NOISE,0.0
9Q80_K,I_NOISE,0.0
9Q90_2,I_NOISE,0.0
9Q93_2,I_NOISE,0.0
9QCC_Q,I_NOISE,0.0
9QCC_V,I_NOISE,0.0
9QHS_A,I_NOISE,0.0
9QKY_A,I_NOISE,0.0
9QLH_A,I_NOISE,0.0
9QN8_G,I_NOISE,0.0
9QUJ_A,I_NOISE,0.0
9QV5_A,I_NOISE,0.0
9QV6_A,I_NOISE,0.0
9QXR_E,I_NOISE,0.0
9QXU_E,I_NOISE,0.0
9R35_B,I_NOISE,0.0
9R96_B,I_NOISE,0.0
9RAH_A,I_NOISE,0.0
9RD5_H,I_NOISE,0.0
9RJS_A,I_NOISE,0.0
9RJS_C,I_NOISE,0.0
9RL6_A,I_NOISE,0.0
9RQS_A,I008,0.8605554312542151
9RTD_B,I_NOISE,0.0
9RTJ_B,I_NOISE,0.0
9RZE_Y,I_NOISE,0.0
9S19_B,I_NOISE,0.0
9S28_A,I_NOISE,0.0
9SIT_A,I008,0.864029143683222
9SW0_B,I_NOISE,0.0
9SW0_D,I_NOISE,0.0
9T4V_K,I_NOISE,0.0
9T56_A,I_NOISE,0.0
9T6T_A,I_NOISE,0.0
9TAW_X,I_NOISE,0.0
9TAX_N,I_NOISE,0.0
9TEQ_A,I_NOISE,0.0
9TGN_A,I_NOISE,0.0
9TGN_B,I_NOISE,0.0
9TGW_A,I_NOISE,0.0
9TGW_B,I_NOISE,0.0
9TOY_B,I006,1.0
9TQ4_A,I_NOISE,0.0
9U18_F,I006,1.0
9U19_F,I006,1.0
9UA2_A,I_NOISE,0.0
9UER_A,I_NOISE,0.0
9UMC_A,I_NOISE,0.0
9UMF_B,I_NOISE,0.0
9UP1_B,I_NOISE,0.0
9URH_A,I_NOISE,0.0
9UX7_A,I_NOISE,0.0
9UX7_C,I_NOISE,0.0
9UXH_D,I_NOISE,0.0
9UXH_F,I_NOISE,0.0
9V2V_G,I_NOISE,0.0
9V2V_O,I005,1.0
9V2V_P,I004,0.9584542739989262
9V2V_R,I005,0.7122284666151258
9V36_A,I_NOISE,0.0
9V7S_A,I_NOISE,0.0
9V8A_A,I_NOISE,0.0
9VBH_A,I_NOISE,0.0
9VBK_A,I_NOISE,0.0
9VJ9_B,I_NOISE,0.0
9VJA_S,I_NOISE,0.0
9VMA_A,I_NOISE,0.0
9VNQ_A,I_NOISE,0.0
9VRT_N,I_NOISE,0.0
9VTP_D,I_NOISE,0.0
9VTQ_G,I_NOISE,0.0
9VTR_I,I_NOISE,0.0
9VX7_B,I_NOISE,0.0
9W6T_C,I_NOISE,0.0
9W6T_D,I_NOISE,0.0
9W6T_R,I_NOISE,0.0
9W7V_A,I_NOISE,0.0
9W7W_A,I_NOISE,0.0
9WA7_A,I_NOISE,0.0
9WHK_B,I_NOISE,0.0
9WMF_A,I_NOISE,0.0
9WS0_A,I_NOISE,0.0
9WS0_B,I_NOISE,0.0
9WSM_C,I_NOISE,0.0
9WSM_D,I_NOISE,0.0
9WSM_F,I_NOISE,0.0
9X1M_A,I_NOISE,0.0
9X25_B,I_NOISE,0.0
9X25_C,I_NOISE,0.0
9X25_E,I_NOISE,0.0
9X94_B,I_NOISE,0.0
9XGK_E,I_NOISE,0.0
9XVF_A,I_NOISE,0.0
9XVO_B,I_NOISE,0.0
9XY1_A,I007,1.0
9XY2_A,I007,1.0
9XY5_A,I007,1.0
9XY6_A,I007,1.0
9XY8_A,I007,1.0
9XY9_A,I007,1.0
9XYA_A,I007,1.0
9Y1E_A,I003,1.0
9Y3D_O,I_NOISE,0.0
9Y66_C,I_NOISE,0.0
9YD1_A,I008,1.0
9YD2_A,I008,0.9793061669786025
9YHW_A,I003,0.9946998569758508
9YHY_A,I003,0.8188314823174215
9YK1_A,I_NOISE,0.0
9YSI_A,I008,0.9936584936151207
9YYH_A,I_NOISE,0.0
9YZL_D,I_NOISE,0.0
9Z6Z_A,I_NOISE,0.0
9ZBT_A,I_NOISE,0.0
9ZBT_H,I_NOISE,0.0
9ZBU_H,I_NOISE,0.0
9ZBU_T,I_NOISE,0.0
9ZEN_C,I005,0.9453013616505793
9ZEN_D,I004,1.0
9ZGF_C,I_NOISE,0.0
9ZP3_J,I_NOISE,0.0
9ZQA_P,I_NOISE,0.0
9ZUM_C,I008,0.8578733178708535
9ZZR_C,I_NOISE,0.0
9ZZR_D,I002,1.0
9ZZR_F,I002,1.0
9ZZR_K,I_NOISE,0.0
9ZZR_R,I002,1.0
