feature,jensen_shannon,kind,ks_p_value,ks_statistic,left,mann_whitney_p_value,normalized_wasserstein,right,smd
sequence_length,,continuous,0.9631682556353643,0.018058147913429235,train,0.6518918504574138,0.02323226154699036,selected,0.0004662131268967628
molecular_weight,,continuous,0.9645518214338777,0.017979147314413704,train,0.6683670879480255,0.023048428885362012,selected,0.001464164785475326
theoretical_isoelectric_point,,continuous,0.9759627030017433,0.01723081196989296,train,0.6043230265978284,0.02206943493241544,selected,0.018478921925262903
net_charge_at_pH_7,,continuous,0.9928172381478925,0.015416402607887906,train,0.5625423275510034,0.021724886619477433,selected,0.014330935596414492
gravy,,continuous,0.9735860233108022,0.017406175936938422,train,0.46244706153613035,0.036164600994761265,selected,-0.025329874279903904
aromatic_fraction,,continuous,0.9932859064086568,0.015332193178168054,train,0.5840269097838153,0.026945488286846928,selected,0.014935350158910926
positive_residue_fraction,,continuous,0.9312650595894846,0.019520961202892637,train,0.4546251466483653,0.026037985389163402,selected,0.02092961577530486
negative_residue_fraction,,continuous,0.999999999531471,0.00804069833056976,train,0.9932134650050822,0.018163818587023903,selected,0.010934261491314524
polar_residue_fraction,,continuous,0.9999999996467777,0.007990346300427992,train,0.9706471316309593,0.011824847822704031,selected,-0.0006601261249523038
hydrophobic_residue_fraction,,continuous,0.9840007463978221,0.016551059562979104,train,0.43956074691499314,0.03276047863845904,selected,-0.02409696263112024
sequence_shannon_entropy,,continuous,0.9713122325087705,0.017558968304265163,train,0.5358288947263478,0.022331295103403277,selected,0.016822288223293024
coordinate_coverage,,continuous,0.9999997840961417,0.00941062080580611,train,0.9523071809024451,0.010130116131281197,selected,-0.0023567726033000324
heavy_atom_count,,continuous,0.9603176075436802,0.018215280973009576,train,0.6107595812879332,0.024194708228621728,selected,-0.00013297612597902055
radius_of_gyration,,continuous,0.7680868507553632,0.024056116469454547,train,0.4208516996114139,0.029370401294278262,selected,-0.029103543147299262
radius_of_gyration_normalized,,continuous,0.9910773348318372,0.015701152019724107,train,0.5567347120130308,0.030866791459781082,selected,-0.030797603587341148
aspect_ratio,,continuous,0.9868686492786779,0.01624721110522706,train,0.7012129876984274,0.02249782724892591,selected,-0.017414650749740846
compactness,,continuous,0.9910773348318372,0.015701152019724107,train,0.5567347120130308,0.024321209487521388,selected,0.024019215217644798
packing_density,,continuous,0.9999999998954171,0.007785465626058044,train,0.9766108497224324,0.013732251570444214,selected,0.0037273642759748067
resolution,,continuous,0.9626065614033856,0.01869304520763454,train,0.8330068477057699,0.02884189126074595,selected,-0.011164424205534049
release_year,,continuous,0.3223080765377301,0.03462570210697202,train,0.1680440018603886,0.04802713755566988,selected,-0.04595456157170256
origin,4.086173167023948e-08,categorical,,,train,,,selected,
experimental_method,0.0014035214836084454,categorical,,,train,,,selected,
global_phenotype,0.0006500793806946096,categorical,,,train,,,selected,
sequence_length,,continuous,0.9081329949660228,0.03591348336467994,validation,0.898808487594399,0.0504400975441332,selected,-0.0015880317092634428
molecular_weight,,continuous,0.9743215457966359,0.030587262468383163,validation,0.9161329056929822,0.046824176457515035,selected,-0.002912792760099495
theoretical_isoelectric_point,,continuous,0.7325877902162963,0.043902814709125104,validation,0.8062098314908563,0.044778695884328465,selected,-0.025871026617187688
net_charge_at_pH_7,,continuous,0.7187666612642221,0.044445975744211684,validation,0.5899248307972902,0.06860488832235898,selected,-0.000843571614078143
gravy,,continuous,0.22565910666283268,0.06711281535767559,validation,0.23760945443939885,0.08750028868856817,selected,0.03169267160939216
aromatic_fraction,,continuous,0.16917180400086124,0.07145810363836824,validation,0.07579364136730991,0.11501615255141118,selected,-0.10117378579714935
positive_residue_fraction,,continuous,0.7414585923262701,0.043558272261495556,validation,0.5931315713188916,0.05135205340573873,selected,-0.04090779114583005
negative_residue_fraction,,continuous,0.9262326676370625,0.0347866268889033,validation,0.7258292910909587,0.061413749523937404,selected,-0.03744422126915185
polar_residue_fraction,,continuous,0.9853958740957213,0.02890913807639925,validation,0.9138204879236276,0.04082387868594399,selected,0.01095526968148353
hydrophobic_residue_fraction,,continuous,0.33279703403878813,0.060720539594007396,validation,0.3059520169165886,0.08040806511781864,selected,0.01601881066769516
sequence_shannon_entropy,,continuous,0.9746011665278198,0.03055483494390038,validation,0.6864462380158695,0.04086174927556875,selected,-0.004877696562302848
coordinate_coverage,,continuous,0.9889418530936943,0.028179518775536677,validation,0.6990929029020536,0.04089939824997472,selected,-0.03459987264227881
heavy_atom_count,,continuous,0.9784293994413353,0.030035994552175888,validation,0.8580360772182609,0.04694935993608322,selected,-0.0008600878508903893
radius_of_gyration,,continuous,0.5779289582241843,0.04991001361956028,validation,0.26255671417284265,0.09944003759994131,selected,0.09784330272258603
radius_of_gyration_normalized,,continuous,0.28929313839841436,0.06310801608405214,validation,0.3983598929026346,0.12527378490206484,selected,0.12174883056033804
aspect_ratio,,continuous,0.15370104589674374,0.07285654063168817,validation,0.8672425847079511,0.11029329138755653,selected,0.09198853199088311
compactness,,continuous,0.28929313839841436,0.06310801608405214,validation,0.3983598929026346,0.08734094725030352,selected,-0.0695761071206245
packing_density,,continuous,0.5189377059431601,0.0522691160256826,validation,0.2673224656196366,0.09528686343490429,selected,-0.08282775630197456
resolution,,continuous,0.13744532621634897,0.0751932108285194,validation,0.8425388655637218,0.0901962442650884,selected,0.025817877062214667
release_year,,continuous,0.09183007363815204,0.07990142032557235,validation,0.07484665078401083,0.10549351825286007,selected,0.09263207845695563
origin,2.2371831703157604e-07,categorical,,,validation,,,selected,
experimental_method,0.012945208665123154,categorical,,,validation,,,selected,
global_phenotype,0.010864179689783175,categorical,,,validation,,,selected,
sequence_length,,continuous,0.3963614303225598,0.05758317660029833,test,0.2900659450659241,0.09081426222313173,selected,-0.0006615961512648963
molecular_weight,,continuous,0.2924649234046084,0.0629256112588365,test,0.3076894732825597,0.08893790549003301,selected,-0.004282168790315482
theoretical_isoelectric_point,,continuous,0.5833577110319261,0.04970328815098255,test,0.2644235272111487,0.07566553548514698,selected,-0.0600969783559277
net_charge_at_pH_7,,continuous,0.8852574940305801,0.03719031714118944,test,0.32595237594314386,0.07335456499564119,selected,-0.06669379155226277
gravy,,continuous,0.8072079438067338,0.04086273428886439,test,0.4535864724550732,0.09191624900287211,selected,0.07968679197913149
aromatic_fraction,,continuous,0.9180649382258369,0.03531357416174849,test,0.7359775213987403,0.05164366467817419,selected,0.03301138414566556
positive_residue_fraction,,continuous,0.38522815452972303,0.05810607043258317,test,0.15270933690093924,0.09913606118372478,selected,-0.054600453431528174
negative_residue_fraction,,continuous,0.6947286960510569,0.045386373954212335,test,0.7090899041859677,0.07173870903638928,selected,-0.014270869907553893
polar_residue_fraction,,continuous,0.8399846688425529,0.039407549127699594,test,0.8376151059949439,0.058620559520879675,selected,-0.0075633702282414846
hydrophobic_residue_fraction,,continuous,0.7153061494488421,0.04458784616382385,test,0.3140286983521833,0.1019570180725016,selected,0.09047381790245108
sequence_shannon_entropy,,continuous,0.2776846739394066,0.06378088721706984,test,0.22139994293738807,0.08784176038719403,selected,-0.07276436272612945
coordinate_coverage,,continuous,0.6173820312157813,0.048385919968869574,test,0.8185192277551387,0.06582008014726341,selected,0.047422552452685965
heavy_atom_count,,continuous,0.2648529130518159,0.06456320124521694,test,0.2467580894766881,0.09498589094241017,selected,0.0015840471841591507
radius_of_gyration,,continuous,0.2019392970194864,0.06882336727414229,test,0.32008562556195785,0.08317258795228208,selected,0.013579222218249268
radius_of_gyration_normalized,,continuous,0.6402490177357243,0.04749821648615345,test,0.4843270607740582,0.06726105157420742,selected,-0.012880837358331343
aspect_ratio,,continuous,0.5535878330819549,0.05086257215124197,test,0.40047358427181157,0.06236507329724126,selected,-0.026500471014348135
compactness,,continuous,0.6402490177357243,0.04749821648615345,test,0.4843270607740582,0.05573823324231792,selected,-0.039615282647812736
packing_density,,continuous,0.3690092136110423,0.05888838446073027,test,0.3019911852920468,0.07815373791250678,selected,0.06786787456024071
resolution,,continuous,0.7581980609127842,0.04352729956272235,test,0.735322529062276,0.052163671889604524,selected,0.02101503883809947
release_year,,continuous,0.029208254226771882,0.093703385433556,test,0.06573874719958012,0.12225873987095627,selected,0.11815913224178441
origin,2.2371831703157604e-07,categorical,,,test,,,selected,
experimental_method,0.008198989570099636,categorical,,,test,,,selected,
global_phenotype,0.011964499421193589,categorical,,,test,,,selected,
sequence_length,,continuous,0.5190560011291521,0.05365910143584993,train,0.7032844246770018,0.06839452454702054,validation,0.002035046272747919
molecular_weight,,continuous,0.6887648891040984,0.04683881426586382,train,0.7300730695803099,0.06425624797953909,validation,0.004344555913369488
theoretical_isoelectric_point,,continuous,0.35550291735351647,0.06113362667901806,train,0.6035475858390253,0.06119481199117272,validation,0.04433190417933085
net_charge_at_pH_7,,continuous,0.3871343272090402,0.05954724409448819,train,0.40005274723107564,0.0853067344155988,validation,0.01574883615930612
gravy,,continuous,0.08390217644061998,0.08326192681797129,train,0.11657339302276387,0.11503743278439121,validation,-0.057373480575850566
aromatic_fraction,,continuous,0.06772656095249782,0.08605257063455303,train,0.041882514576223245,0.1372353732044949,validation,0.11688823169557233
positive_residue_fraction,,continuous,0.3501135561805147,0.06141732283464567,train,0.3536261285190323,0.0702526779180517,validation,0.06261393979971452
negative_residue_fraction,,continuous,0.8876292483428835,0.038021074571560905,train,0.7390587626571722,0.07291137189832343,validation,0.04884334839152877
polar_residue_fraction,,continuous,0.985466538020515,0.029631773969430293,train,0.932022413615877,0.04616084689771135,validation,-0.011634658855243143
hydrophobic_residue_fraction,,continuous,0.1609965265551733,0.07413154238073182,train,0.15768552595368468,0.10286592776400466,validation,-0.03998216016148606
sequence_shannon_entropy,,continuous,0.8555090466507143,0.039705882352941174,train,0.46343975573882934,0.05872432752060013,validation,0.02215146090400068
coordinate_coverage,,continuous,0.9904154937646819,0.028537517369152384,train,0.6830120135331263,0.04253455324232452,validation,0.032267455580909675
heavy_atom_count,,continuous,0.6761840556378285,0.04734251968503937,train,0.6454351764951712,0.06472907031910413,validation,0.0007138923351501385
radius_of_gyration,,continuous,0.17509824434701027,0.07286359425660027,train,0.12525512225199403,0.12589615608487748,validation,-0.12470565023106041
radius_of_gyration_normalized,,continuous,0.13456014512716238,0.07675428439092172,train,0.2571872322420986,0.153231674274989,validation,-0.15043509513491055
aspect_ratio,,continuous,0.05315149693626014,0.08910375173691523,train,0.7104243766283717,0.12821817557005089,validation,-0.10775242997516471
compactness,,continuous,0.13456014512716238,0.07675428439092172,train,0.2571872322420986,0.10696813687574519,validation,0.09301575588833143
packing_density,,continuous,0.43454717673335524,0.05733557202408522,train,0.270394226846005,0.10197476586304534,validation,0.08637336776211384
resolution,,continuous,0.040726330962073114,0.09351125727295725,train,0.7606649743987611,0.11706979388028735,validation,-0.03682170803770836
release_year,,continuous,0.005762292984938985,0.11333950903195925,train,0.014318275366815644,0.15119447941950256,validation,-0.1380600048506171
origin,4.5580206378083765e-07,categorical,,,train,,,validation,
experimental_method,0.02216544095850722,categorical,,,train,,,validation,
global_phenotype,0.014966552758209987,categorical,,,train,,,validation,
sequence_length,,continuous,0.16697531592527845,0.07358730893932376,train,0.20537551140613097,0.11193704401453831,test,0.0011462683991557137
molecular_weight,,continuous,0.10963124976414833,0.07964335340435387,train,0.22277203297920944,0.10989845318026478,test,0.005770956399283137
theoretical_isoelectric_point,,continuous,0.3632093604932314,0.060757295044001854,train,0.16980315611541708,0.09715574979207062,test,0.07858646331878984
net_charge_at_pH_7,,continuous,0.6586473850655447,0.04801412691060676,train,0.20305131867501736,0.08969737139955934,test,0.08047021885458272
gravy,,continuous,0.5404572881027111,0.05275590551181102,train,0.26533985436895025,0.12442806334224682,test,-0.10457009734722915
aromatic_fraction,,continuous,0.810944404753915,0.04177860120426123,train,0.9718121316262811,0.06185972173441065,test,-0.018847984588308435
positive_residue_fraction,,continuous,0.18255932072208836,0.0722325150532654,train,0.07143277666860871,0.12237106406753563,test,0.07481459568124821
negative_residue_fraction,,continuous,0.6120213869363695,0.04986683649837888,train,0.7156830074132345,0.08512640955443872,test,0.024779219856132288
polar_residue_fraction,,continuous,0.7084910482717676,0.046051412691060674,train,0.8260728801166335,0.06623421552048972,test,0.006922316502500301
hydrophobic_residue_fraction,,continuous,0.44474026969334113,0.05686081519221862,train,0.15870286473392314,0.1331894337868439,test,-0.11460439789746955
sequence_shannon_entropy,,continuous,0.10216941433651483,0.08061023622047245,train,0.1266286549899831,0.10874784542900595,test,0.08916469961243194
coordinate_coverage,,continuous,0.5074321997540638,0.0541512274201019,train,0.8494237360087513,0.07312132260641162,test,-0.0498009934891559
heavy_atom_count,,continuous,0.10981190878060453,0.07962019453450672,train,0.1619872348365623,0.11795071994622194,test,-0.001699921299279398
radius_of_gyration,,continuous,0.04670501521927246,0.09069013432144511,train,0.15968073565406593,0.10038376385330898,test,-0.044330372200573814
radius_of_gyration_normalized,,continuous,0.4816389974909272,0.055245484020379806,train,0.31111826981725255,0.0780023945175114,test,-0.018529171972956844
aspect_ratio,,continuous,0.414757910604968,0.05822718851320056,train,0.30315865766962136,0.06482758679212071,test,0.00678090178989929
compactness,,continuous,0.4816389974909272,0.055245484020379806,train,0.31111826981725255,0.07527753753583305,test,0.06424926783449492
packing_density,,continuous,0.3530577852671701,0.06127836961556276,train,0.31972504323445183,0.08131483361057586,test,-0.06393880142093597
resolution,,continuous,0.43487327087767996,0.05829868883914295,train,0.6515163561005888,0.07691808370049391,test,-0.03226812712584002
release_year,,continuous,0.0011169082819349383,0.12832908754052802,train,0.009751969346298399,0.1687343617856362,test,-0.1649137430260248
origin,4.5580206378083765e-07,categorical,,,train,,,test,
experimental_method,0.016075695761126385,categorical,,,train,,,test,
global_phenotype,0.015937708541318193,categorical,,,train,,,test,
sequence_length,,continuous,0.5213483003638513,0.06985294117647059,validation,0.4581272325551443,0.0884573252101202,test,-0.001023200403549734
molecular_weight,,continuous,0.8648731888631843,0.051470588235294115,validation,0.4702840356728307,0.08378942060616262,test,0.0012083686019034214
theoretical_isoelectric_point,,continuous,0.8035719276034797,0.05514705882352941,validation,0.5169223054834762,0.06247471438227363,test,0.03415301300742313
net_charge_at_pH_7,,continuous,0.9796470801506498,0.04044117647058824,validation,0.737038697054015,0.09120687348533267,test,0.0686094867730566
gravy,,continuous,0.7354041843875735,0.058823529411764705,validation,0.7932211569657112,0.10478011877243247,test,-0.04948317356511151
aromatic_fraction,,continuous,0.2404976685293013,0.08823529411764706,validation,0.11520177538433747,0.1445400947296627,test,-0.13082610108241025
positive_residue_fraction,,continuous,0.7354041843875735,0.058823529411764705,validation,0.5015194096040851,0.10398170583516428,test,0.016955482190215525
negative_residue_fraction,,continuous,0.5213483003638513,0.06985294117647059,validation,0.5749257579942519,0.11008007982406266,test,-0.021061655676372793
polar_residue_fraction,,continuous,0.7354041843875735,0.058823529411764705,validation,0.813052295630711,0.08827083300660842,test,0.018405011554593738
hydrophobic_residue_fraction,,continuous,0.7354041843875735,0.058823529411764705,validation,0.9710605476347303,0.11107509712185894,test,-0.07398751361742607
sequence_shannon_entropy,,continuous,0.5213483003638513,0.06985294117647059,validation,0.5316710961494497,0.08621974603035668,test,0.0699119849436226
coordinate_coverage,,continuous,0.5213483003638513,0.06985294117647059,validation,0.6393472584211364,0.10053146894117104,test,-0.08181427722165946
heavy_atom_count,,continuous,0.6637540832952984,0.0625,validation,0.44209468187836354,0.08644540242692797,test,-0.002513161693192914
radius_of_gyration,,continuous,0.7354041843875735,0.058823529411764705,validation,0.9302275569253562,0.11254885762468514,test,0.08878026197138973
radius_of_gyration_normalized,,continuous,0.5916096809976454,0.0661764705882353,validation,0.8822535569300434,0.1509428312583435,test,0.13518302447541747
aspect_ratio,,continuous,0.28555944716289283,0.08455882352941177,validation,0.6136335488284976,0.1574874894512984,test,0.1243542637113856
compactness,,continuous,0.5916096809976454,0.0661764705882353,validation,0.8822535569300434,0.10490125891895283,test,-0.032552319984742034
packing_density,,continuous,0.09080624937872067,0.10661764705882353,validation,0.11001001107119933,0.1662391976083961,test,-0.15161685926330623
resolution,,continuous,0.5046289518383126,0.06967051534778936,validation,0.9318514599413229,0.08143711025926666,test,0.005264979229417795
release_year,,continuous,0.7354041843875735,0.058823529411764705,validation,0.9225409526911887,0.06447190877764254,test,-0.022676326535584615
origin,0.0,categorical,,,validation,,,test,
experimental_method,0.0011311225830522523,categorical,,,validation,,,test,
global_phenotype,0.014717463232292356,categorical,,,validation,,,test,
