base_identifier,label,split,tier,sequence_cluster_id
10AC_A,0,train,core,rcsb-mmseqs2-30:41919_30
10MH_A,1,test,core,rcsb-mmseqs2-30:5573_30
1A0A_A,1,train,core,rcsb-mmseqs2-30:52758_30
1A6J_A,0,test,core,rcsb-mmseqs2-30:7260_30
1A73_A,1,val,core,rcsb-mmseqs2-30:4369_30
1AAZ_A,0,train,core,rcsb-mmseqs2-30:48462_30
1AG4_A,0,test,core,rcsb-mmseqs2-30:70079_30
1AKH_B,1,val,core,rcsb-mmseqs2-30:15848_30
1AL0_1,0,val,core,rcsb-mmseqs2-30:45182_30
1ALH_A,0,test,core,rcsb-mmseqs2-30:3460_30
1B4U_A,0,train,core,rcsb-mmseqs2-30:65936_30
1B5E_A,0,val,core,rcsb-mmseqs2-30:33535_30
1B94_A,1,test,core,rcsb-mmseqs2-30:6624_30
1B9H_A,0,train,core,rcsb-mmseqs2-30:7915_30
1BCH_1,0,test,core,rcsb-mmseqs2-30:3642_30
1BDT_B,1,train,core,rcsb-mmseqs2-30:16546_30
1BF6_A,0,test,core,rcsb-mmseqs2-30:6078_30
1BYP_A,0,train,core,rcsb-mmseqs2-30:2822_30
1C7Y_A,1,train,core,rcsb-mmseqs2-30:435_30
1C89_A,0,train,core,rcsb-mmseqs2-30:6387_30
1CBV_L,1,train,core,rcsb-mmseqs2-30:10_30
1CF7_B,1,validation_reserve,core,rcsb-mmseqs2-30:12440_30
1CHM_A,0,train,core,rcsb-mmseqs2-30:33182_30
1CI9_A,0,test,core,rcsb-mmseqs2-30:20986_30
1CKQ_A,1,train,core,rcsb-mmseqs2-30:20976_30
1CMA_A,1,test,core,rcsb-mmseqs2-30:2451_30
1CMN_A,0,train,core,rcsb-mmseqs2-30:4877_30
1CUH_A,0,train,core,rcsb-mmseqs2-30:3388_30
1CW0_A,1,test,core,rcsb-mmseqs2-30:21729_30
1CZJ_A,0,train,core,rcsb-mmseqs2-30:51682_30
1CZY_A,0,train,core,rcsb-mmseqs2-30:4557_30
1D02_B,1,test_reserve,core,rcsb-mmseqs2-30:79361_30
1D0D_A,0,test,core,rcsb-mmseqs2-30:42017_30
1D3U_B,1,train,core,rcsb-mmseqs2-30:65_30
1D5Y_A,1,train,core,rcsb-mmseqs2-30:7048_30
1D7E_A,0,test,core,rcsb-mmseqs2-30:1959_30
1DC1_B,1,test_reserve,core,rcsb-mmseqs2-30:53362_30
1DH3_A,1,val,challenge,rcsb-mmseqs2-30:7529_30
1DHI_A,0,val,core,rcsb-mmseqs2-30:875_30
1DL5_A,0,train,core,rcsb-mmseqs2-30:99459_30
1DMH_A,0,train,core,rcsb-mmseqs2-30:9740_30
1DMU_A,1,train,core,rcsb-mmseqs2-30:72328_30
1DXK_A,0,train,core,rcsb-mmseqs2-30:278_30
1E30_A,0,val,core,rcsb-mmseqs2-30:17578_30
1E39_A,0,train,core,rcsb-mmseqs2-30:9682_30
1E6W_A,0,test,core,rcsb-mmseqs2-30:3742_30
1EF8_A,0,test,core,rcsb-mmseqs2-30:16166_30
1EFA_B,1,train,core,rcsb-mmseqs2-30:6427_30
1EHK_A,0,val,core,rcsb-mmseqs2-30:4940_30
1EJA_B,0,train,core,rcsb-mmseqs2-30:18884_30
1EL6_A,0,train,core,rcsb-mmseqs2-30:23250_30
1EQ9_A,0,train,core,rcsb-mmseqs2-30:7073_30
1ESM_A,0,train,core,rcsb-mmseqs2-30:665_30
1EYU_A,1,test,core,rcsb-mmseqs2-30:18883_30
1EZ6_A,0,train,core,rcsb-mmseqs2-30:539_30
1F0V_A,1,test,core,rcsb-mmseqs2-30:398_30
1F5M_A,0,train,core,rcsb-mmseqs2-30:7816_30
1F6O_A,1,train,core,rcsb-mmseqs2-30:2021_30
1FIU_A,1,train,core,rcsb-mmseqs2-30:40310_30
1FOK_A,1,train,core,rcsb-mmseqs2-30:62964_30
1FPZ_A,0,train,core,rcsb-mmseqs2-30:25091_30
1G63_A,0,test,core,rcsb-mmseqs2-30:4857_30
1G8K_B,0,train,core,rcsb-mmseqs2-30:20403_30
1GD2_E,1,train,challenge,rcsb-mmseqs2-30:99512_30
1GFF_2,0,train,core,rcsb-mmseqs2-30:19836_30
1GH9_A,0,val,core,rcsb-mmseqs2-30:101328_30
1GKA_B,0,test,core,rcsb-mmseqs2-30:17166_30
1GKR_A,0,train,core,rcsb-mmseqs2-30:74966_30
1GM5_A,1,val,core,rcsb-mmseqs2-30:5469_30
1GPI_A,0,train,core,rcsb-mmseqs2-30:1289_30
1GWT_A,0,train,core,rcsb-mmseqs2-30:1475_30
1H0H_B,0,train,core,rcsb-mmseqs2-30:3451_30
1H2G_B,0,train,core,rcsb-mmseqs2-30:2782_30
1H2H_A,0,val,core,rcsb-mmseqs2-30:45940_30
1H88_B,1,val,challenge,rcsb-mmseqs2-30:9703_30
1HBX_E,1,train,core,rcsb-mmseqs2-30:22830_30
1HCR_A,1,validation_reserve,core,rcsb-mmseqs2-30:3416_30
1HLQ_A,0,train,core,rcsb-mmseqs2-30:24342_30
1HLV_A,1,test,core,rcsb-mmseqs2-30:24917_30
1I3J_A,1,validation_reserve,challenge,rcsb-mmseqs2-30:79645_30
1I7H_A,0,train,core,rcsb-mmseqs2-30:6961_30
1I8D_A,0,train,core,rcsb-mmseqs2-30:7468_30
1IAW_A,1,train,core,rcsb-mmseqs2-30:66229_30
1IBJ_A,0,train,core,rcsb-mmseqs2-30:1052_30
1IO7_A,0,train,core,rcsb-mmseqs2-30:12861_30
1IUH_A,0,train,core,rcsb-mmseqs2-30:14559_30
1IXY_A,1,train,core,rcsb-mmseqs2-30:10920_30
1J8M_F,0,train,core,rcsb-mmseqs2-30:1190_30
1JAY_A,0,train,core,rcsb-mmseqs2-30:28547_30
1JB0_A,0,train,core,rcsb-mmseqs2-30:172_30
1JET_A,0,val,core,rcsb-mmseqs2-30:1549_30
1JFI_A,1,train,core,rcsb-mmseqs2-30:131661_30
1JFI_B,1,train,core,rcsb-mmseqs2-30:31991_30
1JFT_A,1,train,core,rcsb-mmseqs2-30:942_30
1JGT_A,0,train,core,rcsb-mmseqs2-30:33452_30
1JLJ_A,0,train,core,rcsb-mmseqs2-30:3207_30
1JLK_A,0,val,core,rcsb-mmseqs2-30:1637_30
1JNR_A,0,train,core,rcsb-mmseqs2-30:23721_30
1JT0_A,1,train,core,rcsb-mmseqs2-30:7055_30
1JUH_A,0,train,core,rcsb-mmseqs2-30:34702_30
1K1E_A,0,train,core,rcsb-mmseqs2-30:2225_30
1KDJ_A,0,train,core,rcsb-mmseqs2-30:12061_30
1KLN_A,1,train,core,rcsb-mmseqs2-30:599_30
1KSY_B,1,train,core,rcsb-mmseqs2-30:40414_30
1KTB_A,0,test,core,rcsb-mmseqs2-30:2578_30
1KX5_A,1,test,core,rcsb-mmseqs2-30:38_30
1KX5_D,1,test,core,rcsb-mmseqs2-30:251_30
1KYZ_A,0,test,core,rcsb-mmseqs2-30:1097_30
1KZ1_A,0,train,core,rcsb-mmseqs2-30:3097_30
1KZL_A,0,train,core,rcsb-mmseqs2-30:6465_30
1LFW_A,0,train,core,rcsb-mmseqs2-30:7579_30
1LG7_A,0,train,core,rcsb-mmseqs2-30:33876_30
1LQ1_C,1,train,core,rcsb-mmseqs2-30:7911_30
1LRI_A,0,test,core,rcsb-mmseqs2-30:16318_30
1LT4_A,0,test,core,rcsb-mmseqs2-30:6092_30
1LVM_A,0,train,core,rcsb-mmseqs2-30:38167_30
1LWB_A,0,train,core,rcsb-mmseqs2-30:41230_30
1LXJ_A,0,train,core,rcsb-mmseqs2-30:11090_30
1M0U_A,0,train,core,rcsb-mmseqs2-30:2390_30
1M1C_A,0,val,core,rcsb-mmseqs2-30:67889_30
1MDY_A,1,test,challenge,rcsb-mmseqs2-30:7573_30
1MJE_A,1,train,core,rcsb-mmseqs2-30:20601_30
1MWW_A,0,train,core,rcsb-mmseqs2-30:28147_30
1N40_A,0,val,core,rcsb-mmseqs2-30:2941_30
1N6J_A,1,train,core,rcsb-mmseqs2-30:38202_30
1N6Z_A,0,test,core,rcsb-mmseqs2-30:82176_30
1N7Z_A,0,train,core,rcsb-mmseqs2-30:16793_30
1NBA_A,0,train,core,rcsb-mmseqs2-30:15720_30
1NG6_A,0,val,core,rcsb-mmseqs2-30:14958_30
1NLW_A,1,train,challenge,rcsb-mmseqs2-30:9019_30
1NWW_A,0,val,core,rcsb-mmseqs2-30:7798_30
1NZB_A,1,train,core,rcsb-mmseqs2-30:7631_30
1NZJ_A,0,train,core,rcsb-mmseqs2-30:3246_30
1O2D_A,0,train,core,rcsb-mmseqs2-30:35276_30
1ODH_A,1,test,core,rcsb-mmseqs2-30:51681_30
1ODZ_A,0,test,core,rcsb-mmseqs2-30:15986_30
1OE4_A,1,train,core,rcsb-mmseqs2-30:10451_30
1OJQ_A,0,train,core,rcsb-mmseqs2-30:33647_30
1ORN_A,1,train,core,rcsb-mmseqs2-30:6712_30
1OUP_A,1,train,core,rcsb-mmseqs2-30:11012_30
1OX3_A,0,val,challenge,rcsb-mmseqs2-30:101690_30
1OYZ_A,0,val,core,rcsb-mmseqs2-30:65028_30
1P1L_A,0,train,core,rcsb-mmseqs2-30:31249_30
1P3Y_1,0,val,core,rcsb-mmseqs2-30:56859_30
1P4E_B,1,train,core,rcsb-mmseqs2-30:19890_30
1PAH_A,0,test,core,rcsb-mmseqs2-30:2560_30
1PAV_A,0,val,core,rcsb-mmseqs2-30:68238_30
1PC5_A,0,train,core,rcsb-mmseqs2-30:4621_30
1PF5_A,0,train,core,rcsb-mmseqs2-30:31577_30
1PFI_A,1,train,challenge,rcsb-mmseqs2-30:12865_30
1PGT_A,0,train,core,rcsb-mmseqs2-30:1810_30
1PH1_B,1,train,core,rcsb-mmseqs2-30:13497_30
1PIX_A,0,val,core,rcsb-mmseqs2-30:33742_30
1PP8_P,1,val,core,rcsb-mmseqs2-30:80431_30
1PRN_A,0,train,core,rcsb-mmseqs2-30:20600_30
1PYI_A,1,train,core,rcsb-mmseqs2-30:81170_30
1Q0R_A,0,train,core,rcsb-mmseqs2-30:41547_30
1Q15_A,0,train,core,rcsb-mmseqs2-30:62005_30
1Q23_A,0,train,core,rcsb-mmseqs2-30:5976_30
1Q4T_A,0,train,core,rcsb-mmseqs2-30:9688_30
1Q5D_A,0,train,core,rcsb-mmseqs2-30:405_30
1QEX_A,0,test,core,rcsb-mmseqs2-30:18189_30
1QHX_A,0,train,core,rcsb-mmseqs2-30:27428_30
1QOP_B,0,test,core,rcsb-mmseqs2-30:175_30
1QP9_A,1,test,core,rcsb-mmseqs2-30:17459_30
1QPI_A,1,train,core,rcsb-mmseqs2-30:2692_30
1QV9_A,0,test,core,rcsb-mmseqs2-30:8569_30
1QZ0_A,0,train,core,rcsb-mmseqs2-30:5913_30
1R2Y_A,1,test_reserve,core,rcsb-mmseqs2-30:279_30
1R4V_A,0,train,core,rcsb-mmseqs2-30:77822_30
1R71_B,1,validation_reserve,core,rcsb-mmseqs2-30:30607_30
1R8D_A,1,val,core,rcsb-mmseqs2-30:17197_30
1RFX_A,0,train,challenge,rcsb-mmseqs2-30:34133_30
1RGX_C,0,train,challenge,rcsb-mmseqs2-30:34133_30
1RH6_A,1,val,core,rcsb-mmseqs2-30:22112_30
1RM1_C,1,train,core,rcsb-mmseqs2-30:6323_30
1RNB_A,1,train,core,rcsb-mmseqs2-30:3968_30
1RQW_A,0,train,core,rcsb-mmseqs2-30:717_30
1RWI_A,0,test,core,rcsb-mmseqs2-30:4574_30
1RYL_A,0,train,core,rcsb-mmseqs2-30:60205_30
1RZM_A,0,train,core,rcsb-mmseqs2-30:21646_30
1S9R_A,0,val,core,rcsb-mmseqs2-30:1279_30
1SA3_A,1,test,core,rcsb-mmseqs2-30:64352_30
1SFU_A,1,validation_reserve,core,rcsb-mmseqs2-30:110958_30
1SQ9_A,0,train,core,rcsb-mmseqs2-30:18106_30
1SQU_A,0,train,core,rcsb-mmseqs2-30:55722_30
1SR8_A,0,train,core,rcsb-mmseqs2-30:23419_30
1SUM_B,0,train,core,rcsb-mmseqs2-30:3114_30
1SUW_A,0,train,core,rcsb-mmseqs2-30:6380_30
1T3N_A,1,train,core,rcsb-mmseqs2-30:4101_30
1T6K_A,0,test,core,rcsb-mmseqs2-30:13913_30
1T8E_B,1,train,core,rcsb-mmseqs2-30:2926_30
1T8S_A,0,val,core,rcsb-mmseqs2-30:15919_30
1TD4_A,0,val,core,rcsb-mmseqs2-30:19334_30
1TDP_A,0,train,core,rcsb-mmseqs2-30:90832_30
1TEJ_B,0,train,core,rcsb-mmseqs2-30:4042_30
1TEZ_A,1,train,core,rcsb-mmseqs2-30:7925_30
1TK0_A,1,train,core,rcsb-mmseqs2-30:9277_30
1TM9_A,0,train,core,rcsb-mmseqs2-30:54950_30
1TW8_A,1,test,core,rcsb-mmseqs2-30:10465_30
1TWU_A,0,train,core,rcsb-mmseqs2-30:32325_30
1U3E_M,1,test,challenge,rcsb-mmseqs2-30:183005_30
1U78_A,1,test,challenge,rcsb-mmseqs2-30:27797_30
1U8R_H,1,test,core,rcsb-mmseqs2-30:5113_30
1ULI_A,0,train,core,rcsb-mmseqs2-30:2786_30
1USY_A,0,test,core,rcsb-mmseqs2-30:60907_30
1V0L_A,0,train,core,rcsb-mmseqs2-30:5252_30
1V15_B,1,validation_reserve,core,rcsb-mmseqs2-30:4428_30
1V1A_A,0,test,core,rcsb-mmseqs2-30:13774_30
1V3I_A,0,val,core,rcsb-mmseqs2-30:3976_30
1VAJ_A,0,train,core,rcsb-mmseqs2-30:5622_30
1VAS_A,1,train,core,rcsb-mmseqs2-30:33396_30
1VDW_A,0,val,core,rcsb-mmseqs2-30:9916_30
1VLC_A,0,train,core,rcsb-mmseqs2-30:132_30
1VRR_A,1,validation_reserve,core,rcsb-mmseqs2-30:56165_30
1WBA_A,0,train,core,rcsb-mmseqs2-30:95130_30
1WC2_A,0,train,core,rcsb-mmseqs2-30:24186_30
1WM4_A,0,test,core,rcsb-mmseqs2-30:11014_30
1WPI_A,0,train,core,rcsb-mmseqs2-30:42756_30
1WRU_A,0,test,core,rcsb-mmseqs2-30:69063_30
1WSR_A,0,val,core,rcsb-mmseqs2-30:1326_30
1WTE_A,1,train,core,rcsb-mmseqs2-30:98233_30
1WTH_D,0,train,core,rcsb-mmseqs2-30:22692_30
1WU8_A,0,test,core,rcsb-mmseqs2-30:13178_30
1WVL_A,1,test,core,rcsb-mmseqs2-30:6794_30
1X9E_A,0,train,core,rcsb-mmseqs2-30:9367_30
1X9J_A,0,train,core,rcsb-mmseqs2-30:3819_30
1XA3_A,0,train,core,rcsb-mmseqs2-30:5182_30
1XFI_A,0,train,core,rcsb-mmseqs2-30:6448_30
1XH9_A,0,val,core,rcsb-mmseqs2-30:364_30
1XL3_C,0,train,core,rcsb-mmseqs2-30:40691_30
1XPX_A,1,train,core,rcsb-mmseqs2-30:44424_30
1XSD_A,1,train,core,rcsb-mmseqs2-30:11018_30
1XVB_E,0,train,core,rcsb-mmseqs2-30:4195_30
1XXU_A,0,train,core,rcsb-mmseqs2-30:10071_30
1Y0B_A,0,train,core,rcsb-mmseqs2-30:1137_30
1Y1P_A,0,val,core,rcsb-mmseqs2-30:13759_30
1Y23_A,0,test,core,rcsb-mmseqs2-30:24274_30
1Y6F_A,1,test,core,rcsb-mmseqs2-30:38608_30
1Y7E_A,0,test,core,rcsb-mmseqs2-30:21435_30
1YCL_A,0,val,core,rcsb-mmseqs2-30:586_30
1YF3_A,1,val,core,rcsb-mmseqs2-30:20483_30
1YFH_A,1,test_reserve,core,rcsb-mmseqs2-30:5985_30
1YNV_X,0,test,core,rcsb-mmseqs2-30:5428_30
1YPQ_A,0,train,core,rcsb-mmseqs2-30:7896_30
1YT5_A,0,train,core,rcsb-mmseqs2-30:9078_30
1YU0_A,0,train,core,rcsb-mmseqs2-30:33285_30
1YUK_A,0,train,core,rcsb-mmseqs2-30:53713_30
1YW1_A,0,test,core,rcsb-mmseqs2-30:8694_30
1YX7_A,0,train,core,rcsb-mmseqs2-30:23859_30
1Z8D_A,0,test,core,rcsb-mmseqs2-30:527_30
1ZCJ_A,0,train,core,rcsb-mmseqs2-30:8777_30
1ZDS_A,0,test,core,rcsb-mmseqs2-30:787_30
1ZGR_A,0,train,core,rcsb-mmseqs2-30:13983_30
1ZHV_A,0,train,core,rcsb-mmseqs2-30:177891_30
1ZLH_B,0,train,core,rcsb-mmseqs2-30:21640_30
1ZME_C,1,train,challenge,rcsb-mmseqs2-30:45950_30
1ZRF_A,1,train,core,rcsb-mmseqs2-30:2980_30
1ZS4_A,1,train,core,rcsb-mmseqs2-30:51884_30
1ZVO_C,0,train,challenge,rcsb-mmseqs2-30:4515_30
1ZZI_A,1,train,core,rcsb-mmseqs2-30:5978_30
23NX_A,0,test,core,rcsb-mmseqs2-30:14700_30
25HS_D,0,train,challenge,rcsb-mmseqs2-30:32908_30
2A33_A,0,train,core,rcsb-mmseqs2-30:7192_30
2A3V_B,1,train,core,rcsb-mmseqs2-30:42324_30
2A6O_A,1,val,core,rcsb-mmseqs2-30:19449_30
2A6Z_A,0,train,core,rcsb-mmseqs2-30:20544_30
2A8D_A,0,train,core,rcsb-mmseqs2-30:6031_30
2AD6_B,0,test,challenge,rcsb-mmseqs2-30:10846_30
2AHU_A,0,test,core,rcsb-mmseqs2-30:23485_30
2AOR_B,1,train,core,rcsb-mmseqs2-30:2314_30
2APJ_A,0,val,core,rcsb-mmseqs2-30:12243_30
2AYB_A,1,train,core,rcsb-mmseqs2-30:16856_30
2B5X_A,0,test,core,rcsb-mmseqs2-30:53523_30
2B7U_A,0,train,core,rcsb-mmseqs2-30:98148_30
2B99_A,0,train,core,rcsb-mmseqs2-30:20924_30
2BAM_B,1,train,core,rcsb-mmseqs2-30:24289_30
2BGH_A,0,val,core,rcsb-mmseqs2-30:4945_30
2BGW_A,1,train,core,rcsb-mmseqs2-30:21907_30
2BNG_A,0,train,core,rcsb-mmseqs2-30:35138_30
2BOL_A,0,train,core,rcsb-mmseqs2-30:17428_30
2BOP_A,1,test,core,rcsb-mmseqs2-30:45073_30
2BPA_1,1,test,core,rcsb-mmseqs2-30:18160_30
2BSQ_A,1,train,core,rcsb-mmseqs2-30:21067_30
2BSQ_E,1,train,challenge,rcsb-mmseqs2-30:43303_30
2BSY_A,0,test,core,rcsb-mmseqs2-30:33942_30
2BVW_A,0,train,core,rcsb-mmseqs2-30:3167_30
2BZF_A,1,train,core,rcsb-mmseqs2-30:4715_30
2BZV_A,0,train,core,rcsb-mmseqs2-30:52940_30
2C12_A,0,train,core,rcsb-mmseqs2-30:13689_30
2C5R_B,1,validation_reserve,core,rcsb-mmseqs2-30:55882_30
2C62_A,1,train,core,rcsb-mmseqs2-30:11286_30
2C9L_Y,1,train,challenge,rcsb-mmseqs2-30:53076_30
2CB9_A,0,train,core,rcsb-mmseqs2-30:4491_30
2CCZ_A,1,test,core,rcsb-mmseqs2-30:2432_30
2CN3_A,0,train,core,rcsb-mmseqs2-30:7433_30
2CWL_A,0,test,core,rcsb-mmseqs2-30:46169_30
2CX6_A,0,train,core,rcsb-mmseqs2-30:25601_30
2D1C_A,0,val,core,rcsb-mmseqs2-30:14251_30
2D5V_A,1,test,core,rcsb-mmseqs2-30:16157_30
2DDG_A,1,train,core,rcsb-mmseqs2-30:19567_30
2DGM_A,0,train,core,rcsb-mmseqs2-30:2755_30
2DNJ_A,1,validation_reserve,core,rcsb-mmseqs2-30:4307_30
2DPD_B,1,train,core,rcsb-mmseqs2-30:20146_30
2DRP_D,1,train,core,rcsb-mmseqs2-30:90589_30
2E1C_A,1,train,core,rcsb-mmseqs2-30:3620_30
2E52_A,1,train,core,rcsb-mmseqs2-30:25622_30
2EB4_A,0,val,core,rcsb-mmseqs2-30:4400_30
2EFV_A,0,test,core,rcsb-mmseqs2-30:100797_30
2EGJ_A,0,val,core,rcsb-mmseqs2-30:17548_30
2EGZ_A,0,val,core,rcsb-mmseqs2-30:40386_30
2EHP_A,0,train,core,rcsb-mmseqs2-30:59623_30
2ER8_A,1,train,challenge,rcsb-mmseqs2-30:41471_30
2ETW_A,1,test,core,rcsb-mmseqs2-30:14537_30
2EX5_A,1,test,core,rcsb-mmseqs2-30:98921_30
2EZV_B,1,train,core,rcsb-mmseqs2-30:68056_30
2F2C_A,0,train,core,rcsb-mmseqs2-30:4122_30
2F9Z_A,0,train,core,rcsb-mmseqs2-30:44499_30
2FCR_A,0,test,core,rcsb-mmseqs2-30:2469_30
2FHL_A,0,train,core,rcsb-mmseqs2-30:3779_30
2FIO_A,1,train,core,rcsb-mmseqs2-30:100282_30
2FKC_A,1,train,core,rcsb-mmseqs2-30:36564_30
2FO1_A,1,test,core,rcsb-mmseqs2-30:33989_30
2G5X_A,0,val,core,rcsb-mmseqs2-30:4312_30
2GAK_A,0,train,core,rcsb-mmseqs2-30:8016_30
2GB7_B,1,test,core,rcsb-mmseqs2-30:60082_30
2GJP_A,0,train,core,rcsb-mmseqs2-30:4214_30
2GRR_A,0,test,core,rcsb-mmseqs2-30:4682_30
2GS4_A,0,val,core,rcsb-mmseqs2-30:30490_30
2GV8_A,0,val,core,rcsb-mmseqs2-30:17113_30
2GXA_E,1,val,core,rcsb-mmseqs2-30:43081_30
2H27_A,1,test,core,rcsb-mmseqs2-30:10070_30
2H8C_B,1,train,core,rcsb-mmseqs2-30:17451_30
2H8G_A,0,val,core,rcsb-mmseqs2-30:13299_30
2H9Z_A,0,train,core,rcsb-mmseqs2-30:46852_30
2I0M_A,0,train,core,rcsb-mmseqs2-30:3114_30
2I0Q_A,1,train,core,rcsb-mmseqs2-30:10924_30
2IAA_A,0,test,core,rcsb-mmseqs2-30:7764_30
2IAP_A,0,train,core,rcsb-mmseqs2-30:6121_30
2IC8_A,0,test,core,rcsb-mmseqs2-30:1923_30
2IFC_A,0,train,core,rcsb-mmseqs2-30:1527_30
2IHN_A,1,validation_reserve,core,rcsb-mmseqs2-30:31566_30
2IHT_A,0,test,core,rcsb-mmseqs2-30:30537_30
2IIE_A,1,train,core,rcsb-mmseqs2-30:583_30
2III_A,0,test,core,rcsb-mmseqs2-30:2828_30
2IMW_P,1,train,core,rcsb-mmseqs2-30:1310_30
2INY_A,0,test,core,rcsb-mmseqs2-30:4776_30
2IX5_A,0,train,core,rcsb-mmseqs2-30:13682_30
2J9F_A,0,test,core,rcsb-mmseqs2-30:3352_30
2JHP_A,0,train,core,rcsb-mmseqs2-30:42934_30
2JIN_A,0,train,core,rcsb-mmseqs2-30:25592_30
2K2Q_B,0,train,core,rcsb-mmseqs2-30:13609_30
2KB3_A,0,train,core,rcsb-mmseqs2-30:9726_30
2KCW_A,0,train,core,rcsb-mmseqs2-30:11527_30
2KEL_A,0,train,core,rcsb-mmseqs2-30:183705_30
2KWB_A,0,train,core,rcsb-mmseqs2-30:549_30
2L4Q_A,0,train,core,rcsb-mmseqs2-30:3272_30
2L97_A,0,train,core,rcsb-mmseqs2-30:14155_30
2LBT_A,0,train,core,rcsb-mmseqs2-30:20670_30
2LEN_A,0,train,core,rcsb-mmseqs2-30:3492_30
2LGD_A,0,train,core,rcsb-mmseqs2-30:13533_30
2LLF_A,0,val,core,rcsb-mmseqs2-30:8673_30
2LLI_A,0,test,challenge,rcsb-mmseqs2-30:43141_30
2LNA_A,0,val,core,rcsb-mmseqs2-30:11644_30
2LOE_A,0,test,core,rcsb-mmseqs2-30:34478_30
2LON_A,0,train,core,rcsb-mmseqs2-30:18745_30
2LOR_A,0,test,core,rcsb-mmseqs2-30:35096_30
2LQO_A,0,train,core,rcsb-mmseqs2-30:30740_30
2LQT_A,0,train,core,rcsb-mmseqs2-30:18948_30
2LRJ_A,0,train,core,rcsb-mmseqs2-30:68459_30
2LRK_A,0,train,core,rcsb-mmseqs2-30:5308_30
2LS8_A,0,train,core,rcsb-mmseqs2-30:8609_30
2MCG_1,0,test,core,rcsb-mmseqs2-30:47_30
2MTZ_A,0,test,core,rcsb-mmseqs2-30:20726_30
2NNR_A,0,train,core,rcsb-mmseqs2-30:11926_30
2NP2_A,1,val,core,rcsb-mmseqs2-30:1288_30
2NP6_A,1,train,core,rcsb-mmseqs2-30:14802_30
2NRA_C,1,train,core,rcsb-mmseqs2-30:86336_30
2NT3_A,0,train,core,rcsb-mmseqs2-30:43242_30
2NXV_A,0,val,core,rcsb-mmseqs2-30:55026_30
2O2G_A,0,train,core,rcsb-mmseqs2-30:41020_30
2O59_A,1,train,core,rcsb-mmseqs2-30:5137_30
2O5F_A,0,train,core,rcsb-mmseqs2-30:51724_30
2O61_A,1,train,core,rcsb-mmseqs2-30:25907_30
2O7I_A,0,train,core,rcsb-mmseqs2-30:21659_30
2O8B_B,1,test,core,rcsb-mmseqs2-30:8150_30
2OAA_B,1,test,core,rcsb-mmseqs2-30:77498_30
2OFX_A,0,val,core,rcsb-mmseqs2-30:6518_30
2OPF_A,1,train,core,rcsb-mmseqs2-30:3701_30
2OSE_A,0,train,core,rcsb-mmseqs2-30:144318_30
2OST_A,1,test,core,rcsb-mmseqs2-30:160575_30
2OX1_A,0,val,core,rcsb-mmseqs2-30:20035_30
2P35_A,0,val,core,rcsb-mmseqs2-30:2288_30
2P9M_A,0,test,core,rcsb-mmseqs2-30:29345_30
2PFC_A,0,train,core,rcsb-mmseqs2-30:18617_30
2PFJ_B,1,train,core,rcsb-mmseqs2-30:37474_30
2PGN_A,0,test,core,rcsb-mmseqs2-30:40509_30
2POR_A,0,test,core,rcsb-mmseqs2-30:55596_30
2PP0_A,0,test,core,rcsb-mmseqs2-30:8077_30
2PRV_A,0,train,core,rcsb-mmseqs2-30:100618_30
2PT5_A,0,test,core,rcsb-mmseqs2-30:3248_30
2PY5_B,1,train,core,rcsb-mmseqs2-30:25544_30
2Q10_A,1,train,core,rcsb-mmseqs2-30:53961_30
2Q2K_A,1,test,core,rcsb-mmseqs2-30:265070_30
2Q5X_A,0,train,core,rcsb-mmseqs2-30:4445_30
2Q66_A,0,train,core,rcsb-mmseqs2-30:9816_30
2QEC_A,0,val,core,rcsb-mmseqs2-30:112316_30
2QHB_A,1,val,core,rcsb-mmseqs2-30:13049_30
2QIQ_A,0,train,core,rcsb-mmseqs2-30:9_30
2QJG_A,0,train,core,rcsb-mmseqs2-30:7114_30
2QKK_A,1,train,core,rcsb-mmseqs2-30:1111_30
2QMC_A,0,train,core,rcsb-mmseqs2-30:3510_30
2QNC_A,1,train,core,rcsb-mmseqs2-30:40420_30
2QND_A,0,train,core,rcsb-mmseqs2-30:6875_30
2QSI_A,0,train,core,rcsb-mmseqs2-30:244763_30
2QSK_A,0,val,core,rcsb-mmseqs2-30:47822_30
2QV6_A,0,train,core,rcsb-mmseqs2-30:15126_30
2R0Q_C,1,validation_reserve,challenge,rcsb-mmseqs2-30:3416_30
2R1B_A,0,train,core,rcsb-mmseqs2-30:19076_30
2R9L_A,1,validation_reserve,core,rcsb-mmseqs2-30:11278_30
2RB8_A,0,train,core,rcsb-mmseqs2-30:4338_30
2RBD_A,0,train,core,rcsb-mmseqs2-30:77939_30
2RK6_A,0,test,core,rcsb-mmseqs2-30:1378_30
2RLC_A,0,test,core,rcsb-mmseqs2-30:4734_30
2TEC_I,0,train,core,rcsb-mmseqs2-30:10928_30
2UWJ_G,0,test,core,rcsb-mmseqs2-30:31383_30
2UZK_A,1,val,core,rcsb-mmseqs2-30:6274_30
2V1U_A,1,train,core,rcsb-mmseqs2-30:6036_30
2V4C_A,0,train,core,rcsb-mmseqs2-30:6894_30
2V4J_C,0,train,core,rcsb-mmseqs2-30:6796_30
2V6E_A,1,val,core,rcsb-mmseqs2-30:260975_30
2V7Q_H,0,train,core,rcsb-mmseqs2-30:3046_30
2V8Q_E,0,test,core,rcsb-mmseqs2-30:3828_30
2VE9_F,1,train,core,rcsb-mmseqs2-30:6636_30
2VH3_A,0,train,core,rcsb-mmseqs2-30:61589_30
2VLA_A,1,train,core,rcsb-mmseqs2-30:49529_30
2VLB_A,0,test,core,rcsb-mmseqs2-30:20260_30
2VOS_A,0,train,core,rcsb-mmseqs2-30:39931_30
2VQE_Q,0,val,core,rcsb-mmseqs2-30:354_30
2VQE_R,0,val,core,rcsb-mmseqs2-30:244_30
2VR3_A,0,train,core,rcsb-mmseqs2-30:51095_30
2VS0_A,0,train,challenge,rcsb-mmseqs2-30:7792_30
2VTB_A,1,val,core,rcsb-mmseqs2-30:9440_30
2VVF_A,0,train,core,rcsb-mmseqs2-30:69461_30
2VW9_A,1,test,core,rcsb-mmseqs2-30:13777_30
2VY1_A,1,test,core,rcsb-mmseqs2-30:8074_30
2W35_A,1,test,core,rcsb-mmseqs2-30:4529_30
2W87_A,0,val,core,rcsb-mmseqs2-30:32851_30
2W8T_A,0,val,core,rcsb-mmseqs2-30:9966_30
2WGV_A,0,train,core,rcsb-mmseqs2-30:906_30
2WIW_B,1,validation_reserve,core,rcsb-mmseqs2-30:8295_30
2WJN_C,0,test,core,rcsb-mmseqs2-30:2968_30
2WL5_A,0,train,core,rcsb-mmseqs2-30:235_30
2WPV_A,0,train,core,rcsb-mmseqs2-30:22474_30
2WTF_B,1,train,core,rcsb-mmseqs2-30:16957_30
2WTU_B,1,train,core,rcsb-mmseqs2-30:207_30
2WTZ_A,0,train,core,rcsb-mmseqs2-30:1909_30
2X2S_A,0,train,core,rcsb-mmseqs2-30:49450_30
2X4I_A,0,train,core,rcsb-mmseqs2-30:68269_30
2XHI_A,1,train,core,rcsb-mmseqs2-30:2419_30
2XHY_A,0,test,core,rcsb-mmseqs2-30:3750_30
2XMX_A,0,train,core,rcsb-mmseqs2-30:33478_30
2XOK_G,0,test,core,rcsb-mmseqs2-30:1031_30
2XOL_A,0,train,core,rcsb-mmseqs2-30:39246_30
2XRO_B,1,test,core,rcsb-mmseqs2-30:36923_30
2Y88_A,0,train,core,rcsb-mmseqs2-30:183_30
2Y8N_B,0,train,core,rcsb-mmseqs2-30:29972_30
2YDS_A,0,test,core,rcsb-mmseqs2-30:8403_30
2YEV_B,0,train,core,rcsb-mmseqs2-30:57660_30
2YFK_A,0,train,core,rcsb-mmseqs2-30:42673_30
2YJG_A,0,train,core,rcsb-mmseqs2-30:16116_30
2YMA_A,0,train,core,rcsb-mmseqs2-30:35237_30
2YOJ_A,0,train,core,rcsb-mmseqs2-30:903_30
2YPA_A,1,test,challenge,rcsb-mmseqs2-30:25469_30
2YPB_B,1,train,challenge,rcsb-mmseqs2-30:6303_30
2YY6_A,0,train,core,rcsb-mmseqs2-30:5810_30
2YZC_A,0,test,core,rcsb-mmseqs2-30:1334_30
2Z25_A,0,test,core,rcsb-mmseqs2-30:778_30
2Z3X_A,1,test,core,rcsb-mmseqs2-30:7560_30
2Z58_B,0,train,core,rcsb-mmseqs2-30:1041_30
2Z70_A,1,train,core,rcsb-mmseqs2-30:25503_30
2ZCA_A,0,train,core,rcsb-mmseqs2-30:67855_30
2ZHG_A,1,train,core,rcsb-mmseqs2-30:17791_30
2ZKD_A,1,val,core,rcsb-mmseqs2-30:2403_30
2ZOP_A,0,train,core,rcsb-mmseqs2-30:86371_30
2ZU0_A,0,train,core,rcsb-mmseqs2-30:22623_30
2ZZ3_A,0,train,core,rcsb-mmseqs2-30:1505_30
31OX_2,0,train,core,rcsb-mmseqs2-30:10734_30
3A06_A,0,test,core,rcsb-mmseqs2-30:261_30
3A1K_A,0,train,core,rcsb-mmseqs2-30:12503_30
3A46_A,1,train,core,rcsb-mmseqs2-30:35410_30
3A5U_A,1,test,core,rcsb-mmseqs2-30:10156_30
3A8G_A,0,train,core,rcsb-mmseqs2-30:2749_30
3A8U_X,0,train,core,rcsb-mmseqs2-30:2422_30
3AAF_A,1,validation_reserve,core,rcsb-mmseqs2-30:3635_30
3ACP_A,0,test,core,rcsb-mmseqs2-30:30061_30
3AFF_A,0,test,core,rcsb-mmseqs2-30:13148_30
3AGK_A,0,val,core,rcsb-mmseqs2-30:1359_30
3AHY_A,0,val,core,rcsb-mmseqs2-30:503_30
3AJ4_A,0,val,core,rcsb-mmseqs2-30:22868_30
3APA_A,0,val,core,rcsb-mmseqs2-30:18107_30
3AU6_A,1,train,core,rcsb-mmseqs2-30:25212_30
3AUK_A,0,train,core,rcsb-mmseqs2-30:3590_30
3AXD_A,0,train,core,rcsb-mmseqs2-30:25320_30
3AXX_A,0,val,core,rcsb-mmseqs2-30:10661_30
3AYQ_A,0,train,core,rcsb-mmseqs2-30:11720_30
3B5N_C,0,train,challenge,rcsb-mmseqs2-30:13207_30
3B7A_A,0,val,core,rcsb-mmseqs2-30:8231_30
3BBB_B,1,val,core,rcsb-mmseqs2-30:855_30
3BDZ_A,0,test,core,rcsb-mmseqs2-30:11668_30
3BEP_A,1,val,core,rcsb-mmseqs2-30:1438_30
3BMX_A,0,train,core,rcsb-mmseqs2-30:27397_30
3BS1_A,1,test,core,rcsb-mmseqs2-30:9576_30
3BSU_G,1,train,core,rcsb-mmseqs2-30:1111_30
3C0F_B,0,train,core,rcsb-mmseqs2-30:96058_30
3C1M_A,0,train,core,rcsb-mmseqs2-30:4912_30
3C25_A,1,train,core,rcsb-mmseqs2-30:78226_30
3C75_H,0,val,core,rcsb-mmseqs2-30:4667_30
3CAW_A,0,test,core,rcsb-mmseqs2-30:96228_30
3CHJ_A,0,test,core,rcsb-mmseqs2-30:54480_30
3CKY_A,0,train,core,rcsb-mmseqs2-30:5080_30
3CLC_B,1,test_reserve,core,rcsb-mmseqs2-30:7716_30
3CNL_A,0,train,core,rcsb-mmseqs2-30:51626_30
3COQ_A,1,train,challenge,rcsb-mmseqs2-30:25183_30
3CRO_L,1,val,core,rcsb-mmseqs2-30:8384_30
3CS5_A,0,test,challenge,rcsb-mmseqs2-30:29817_30
3CUE_C,0,train,core,rcsb-mmseqs2-30:4406_30
3CVU_A,1,train,core,rcsb-mmseqs2-30:2016_30
3CX5_C,0,val,core,rcsb-mmseqs2-30:17_30
3CXB_A,0,val,core,rcsb-mmseqs2-30:57584_30
3D0N_A,0,train,core,rcsb-mmseqs2-30:1219_30
3D0W_A,0,train,core,rcsb-mmseqs2-30:64459_30
3D1R_A,0,train,core,rcsb-mmseqs2-30:3182_30
3D2W_A,1,test_reserve,core,rcsb-mmseqs2-30:8943_30
3D54_B,0,test,core,rcsb-mmseqs2-30:52877_30
3D6N_B,0,train,core,rcsb-mmseqs2-30:122_30
3D6Y_A,1,test_reserve,core,rcsb-mmseqs2-30:12100_30
3DPG_A,1,train,core,rcsb-mmseqs2-30:16895_30
3DR3_A,0,train,core,rcsb-mmseqs2-30:2973_30
3DSC_A,1,train,core,rcsb-mmseqs2-30:8226_30
3DSO_A,0,train,core,rcsb-mmseqs2-30:26272_30
3DV9_A,0,train,core,rcsb-mmseqs2-30:15488_30
3E00_D,1,train,core,rcsb-mmseqs2-30:255_30
3E2E_A,1,val,core,rcsb-mmseqs2-30:10820_30
3E3U_A,0,val,core,rcsb-mmseqs2-30:2887_30
3E54_A,1,validation_reserve,core,rcsb-mmseqs2-30:95917_30
3E6C_C,1,val,core,rcsb-mmseqs2-30:26182_30
3E8M_A,0,train,core,rcsb-mmseqs2-30:2225_30
3EA6_A,0,train,core,rcsb-mmseqs2-30:22314_30
3EMH_A,0,train,core,rcsb-mmseqs2-30:807_30
3EWD_A,0,train,core,rcsb-mmseqs2-30:2119_30
3EY1_A,1,val,core,rcsb-mmseqs2-30:2247_30
3EYI_B,1,train,core,rcsb-mmseqs2-30:19590_30
3EZM_A,0,train,core,rcsb-mmseqs2-30:7508_30
3F1J_A,0,train,core,rcsb-mmseqs2-30:29802_30
3F1L_A,0,train,core,rcsb-mmseqs2-30:12867_30
3F21_A,1,train,core,rcsb-mmseqs2-30:13033_30
3F4L_A,0,train,core,rcsb-mmseqs2-30:7329_30
3FC3_A,1,train,core,rcsb-mmseqs2-30:73207_30
3FD2_A,1,val,core,rcsb-mmseqs2-30:31788_30
3FDQ_A,1,train,core,rcsb-mmseqs2-30:31336_30
3FIR_A,0,test,core,rcsb-mmseqs2-30:25771_30
3FMT_A,1,train,core,rcsb-mmseqs2-30:5339_30
3G5J_A,0,train,core,rcsb-mmseqs2-30:93669_30
3G7G_A,0,train,core,rcsb-mmseqs2-30:24518_30
3GD6_A,0,test,core,rcsb-mmseqs2-30:30164_30
3GE3_E,0,val,core,rcsb-mmseqs2-30:8033_30
3GFI_A,1,train,core,rcsb-mmseqs2-30:20514_30
3GHJ_A,0,test,core,rcsb-mmseqs2-30:140683_30
3GLF_E,1,train,core,rcsb-mmseqs2-30:5084_30
3GLF_G,1,train,core,rcsb-mmseqs2-30:4602_30
3GNA_A,1,train,core,rcsb-mmseqs2-30:88530_30
3GPL_A,1,test,core,rcsb-mmseqs2-30:44367_30
3GQC_B,1,train,core,rcsb-mmseqs2-30:7865_30
3GWB_A,0,train,core,rcsb-mmseqs2-30:69091_30
3GX4_X,1,train,core,rcsb-mmseqs2-30:8810_30
3GXQ_B,1,train,core,rcsb-mmseqs2-30:116944_30
3GY1_A,0,train,core,rcsb-mmseqs2-30:2600_30
3GZ6_A,1,train,core,rcsb-mmseqs2-30:21639_30
3H15_A,1,train,core,rcsb-mmseqs2-30:18237_30
3H25_A,1,train,core,rcsb-mmseqs2-30:53944_30
3H36_A,0,train,core,rcsb-mmseqs2-30:219059_30
3H3J_A,0,train,core,rcsb-mmseqs2-30:320_30
3H5Q_A,0,train,core,rcsb-mmseqs2-30:1357_30
3H6Q_A,0,test,core,rcsb-mmseqs2-30:48900_30
3H8O_A,1,test,core,rcsb-mmseqs2-30:8292_30
3H9C_A,0,test,core,rcsb-mmseqs2-30:316_30
3HC7_A,0,train,core,rcsb-mmseqs2-30:213085_30
3HM9_A,1,test,core,rcsb-mmseqs2-30:9382_30
3HQ2_A,0,train,core,rcsb-mmseqs2-30:9051_30
3HQF_A,1,train,core,rcsb-mmseqs2-30:53333_30
3HQG_A,1,train,core,rcsb-mmseqs2-30:53333_30
3HXQ_A,1,train,core,rcsb-mmseqs2-30:4962_30
3I0X_A,1,val,core,rcsb-mmseqs2-30:33136_30
3IGM_B,1,train,challenge,rcsb-mmseqs2-30:208884_30
3ING_A,0,train,core,rcsb-mmseqs2-30:58094_30
3IP4_C,0,train,core,rcsb-mmseqs2-30:2683_30
3ISL_A,0,train,core,rcsb-mmseqs2-30:2500_30
3IV5_B,1,train,core,rcsb-mmseqs2-30:1218_30
3J6B_3,0,train,core,rcsb-mmseqs2-30:10360_30
3JB0_B,0,train,core,rcsb-mmseqs2-30:13641_30
3JBX_A,1,test_reserve,core,rcsb-mmseqs2-30:13268_30
3JSC_A,0,test,core,rcsb-mmseqs2-30:8624_30
3JSP_A,1,train,core,rcsb-mmseqs2-30:309_30
3JX7_A,1,test,core,rcsb-mmseqs2-30:7820_30
3JXB_C,1,validation_reserve,core,rcsb-mmseqs2-30:31362_30
3K3K_A,0,train,core,rcsb-mmseqs2-30:2051_30
3K5M_A,1,test,core,rcsb-mmseqs2-30:15619_30
3K7T_A,0,test,core,rcsb-mmseqs2-30:16729_30
3K8G_A,0,train,core,rcsb-mmseqs2-30:39174_30
3K8N_A,0,train,core,rcsb-mmseqs2-30:7080_30
3K8P_D,0,train,challenge,rcsb-mmseqs2-30:50685_30
3KBB_A,0,val,core,rcsb-mmseqs2-30:10497_30
3KC2_A,0,train,core,rcsb-mmseqs2-30:32910_30
3KDE_C,1,test,core,rcsb-mmseqs2-30:33610_30
3KFF_A,0,train,core,rcsb-mmseqs2-30:3038_30
3KH5_A,0,train,core,rcsb-mmseqs2-30:25358_30
3KHC_B,1,train,core,rcsb-mmseqs2-30:5120_30
3KK3_B,1,val,core,rcsb-mmseqs2-30:41_30
3KNT_A,1,validation_reserve,core,rcsb-mmseqs2-30:7369_30
3KQL_A,1,val,core,rcsb-mmseqs2-30:1019_30
3L1P_A,1,test,core,rcsb-mmseqs2-30:7838_30
3L2P_A,1,train,core,rcsb-mmseqs2-30:9199_30
3LDY_A,1,train,core,rcsb-mmseqs2-30:95392_30
3LSP_A,1,train,core,rcsb-mmseqs2-30:5119_30
3LWH_A,1,test_reserve,core,rcsb-mmseqs2-30:7556_30
3LX4_A,0,test,core,rcsb-mmseqs2-30:18200_30
3M12_A,0,test,core,rcsb-mmseqs2-30:2609_30
3M4A_A,1,test,core,rcsb-mmseqs2-30:54614_30
3M7O_A,0,test,core,rcsb-mmseqs2-30:20874_30
3MCX_A,0,train,core,rcsb-mmseqs2-30:55863_30
3ME7_A,0,train,core,rcsb-mmseqs2-30:87311_30
3MFK_A,1,train,core,rcsb-mmseqs2-30:4287_30
3MKW_B,1,train,core,rcsb-mmseqs2-30:32527_30
3MLP_A,1,test,challenge,rcsb-mmseqs2-30:7730_30
3MR1_A,0,train,core,rcsb-mmseqs2-30:1936_30
3MSU_A,0,train,core,rcsb-mmseqs2-30:1527_30
3MX4_A,1,train,core,rcsb-mmseqs2-30:50235_30
3MZH_A,1,train,core,rcsb-mmseqs2-30:11419_30
3N1I_A,1,train,core,rcsb-mmseqs2-30:14165_30
3N20_A,0,val,core,rcsb-mmseqs2-30:5659_30
3N2B_A,0,train,core,rcsb-mmseqs2-30:2720_30
3N6S_A,1,train,core,rcsb-mmseqs2-30:15172_30
3NDH_A,1,train,core,rcsb-mmseqs2-30:145517_30
3NE2_A,0,train,core,rcsb-mmseqs2-30:9782_30
3NGO_A,1,train,core,rcsb-mmseqs2-30:6386_30
3NJC_A,0,train,core,rcsb-mmseqs2-30:79677_30
3NK6_A,0,train,core,rcsb-mmseqs2-30:35252_30
3NM8_A,0,test,core,rcsb-mmseqs2-30:3191_30
3NYT_A,0,train,core,rcsb-mmseqs2-30:19095_30
3O9X_A,1,train,core,rcsb-mmseqs2-30:25703_30
3OA6_A,1,validation_reserve,core,rcsb-mmseqs2-30:20261_30
3OBI_A,0,val,core,rcsb-mmseqs2-30:5844_30
3ODC_B,1,train,core,rcsb-mmseqs2-30:1302_30
3OGD_A,1,test_reserve,core,rcsb-mmseqs2-30:11835_30
3ON0_A,1,val,core,rcsb-mmseqs2-30:12744_30
3ORC_A,1,test_reserve,core,rcsb-mmseqs2-30:15544_30
3OY9_A,1,train,core,rcsb-mmseqs2-30:3945_30
3OYY_A,0,train,core,rcsb-mmseqs2-30:223_30
3PIH_A,1,test,core,rcsb-mmseqs2-30:1610_30
3PL1_A,0,train,core,rcsb-mmseqs2-30:8797_30
3PO3_S,1,train,challenge,rcsb-mmseqs2-30:8308_30
3POV_A,1,test,core,rcsb-mmseqs2-30:40599_30
3Q05_A,1,validation_reserve,core,rcsb-mmseqs2-30:679_30
3Q8K_A,1,validation_reserve,core,rcsb-mmseqs2-30:1004_30
3QAP_A,0,train,core,rcsb-mmseqs2-30:4026_30
3QBE_A,0,train,core,rcsb-mmseqs2-30:4015_30
3QD5_A,0,val,core,rcsb-mmseqs2-30:11223_30
3QJL_A,0,test,core,rcsb-mmseqs2-30:17934_30
3QLI_A,0,train,core,rcsb-mmseqs2-30:17716_30
3QLP_H,1,val,core,rcsb-mmseqs2-30:50_30
3QMX_A,0,train,core,rcsb-mmseqs2-30:14715_30
3QTG_A,0,train,core,rcsb-mmseqs2-30:1631_30
3QVS_A,0,train,core,rcsb-mmseqs2-30:34295_30
3R0N_A,0,train,core,rcsb-mmseqs2-30:14714_30
3R18_A,0,test,core,rcsb-mmseqs2-30:5424_30
3R3J_A,0,val,core,rcsb-mmseqs2-30:2224_30
3RA4_A,1,test,core,rcsb-mmseqs2-30:1350_30
3RBU_A,0,train,core,rcsb-mmseqs2-30:1805_30
3RFY_A,0,train,core,rcsb-mmseqs2-30:19556_30
3RHY_A,0,train,core,rcsb-mmseqs2-30:29034_30
3RMJ_A,0,train,core,rcsb-mmseqs2-30:132_30
3RMP_A,1,test,core,rcsb-mmseqs2-30:12449_30
3RNU_B,1,train,core,rcsb-mmseqs2-30:6130_30
3ROA_A,0,val,core,rcsb-mmseqs2-30:1114_30
3RT4_A,0,train,core,rcsb-mmseqs2-30:2958_30
3RX6_A,0,test,core,rcsb-mmseqs2-30:20927_30
3S2S_A,0,train,core,rcsb-mmseqs2-30:18064_30
3SBT_B,0,train,core,rcsb-mmseqs2-30:416_30
3SM4_C,1,test,core,rcsb-mmseqs2-30:29883_30
3SMH_A,0,train,core,rcsb-mmseqs2-30:21874_30
3SO6_A,0,train,core,rcsb-mmseqs2-30:22099_30
3SPD_A,1,train,core,rcsb-mmseqs2-30:20789_30
3SQI_A,1,train,core,rcsb-mmseqs2-30:53129_30
3SQR_A,0,train,core,rcsb-mmseqs2-30:5030_30
3SS3_A,0,train,core,rcsb-mmseqs2-30:3170_30
3SX6_A,0,train,core,rcsb-mmseqs2-30:10884_30
3T5A_A,0,test,core,rcsb-mmseqs2-30:4212_30
3T5V_A,0,train,core,rcsb-mmseqs2-30:13851_30
3T60_C,0,train,core,rcsb-mmseqs2-30:328_30
3T63_M,0,val,core,rcsb-mmseqs2-30:3600_30
3T6B_A,0,train,core,rcsb-mmseqs2-30:6556_30
3TAY_A,0,test,core,rcsb-mmseqs2-30:2719_30
3TDO_A,0,test,core,rcsb-mmseqs2-30:15290_30
3TEE_A,0,train,challenge,rcsb-mmseqs2-30:24046_30
3TGU_B,0,val,core,rcsb-mmseqs2-30:976_30
3TH0_A,0,test,core,rcsb-mmseqs2-30:6960_30
3TH1_A,0,train,core,rcsb-mmseqs2-30:4694_30
3TNX_A,0,train,core,rcsb-mmseqs2-30:610_30
3TRT_A,0,val,challenge,rcsb-mmseqs2-30:15075_30
3TT1_A,0,val,core,rcsb-mmseqs2-30:3413_30
3TU4_K,1,train,core,rcsb-mmseqs2-30:17108_30
3TUR_A,0,train,core,rcsb-mmseqs2-30:2723_30
3U2G_A,0,test,core,rcsb-mmseqs2-30:39346_30
3U3W_A,1,val,core,rcsb-mmseqs2-30:65708_30
3U43_A,0,train,core,rcsb-mmseqs2-30:4377_30
3U58_A,1,train,core,rcsb-mmseqs2-30:18396_30
3U5Z_B,1,train,core,rcsb-mmseqs2-30:30352_30
3U6W_A,0,train,core,rcsb-mmseqs2-30:4439_30
3U9G_A,0,train,core,rcsb-mmseqs2-30:14072_30
3UBT_Y,1,train,core,rcsb-mmseqs2-30:23127_30
3UDG_B,1,train,core,rcsb-mmseqs2-30:3878_30
3UF2_A,0,val,core,rcsb-mmseqs2-30:14885_30
3UGJ_A,0,train,core,rcsb-mmseqs2-30:2117_30
3UGM_A,1,validation_reserve,core,rcsb-mmseqs2-30:19686_30
3UH0_A,0,train,core,rcsb-mmseqs2-30:17591_30
3UJ9_A,0,test,core,rcsb-mmseqs2-30:10527_30
3ULP_C,1,val,core,rcsb-mmseqs2-30:94831_30
3ULR_B,0,val,core,rcsb-mmseqs2-30:19445_30
3UMF_A,0,train,core,rcsb-mmseqs2-30:4190_30
3UV1_A,0,train,core,rcsb-mmseqs2-30:9269_30
3UVF_A,1,test,core,rcsb-mmseqs2-30:22794_30
3UW2_A,0,train,core,rcsb-mmseqs2-30:8099_30
3UW8_A,0,val,core,rcsb-mmseqs2-30:347_30
3UX2_A,0,train,core,rcsb-mmseqs2-30:17561_30
3V1Z_A,1,test,core,rcsb-mmseqs2-30:35804_30
3V48_A,0,val,core,rcsb-mmseqs2-30:3325_30
3V4R_B,1,train,core,rcsb-mmseqs2-30:420_30
3V53_A,0,train,core,rcsb-mmseqs2-30:27271_30
3V9X_B,1,val,core,rcsb-mmseqs2-30:2215_30
3VAG_B,1,train,core,rcsb-mmseqs2-30:5879_30
3VBA_A,0,train,core,rcsb-mmseqs2-30:3103_30
3VDJ_A,0,train,core,rcsb-mmseqs2-30:21516_30
3VE0_I,0,train,core,rcsb-mmseqs2-30:1715_30
3VEB_B,1,train,challenge,rcsb-mmseqs2-30:2764_30
3VF0_B,0,train,core,rcsb-mmseqs2-30:14819_30
3VGB_A,0,val,core,rcsb-mmseqs2-30:7639_30
3VH0_A,1,train,core,rcsb-mmseqs2-30:20481_30
3VHX_B,0,train,core,rcsb-mmseqs2-30:10814_30
3VKE_A,1,test,core,rcsb-mmseqs2-30:6767_30
3VKF_A,0,test,core,rcsb-mmseqs2-30:4105_30
3VM6_A,0,train,core,rcsb-mmseqs2-30:7968_30
3VO1_A,0,train,core,rcsb-mmseqs2-30:2559_30
3VOK_A,1,train,core,rcsb-mmseqs2-30:55448_30
3VQJ_A,0,test,core,rcsb-mmseqs2-30:17146_30
3VR8_A,0,test,core,rcsb-mmseqs2-30:1985_30
3VRC_A,0,train,core,rcsb-mmseqs2-30:25446_30
3VW4_A,1,test,challenge,rcsb-mmseqs2-30:169530_30
3VYG_B,0,test,core,rcsb-mmseqs2-30:27930_30
3W42_A,0,train,core,rcsb-mmseqs2-30:27211_30
3W54_A,0,val,core,rcsb-mmseqs2-30:10769_30
3W6V_A,1,train,core,rcsb-mmseqs2-30:157730_30
3W6X_A,0,train,core,rcsb-mmseqs2-30:32963_30
3WAZ_B,1,validation_reserve,core,rcsb-mmseqs2-30:31455_30
3WGI_A,1,test,core,rcsb-mmseqs2-30:1091_30
3WI7_A,0,train,core,rcsb-mmseqs2-30:2670_30
3WPC_A,1,train,core,rcsb-mmseqs2-30:2064_30
3WQL_A,0,train,core,rcsb-mmseqs2-30:19267_30
3X1L_A,1,train,core,rcsb-mmseqs2-30:23245_30
3X1L_B,1,train,core,rcsb-mmseqs2-30:25064_30
3X1L_D,1,train,core,rcsb-mmseqs2-30:17046_30
3X1L_H,1,train,core,rcsb-mmseqs2-30:48681_30
3ZH2_C,1,train,core,rcsb-mmseqs2-30:619_30
3ZHM_A,1,val,core,rcsb-mmseqs2-30:40019_30
3ZI5_A,1,train,core,rcsb-mmseqs2-30:77910_30
3ZPL_E,1,train,core,rcsb-mmseqs2-30:24340_30
3ZQL_A,1,train,core,rcsb-mmseqs2-30:16561_30
3ZSC_A,0,train,core,rcsb-mmseqs2-30:59567_30
3ZUI_A,0,val,core,rcsb-mmseqs2-30:21673_30
3ZVM_A,1,validation_reserve,core,rcsb-mmseqs2-30:7870_30
3ZVS_A,0,train,core,rcsb-mmseqs2-30:17384_30
3ZWT_A,0,val,core,rcsb-mmseqs2-30:365_30
3ZXB_A,0,val,core,rcsb-mmseqs2-30:63132_30
3ZYQ_A,0,train,core,rcsb-mmseqs2-30:16133_30
3ZZO_A,0,train,core,rcsb-mmseqs2-30:39899_30
4A15_A,1,train,core,rcsb-mmseqs2-30:42904_30
4A25_A,0,train,core,rcsb-mmseqs2-30:12393_30
4A2A_A,0,train,core,rcsb-mmseqs2-30:54529_30
4A2N_B,0,train,core,rcsb-mmseqs2-30:101315_30
4A53_A,0,val,core,rcsb-mmseqs2-30:58888_30
4A5V_A,0,val,core,rcsb-mmseqs2-30:49639_30
4A6D_A,0,train,core,rcsb-mmseqs2-30:18335_30
4A75_A,1,train,core,rcsb-mmseqs2-30:20975_30
4A7K_A,0,test,core,rcsb-mmseqs2-30:48848_30
4A8J_B,0,train,core,rcsb-mmseqs2-30:22810_30
4A8J_C,0,train,core,rcsb-mmseqs2-30:28527_30
4A8Y_C,1,train,core,rcsb-mmseqs2-30:8087_30
4A9A_A,0,val,core,rcsb-mmseqs2-30:10346_30
4A9W_A,0,train,core,rcsb-mmseqs2-30:30053_30
4AE2_A,0,train,core,rcsb-mmseqs2-30:20718_30
4AFI_A,0,val,core,rcsb-mmseqs2-30:117613_30
4AIE_A,0,train,core,rcsb-mmseqs2-30:14620_30
4AIJ_B,1,train,core,rcsb-mmseqs2-30:3804_30
4AKK_A,0,train,core,rcsb-mmseqs2-30:61525_30
4ALX_A,0,train,core,rcsb-mmseqs2-30:1176_30
4AN6_A,0,val,core,rcsb-mmseqs2-30:3086_30
4AOW_A,0,train,core,rcsb-mmseqs2-30:5959_30
4AQ1_A,0,train,core,rcsb-mmseqs2-30:93727_30
4ARZ_B,0,train,core,rcsb-mmseqs2-30:4264_30
4AWL_A,1,train,challenge,rcsb-mmseqs2-30:30121_30
4B21_A,1,test,core,rcsb-mmseqs2-30:16814_30
4BGF_A,0,train,core,rcsb-mmseqs2-30:14347_30
4BOF_A,0,val,core,rcsb-mmseqs2-30:1279_30
4BPS_A,0,train,core,rcsb-mmseqs2-30:36095_30
4BXO_B,1,train,core,rcsb-mmseqs2-30:19943_30
4C30_I,1,train,core,rcsb-mmseqs2-30:3185_30
4CFT_A,0,test,core,rcsb-mmseqs2-30:88_30
4CLC_C,0,train,core,rcsb-mmseqs2-30:3029_30
4CSA_C,1,test,core,rcsb-mmseqs2-30:14103_30
4D1Q_G,1,validation_reserve,core,rcsb-mmseqs2-30:19067_30
4D8K_A,0,test,core,rcsb-mmseqs2-30:434_30
4D97_A,0,val,core,rcsb-mmseqs2-30:1506_30
4D9I_A,0,train,core,rcsb-mmseqs2-30:12429_30
4DAV_A,1,train,core,rcsb-mmseqs2-30:596_30
4DBD_A,0,test,core,rcsb-mmseqs2-30:22575_30
4DBL_C,0,train,core,rcsb-mmseqs2-30:4010_30
4DCN_C,0,train,challenge,rcsb-mmseqs2-30:14211_30
4DG9_A,0,train,core,rcsb-mmseqs2-30:61152_30
4DGF_A,0,val,core,rcsb-mmseqs2-30:51817_30
4DIQ_A,0,train,core,rcsb-mmseqs2-30:8557_30
4DIX_A,0,train,core,rcsb-mmseqs2-30:7164_30
4DJB_A,0,train,core,rcsb-mmseqs2-30:201374_30
4DJT_A,0,train,core,rcsb-mmseqs2-30:5661_30
4DKJ_A,1,val,core,rcsb-mmseqs2-30:36390_30
4DM0_A,1,train,core,rcsb-mmseqs2-30:28140_30
4DO7_A,0,train,core,rcsb-mmseqs2-30:26546_30
4DPP_A,0,train,core,rcsb-mmseqs2-30:211_30
4DT4_A,0,test,core,rcsb-mmseqs2-30:11230_30
4DW0_A,0,train,core,rcsb-mmseqs2-30:13926_30
4DX1_A,0,train,core,rcsb-mmseqs2-30:1115_30
4DYL_A,0,test,challenge,rcsb-mmseqs2-30:5671_30
4E0I_A,0,train,core,rcsb-mmseqs2-30:8009_30
4E1J_A,0,train,core,rcsb-mmseqs2-30:245_30
4E1Y_A,0,train,core,rcsb-mmseqs2-30:41057_30
4E4T_A,0,test,core,rcsb-mmseqs2-30:308_30
4E51_A,0,train,core,rcsb-mmseqs2-30:272_30
4E54_B,1,train,core,rcsb-mmseqs2-30:9168_30
4ECW_A,1,test,core,rcsb-mmseqs2-30:767_30
4EDF_A,0,test,core,rcsb-mmseqs2-30:3013_30
4EEE_A,0,test,core,rcsb-mmseqs2-30:85219_30
4EEI_A,0,test,core,rcsb-mmseqs2-30:5050_30
4EFA_E,0,train,challenge,rcsb-mmseqs2-30:984_30
4EFI_A,0,test,core,rcsb-mmseqs2-30:48351_30
4EFO_A,0,train,core,rcsb-mmseqs2-30:5823_30
4EFZ_A,0,test,core,rcsb-mmseqs2-30:18111_30
4EIV_A,0,train,core,rcsb-mmseqs2-30:66263_30
4EIY_A,0,train,core,rcsb-mmseqs2-30:100_30
4EJ7_A,0,train,core,rcsb-mmseqs2-30:13344_30
4EJO_A,0,test,core,rcsb-mmseqs2-30:174547_30
4EMK_B,0,train,core,rcsb-mmseqs2-30:5446_30
4EMO_A,0,train,core,rcsb-mmseqs2-30:203688_30
4EN6_B,0,val,core,rcsb-mmseqs2-30:8419_30
4EOD_A,0,train,core,rcsb-mmseqs2-30:5982_30
4EOZ_C,0,train,core,rcsb-mmseqs2-30:2203_30
4EPA_A,0,train,core,rcsb-mmseqs2-30:38515_30
4ER8_A,1,val,core,rcsb-mmseqs2-30:41155_30
4ERR_A,0,val,challenge,rcsb-mmseqs2-30:40782_30
4ESE_A,0,train,core,rcsb-mmseqs2-30:1075_30
4ETP_B,0,test,core,rcsb-mmseqs2-30:37573_30
4ETY_A,0,train,core,rcsb-mmseqs2-30:14756_30
4EVF_A,0,train,core,rcsb-mmseqs2-30:20180_30
4EVV_A,1,test,core,rcsb-mmseqs2-30:6848_30
4EY0_A,0,train,core,rcsb-mmseqs2-30:4082_30
4EYB_A,0,train,core,rcsb-mmseqs2-30:278_30
4F0H_A,0,train,core,rcsb-mmseqs2-30:124_30
4F0V_A,0,train,core,rcsb-mmseqs2-30:13892_30
4F43_A,1,train,core,rcsb-mmseqs2-30:24167_30
4F52_E,0,test,challenge,rcsb-mmseqs2-30:25144_30
4F86_A,0,train,core,rcsb-mmseqs2-30:18505_30
4F8C_A,0,val,core,rcsb-mmseqs2-30:16557_30
4FBH_A,0,train,core,rcsb-mmseqs2-30:23348_30
4FD5_A,0,train,core,rcsb-mmseqs2-30:11442_30
4FFX_A,0,train,core,rcsb-mmseqs2-30:4631_30
4FHR_A,0,test,core,rcsb-mmseqs2-30:16142_30
4FM2_A,1,train,core,rcsb-mmseqs2-30:2406_30
4FNV_A,0,val,core,rcsb-mmseqs2-30:27120_30
4FO1_A,0,train,core,rcsb-mmseqs2-30:13595_30
4FPV_B,1,train,core,rcsb-mmseqs2-30:5059_30
4FTH_A,1,val,core,rcsb-mmseqs2-30:94409_30
4FZY_A,1,train,core,rcsb-mmseqs2-30:22104_30
4G0R_A,1,train,core,rcsb-mmseqs2-30:3930_30
4G9P_A,0,test,core,rcsb-mmseqs2-30:321_30
4GAM_D,0,train,core,rcsb-mmseqs2-30:11037_30
4GCL_B,1,train,core,rcsb-mmseqs2-30:1829_30
4GDF_A,1,train,core,rcsb-mmseqs2-30:4098_30
4GLE_A,1,train,core,rcsb-mmseqs2-30:9132_30
4GLX_A,1,train,core,rcsb-mmseqs2-30:118_30
4GNX_C,1,test,core,rcsb-mmseqs2-30:5360_30
4H10_B,1,validation_reserve,challenge,rcsb-mmseqs2-30:9388_30
4H5Q_B,1,val,core,rcsb-mmseqs2-30:9060_30
4H63_K,0,test,challenge,rcsb-mmseqs2-30:41686_30
4H8K_A,1,train,core,rcsb-mmseqs2-30:26502_30
4HC7_A,1,validation_reserve,challenge,rcsb-mmseqs2-30:11356_30
4HE7_A,0,train,core,rcsb-mmseqs2-30:16835_30
4HF1_A,1,test,core,rcsb-mmseqs2-30:2664_30
4HLY_B,1,test,core,rcsb-mmseqs2-30:94963_30
4HP1_C,1,val,core,rcsb-mmseqs2-30:13598_30
4HQB_A,1,train,core,rcsb-mmseqs2-30:42780_30
4HQE_B,1,validation_reserve,core,rcsb-mmseqs2-30:68033_30
4HQU_A,1,train,core,rcsb-mmseqs2-30:11592_30
4I1A_B,0,train,core,rcsb-mmseqs2-30:12161_30
4I2O_A,1,train,core,rcsb-mmseqs2-30:74856_30
4IHS_B,1,train,core,rcsb-mmseqs2-30:4944_30
4IJ5_A,0,train,core,rcsb-mmseqs2-30:32610_30
4IR1_F,1,train,core,rcsb-mmseqs2-30:1996_30
4J00_A,1,test,core,rcsb-mmseqs2-30:13859_30
4J1J_C,1,train,core,rcsb-mmseqs2-30:17604_30
4JHL_A,0,train,core,rcsb-mmseqs2-30:19465_30
4JQD_E,1,train,core,rcsb-mmseqs2-30:29550_30
4JS4_A,1,train,core,rcsb-mmseqs2-30:10143_30
4JZU_A,0,val,core,rcsb-mmseqs2-30:31445_30
4K1G_A,1,train,core,rcsb-mmseqs2-30:1521_30
4K2B_A,0,train,core,rcsb-mmseqs2-30:23298_30
4K82_A,0,train,core,rcsb-mmseqs2-30:59701_30
4KHN_B,1,test,core,rcsb-mmseqs2-30:1681_30
4KIA_A,0,train,core,rcsb-mmseqs2-30:46362_30
4KIS_A,1,test,core,rcsb-mmseqs2-30:42319_30
4KNY_B,1,validation_reserve,core,rcsb-mmseqs2-30:3974_30
4KW5_A,0,train,core,rcsb-mmseqs2-30:5778_30
4KYW_A,1,train,core,rcsb-mmseqs2-30:42628_30
4L0Z_A,1,test,core,rcsb-mmseqs2-30:5037_30
4L62_A,1,validation_reserve,core,rcsb-mmseqs2-30:18768_30
4L80_A,0,val,core,rcsb-mmseqs2-30:7236_30
4LB5_B,1,validation_reserve,core,rcsb-mmseqs2-30:32695_30
4LHE_A,0,test,core,rcsb-mmseqs2-30:15437_30
4LJR_A,1,test_reserve,core,rcsb-mmseqs2-30:28166_30
4LLH_A,0,train,core,rcsb-mmseqs2-30:4053_30
4LLN_J,1,validation_reserve,core,rcsb-mmseqs2-30:14972_30
4LMG_B,1,val,core,rcsb-mmseqs2-30:93616_30
4LOX_A,1,train,core,rcsb-mmseqs2-30:3317_30
4LVL_A,1,test,core,rcsb-mmseqs2-30:30860_30
4M8B_R,1,validation_reserve,core,rcsb-mmseqs2-30:101243_30
4MDE_A,1,test,core,rcsb-mmseqs2-30:5291_30
4MGU_A,1,val,core,rcsb-mmseqs2-30:165106_30
4MIK_A,0,train,core,rcsb-mmseqs2-30:2192_30
4MTD_D,1,test,core,rcsb-mmseqs2-30:19517_30
4MW0_A,0,train,core,rcsb-mmseqs2-30:3261_30
4N0O_C,1,train,core,rcsb-mmseqs2-30:96239_30
4N65_A,0,val,core,rcsb-mmseqs2-30:2059_30
4NDH_A,1,test,core,rcsb-mmseqs2-30:8512_30
4NFW_A,0,train,core,rcsb-mmseqs2-30:8766_30
4NI7_A,1,train,core,rcsb-mmseqs2-30:4898_30
4NQA_I,1,train,core,rcsb-mmseqs2-30:3469_30
4NV0_A,0,test,core,rcsb-mmseqs2-30:5053_30
4O3M_A,1,train,core,rcsb-mmseqs2-30:7348_30
4O7O_A,0,test,core,rcsb-mmseqs2-30:8454_30
4OBU_A,0,test,core,rcsb-mmseqs2-30:2842_30
4OI7_B,1,train,challenge,rcsb-mmseqs2-30:6629_30
4OJV_A,0,train,core,rcsb-mmseqs2-30:60332_30
4ON0_A,1,train,core,rcsb-mmseqs2-30:8333_30
4OQ8_A,0,train,core,rcsb-mmseqs2-30:13052_30
4OU6_A,1,validation_reserve,core,rcsb-mmseqs2-30:3961_30
4P0Q_A,1,train,core,rcsb-mmseqs2-30:9117_30
4P0Q_B,1,train,core,rcsb-mmseqs2-30:8648_30
4P9U_E,1,test,core,rcsb-mmseqs2-30:2175_30
4PAR_A,1,val,core,rcsb-mmseqs2-30:37312_30
4PE8_A,1,train,core,rcsb-mmseqs2-30:2992_30
4POG_A,1,train,core,rcsb-mmseqs2-30:30346_30
4PSO_I,1,validation_reserve,core,rcsb-mmseqs2-30:79417_30
4PU3_D,1,test,core,rcsb-mmseqs2-30:38759_30
4PXI_B,1,train,core,rcsb-mmseqs2-30:19923_30
4PY5_A,1,train,core,rcsb-mmseqs2-30:16446_30
4QHF_A,0,train,core,rcsb-mmseqs2-30:32503_30
4QQZ_G,1,train,core,rcsb-mmseqs2-30:43285_30
4QTT_A,0,train,core,rcsb-mmseqs2-30:1975_30
4R28_C,1,test,core,rcsb-mmseqs2-30:69837_30
4R8A_A,1,train,core,rcsb-mmseqs2-30:35590_30
4R8P_L,1,train,core,rcsb-mmseqs2-30:1192_30
4RB3_C,1,val,core,rcsb-mmseqs2-30:3837_30
4RD4_A,0,train,core,rcsb-mmseqs2-30:1047_30
4RDM_A,1,train,core,rcsb-mmseqs2-30:42760_30
4RE5_A,0,train,core,rcsb-mmseqs2-30:14400_30
4RKH_D,1,train,core,rcsb-mmseqs2-30:48350_30
4RQ2_A,1,train,core,rcsb-mmseqs2-30:312_30
4RTL_A,1,val,core,rcsb-mmseqs2-30:6346_30
4S0N_D,1,train,core,rcsb-mmseqs2-30:9427_30
4TN5_A,0,val,core,rcsb-mmseqs2-30:19074_30
4TYN_A,1,train,core,rcsb-mmseqs2-30:13132_30
4U7B_A,1,train,core,rcsb-mmseqs2-30:21685_30
4UDQ_A,0,train,core,rcsb-mmseqs2-30:43334_30
4UNC_D,1,train,core,rcsb-mmseqs2-30:9492_30
4UX5_A,1,train,core,rcsb-mmseqs2-30:28719_30
4UZB_A,1,test,core,rcsb-mmseqs2-30:26028_30
4V81_H,0,test,core,rcsb-mmseqs2-30:1477_30
4V9F_Z,0,train,core,rcsb-mmseqs2-30:3788_30
4WCG_A,1,train,core,rcsb-mmseqs2-30:93809_30
4WFA_B,0,test,core,rcsb-mmseqs2-30:153_30
4WNB_B,0,val,core,rcsb-mmseqs2-30:50665_30
4WPY_A,0,train,core,rcsb-mmseqs2-30:24052_30
4WU4_A,1,validation_reserve,core,rcsb-mmseqs2-30:1652_30
4WVM_A,0,train,challenge,rcsb-mmseqs2-30:22095_30
4WWC_B,1,train,core,rcsb-mmseqs2-30:9131_30
4WWU_C,0,test,core,rcsb-mmseqs2-30:21573_30
4WZ7_6,0,train,core,rcsb-mmseqs2-30:15793_30
4WZW_A,1,train,core,rcsb-mmseqs2-30:28066_30
4X17_A,0,train,core,rcsb-mmseqs2-30:2185_30
4X28_C,0,test,core,rcsb-mmseqs2-30:37750_30
4XB6_A,0,train,core,rcsb-mmseqs2-30:20138_30
4XHR_M,0,train,core,rcsb-mmseqs2-30:9033_30
4XNH_C,0,train,core,rcsb-mmseqs2-30:26555_30
4XR0_A,1,train,core,rcsb-mmseqs2-30:3772_30
4XVM_A,1,validation_reserve,core,rcsb-mmseqs2-30:2313_30
4YAM_A,0,train,core,rcsb-mmseqs2-30:64619_30
4YG1_A,1,validation_reserve,core,rcsb-mmseqs2-30:13893_30
4YIG_A,1,train,core,rcsb-mmseqs2-30:5275_30
4YO2_A,1,val,core,rcsb-mmseqs2-30:28090_30
4YSX_D,0,train,core,rcsb-mmseqs2-30:3129_30
4YXQ_A,0,train,core,rcsb-mmseqs2-30:22727_30
4Z8W_A,0,val,core,rcsb-mmseqs2-30:84129_30
4ZBN_B,1,train,core,rcsb-mmseqs2-30:2058_30
4ZCF_B,1,test,core,rcsb-mmseqs2-30:36227_30
4ZCF_C,1,test,core,rcsb-mmseqs2-30:70056_30
4ZM0_B,1,train,core,rcsb-mmseqs2-30:12095_30
4ZSF_A,1,val,core,rcsb-mmseqs2-30:255177_30
4ZV0_B,0,train,core,rcsb-mmseqs2-30:50476_30
5A0M_B,1,train,core,rcsb-mmseqs2-30:17880_30
5A39_B,1,validation_reserve,core,rcsb-mmseqs2-30:16883_30
5A72_B,1,test,core,rcsb-mmseqs2-30:4209_30
5AF7_A,0,train,core,rcsb-mmseqs2-30:4520_30
5AYC_A,0,test,core,rcsb-mmseqs2-30:26429_30
5AYE_A,0,test,core,rcsb-mmseqs2-30:20225_30
5B04_A,0,train,core,rcsb-mmseqs2-30:2320_30
5BOX_A,1,train,challenge,rcsb-mmseqs2-30:34639_30
5CG9_A,1,train,core,rcsb-mmseqs2-30:45731_30
5CHI_A,1,train,core,rcsb-mmseqs2-30:23981_30
5CQ9_A,0,val,core,rcsb-mmseqs2-30:42587_30
5CQQ_B,1,val,core,rcsb-mmseqs2-30:33272_30
5D2S_A,1,train,core,rcsb-mmseqs2-30:18310_30
5D4V_A,0,train,core,rcsb-mmseqs2-30:21525_30
5D8C_B,1,val,core,rcsb-mmseqs2-30:20560_30
5D8F_B,1,validation_reserve,core,rcsb-mmseqs2-30:14042_30
5DLO_A,1,test,core,rcsb-mmseqs2-30:4237_30
5DNY_B,1,val,core,rcsb-mmseqs2-30:33572_30
5DWA_A,1,train,core,rcsb-mmseqs2-30:48947_30
5DY0_A,1,train,core,rcsb-mmseqs2-30:30294_30
5EIX_B,1,test,core,rcsb-mmseqs2-30:386_30
5EN4_A,0,train,core,rcsb-mmseqs2-30:5901_30
5EYB_A,1,validation_reserve,core,rcsb-mmseqs2-30:98467_30
5F0Q_A,1,train,core,rcsb-mmseqs2-30:2483_30
5F7Q_E,1,test,core,rcsb-mmseqs2-30:10322_30
5FD3_A,1,test,core,rcsb-mmseqs2-30:28061_30
5FDK_D,1,val,core,rcsb-mmseqs2-30:1893_30
5FF8_A,1,train,core,rcsb-mmseqs2-30:8658_30
5FIG_A,0,val,core,rcsb-mmseqs2-30:13473_30
5FLV_M,1,test,core,rcsb-mmseqs2-30:53936_30
5FMP_A,1,train,core,rcsb-mmseqs2-30:15970_30
5G5T_A,1,train,core,rcsb-mmseqs2-30:47536_30
5GKE_A,1,test,core,rcsb-mmseqs2-30:8344_30
5GPC_A,1,test,core,rcsb-mmseqs2-30:28659_30
5GWK_A,1,val,core,rcsb-mmseqs2-30:4324_30
5GXF_A,0,train,core,rcsb-mmseqs2-30:11066_30
5GZY_A,0,train,core,rcsb-mmseqs2-30:35395_30
5H1Q_A,0,train,core,rcsb-mmseqs2-30:6088_30
5H3R_A,1,validation_reserve,core,rcsb-mmseqs2-30:16884_30
5H9E_J,1,test,core,rcsb-mmseqs2-30:27201_30
5H9F_B,1,val,core,rcsb-mmseqs2-30:28188_30
5H9F_K,1,val,core,rcsb-mmseqs2-30:23119_30
5HLG_B,1,train,core,rcsb-mmseqs2-30:48047_30
5HNK_A,1,train,core,rcsb-mmseqs2-30:25137_30
5HR4_C,1,val,core,rcsb-mmseqs2-30:90170_30
5HRF_A,1,train,core,rcsb-mmseqs2-30:7973_30
5HRT_A,1,test,core,rcsb-mmseqs2-30:576_30
5HSO_C,1,train,core,rcsb-mmseqs2-30:14704_30
5HX2_A,0,test,core,rcsb-mmseqs2-30:23251_30
5HY3_B,0,val,core,rcsb-mmseqs2-30:74588_30
5I44_B,1,train,core,rcsb-mmseqs2-30:13332_30
5IOX_A,0,val,core,rcsb-mmseqs2-30:6628_30
5IP3_B,1,train,core,rcsb-mmseqs2-30:47562_30
5ITT_A,1,train,core,rcsb-mmseqs2-30:7142_30
5J37_E,1,train,core,rcsb-mmseqs2-30:62630_30
5J3E_A,1,val,core,rcsb-mmseqs2-30:29408_30
5J5P_A,1,test,core,rcsb-mmseqs2-30:386_30
5JH0_D,1,train,core,rcsb-mmseqs2-30:44210_30
5JJV_B,1,train,core,rcsb-mmseqs2-30:52083_30
5JLT_A,1,train,core,rcsb-mmseqs2-30:43461_30
5JRE_D,1,val,core,rcsb-mmseqs2-30:32160_30
5JUB_A,1,test,core,rcsb-mmseqs2-30:39936_30
5K1Y_D,1,val,core,rcsb-mmseqs2-30:33288_30
5K7Z_A,1,test_reserve,core,rcsb-mmseqs2-30:50035_30
5KBJ_A,1,train,core,rcsb-mmseqs2-30:32151_30
5KUC_A,0,val,core,rcsb-mmseqs2-30:34654_30
5L2P_A,0,train,core,rcsb-mmseqs2-30:2903_30
5L2X_A,1,val,core,rcsb-mmseqs2-30:10582_30
5L9W_C,0,test,core,rcsb-mmseqs2-30:84007_30
5LEJ_B,1,train,core,rcsb-mmseqs2-30:6255_30
5LI7_A,0,train,core,rcsb-mmseqs2-30:405_30
5M58_A,0,train,core,rcsb-mmseqs2-30:54371_30
5MAW_E,0,train,core,rcsb-mmseqs2-30:19713_30
5MC6_i,0,train,challenge,rcsb-mmseqs2-30:29398_30
5MHK_D,1,train,core,rcsb-mmseqs2-30:100733_30
5MLD_A,0,train,core,rcsb-mmseqs2-30:2923_30
5MPF_B,1,train,core,rcsb-mmseqs2-30:9833_30
5N7Z_A,0,train,core,rcsb-mmseqs2-30:35111_30
5N8R_A,1,test,core,rcsb-mmseqs2-30:5640_30
5N9J_Y,0,test,core,rcsb-mmseqs2-30:53906_30
5NLL_A,0,val,core,rcsb-mmseqs2-30:2342_30
5NNU_A,1,val,core,rcsb-mmseqs2-30:2836_30
5NRG_S,0,train,core,rcsb-mmseqs2-30:437_30
5NWA_A,1,train,core,rcsb-mmseqs2-30:3544_30
5NX5_A,0,train,core,rcsb-mmseqs2-30:5808_30
5NX7_A,0,train,core,rcsb-mmseqs2-30:5808_30
5O63_B,1,train,core,rcsb-mmseqs2-30:169069_30
5O6U_D,1,test,core,rcsb-mmseqs2-30:65488_30
5O6U_F,1,test,core,rcsb-mmseqs2-30:65487_30
5ODL_A,1,train,core,rcsb-mmseqs2-30:59599_30
5ODU_A,0,train,core,rcsb-mmseqs2-30:4729_30
5OKD_J,0,test,challenge,rcsb-mmseqs2-30:1308_30
5ON8_A,0,test,core,rcsb-mmseqs2-30:4887_30
5OQO_B,1,test_reserve,challenge,rcsb-mmseqs2-30:13532_30
5OQP_A,1,train,core,rcsb-mmseqs2-30:25757_30
5P9V_A,0,test,core,rcsb-mmseqs2-30:2069_30
5T9J_B,1,test,core,rcsb-mmseqs2-30:41497_30
5TC1_A,0,val,core,rcsb-mmseqs2-30:5201_30
5TKZ_A,1,val,core,rcsb-mmseqs2-30:20193_30
5TRD_A,1,train,core,rcsb-mmseqs2-30:6458_30
5TVM_E,0,test,core,rcsb-mmseqs2-30:26505_30
5U0A_C,1,test,core,rcsb-mmseqs2-30:69656_30
5U1J_B,1,test,core,rcsb-mmseqs2-30:84444_30
5U97_A,0,train,core,rcsb-mmseqs2-30:4561_30
5UC6_A,1,val,core,rcsb-mmseqs2-30:10532_30
5UI5_V,1,train,core,rcsb-mmseqs2-30:31684_30
5UK7_B,1,train,core,rcsb-mmseqs2-30:768_30
5UX0_A,1,train,core,rcsb-mmseqs2-30:53542_30
5V9X_A,1,val,core,rcsb-mmseqs2-30:17077_30
5VFX_F,1,validation_reserve,core,rcsb-mmseqs2-30:93328_30
5VHV_A,1,train,core,rcsb-mmseqs2-30:69949_30
5VMX_A,1,validation_reserve,core,rcsb-mmseqs2-30:9183_30
5VPE_D,1,test,challenge,rcsb-mmseqs2-30:7234_30
5VVL_F,1,validation_reserve,core,rcsb-mmseqs2-30:8415_30
5W35_A,1,train,core,rcsb-mmseqs2-30:14152_30
5WJQ_D,1,validation_reserve,core,rcsb-mmseqs2-30:25_30
5WRU_A,0,test,core,rcsb-mmseqs2-30:57138_30
5WTI_Z,1,train,core,rcsb-mmseqs2-30:154571_30
5WX9_A,1,train,core,rcsb-mmseqs2-30:14532_30
5X11_E,1,train,core,rcsb-mmseqs2-30:27912_30
5X5L_E,1,train,core,rcsb-mmseqs2-30:24634_30
5X90_A,0,train,core,rcsb-mmseqs2-30:34673_30
5XB6_A,0,test,core,rcsb-mmseqs2-30:36235_30
5XFQ_A,1,test,core,rcsb-mmseqs2-30:11481_30
5XNB_C,0,val,core,rcsb-mmseqs2-30:36250_30
5XS0_F,1,validation_reserve,core,rcsb-mmseqs2-30:14024_30
5XVN_F,1,train,core,rcsb-mmseqs2-30:6307_30
5XX9_A,0,train,core,rcsb-mmseqs2-30:1465_30
5YBB_D,1,train,core,rcsb-mmseqs2-30:95800_30
5YCZ_A,0,train,core,rcsb-mmseqs2-30:66197_30
5YEJ_A,1,train,core,rcsb-mmseqs2-30:54416_30
5YI2_A,1,train,core,rcsb-mmseqs2-30:13863_30
5YWS_B,1,test,core,rcsb-mmseqs2-30:3393_30
5YX6_A,0,train,core,rcsb-mmseqs2-30:4182_30
5Z40_A,0,test,core,rcsb-mmseqs2-30:1166_30
5ZE0_N,1,train,challenge,rcsb-mmseqs2-30:7651_30
5ZG9_A,1,train,core,rcsb-mmseqs2-30:67045_30
5ZJR_B,1,train,core,rcsb-mmseqs2-30:13404_30
5ZKI_B,1,test,core,rcsb-mmseqs2-30:10261_30
5ZKM_A,1,val,core,rcsb-mmseqs2-30:18827_30
5ZKO_H,1,val,challenge,rcsb-mmseqs2-30:11381_30
5ZMD_G,1,validation_reserve,core,rcsb-mmseqs2-30:6334_30
5ZMN_A,1,train,core,rcsb-mmseqs2-30:56853_30
5ZR1_A,1,test,core,rcsb-mmseqs2-30:7882_30
5ZYU_A,1,val,core,rcsb-mmseqs2-30:16558_30
6A57_A,1,train,core,rcsb-mmseqs2-30:11426_30
6A5N_A,1,train,core,rcsb-mmseqs2-30:18903_30
6AMA_Y,1,val,core,rcsb-mmseqs2-30:94310_30
6ASB_I,1,train,core,rcsb-mmseqs2-30:4508_30
6B44_L,1,train,core,rcsb-mmseqs2-30:5379_30
6BEK_A,1,test,core,rcsb-mmseqs2-30:26307_30
6BFI_A,0,train,core,rcsb-mmseqs2-30:48556_30
6BKA_A,0,test,core,rcsb-mmseqs2-30:49700_30
6BS3_A,0,train,core,rcsb-mmseqs2-30:26122_30
6C2S_A,1,train,core,rcsb-mmseqs2-30:43768_30
6C31_A,1,test,core,rcsb-mmseqs2-30:11745_30
6C62_A,0,train,core,rcsb-mmseqs2-30:42287_30
6CAF_A,0,train,core,rcsb-mmseqs2-30:3932_30
6CES_M,0,train,core,rcsb-mmseqs2-30:12184_30
6CKM_A,0,val,core,rcsb-mmseqs2-30:20294_30
6COJ_B,0,train,core,rcsb-mmseqs2-30:23531_30
6CST_A,1,train,core,rcsb-mmseqs2-30:8900_30
6D8P_B,1,val,core,rcsb-mmseqs2-30:24042_30
6DBJ_B,1,test,core,rcsb-mmseqs2-30:3906_30
6DG0_A,1,val,core,rcsb-mmseqs2-30:20193_30
6DGD_B,1,train,core,rcsb-mmseqs2-30:5655_30
6DT1_A,1,val,core,rcsb-mmseqs2-30:80955_30
6DT7_B,1,test,core,rcsb-mmseqs2-30:61686_30
6DVC_F,1,test,challenge,rcsb-mmseqs2-30:13929_30
6DWV_A,0,train,core,rcsb-mmseqs2-30:28708_30
6E14_C,0,train,core,rcsb-mmseqs2-30:3691_30
6EMY_B,1,train,core,rcsb-mmseqs2-30:17626_30
6ERH_A,1,test,core,rcsb-mmseqs2-30:2994_30
6ET0_B,0,train,core,rcsb-mmseqs2-30:29738_30
6EU1_O,1,test,core,rcsb-mmseqs2-30:6015_30
6EZN_H,0,test,challenge,rcsb-mmseqs2-30:21255_30
6F2E_A,0,train,core,rcsb-mmseqs2-30:40368_30
6F2S_H,1,validation_reserve,core,rcsb-mmseqs2-30:44159_30
6FQB_E,0,val,core,rcsb-mmseqs2-30:15674_30
6FVJ_A,0,train,core,rcsb-mmseqs2-30:17362_30
6FWS_B,1,val,core,rcsb-mmseqs2-30:14815_30
6FZT_A,1,test_reserve,core,rcsb-mmseqs2-30:2327_30
6G1T_A,1,test,core,rcsb-mmseqs2-30:53902_30
6GDR_A,1,test,core,rcsb-mmseqs2-30:34428_30
6GED_A,1,train,core,rcsb-mmseqs2-30:51892_30
6GML_Z,1,test_reserve,core,rcsb-mmseqs2-30:2956_30
6GRH_1,0,train,core,rcsb-mmseqs2-30:37544_30
6GRH_C,0,train,core,rcsb-mmseqs2-30:43310_30
6GS2_B,0,test,core,rcsb-mmseqs2-30:20998_30
6H1W_A,0,test,core,rcsb-mmseqs2-30:84806_30
6H59_A,0,train,core,rcsb-mmseqs2-30:11330_30
6HB4_A,1,test,core,rcsb-mmseqs2-30:9598_30
6HC6_A,0,test,core,rcsb-mmseqs2-30:33914_30
6HCE_A,0,train,core,rcsb-mmseqs2-30:41315_30
6I5O_A,0,train,core,rcsb-mmseqs2-30:85984_30
6I8V_A,0,test,core,rcsb-mmseqs2-30:6300_30
6I9E_H,0,train,core,rcsb-mmseqs2-30:34119_30
6IAT_A,0,val,core,rcsb-mmseqs2-30:39205_30
6IDE_B,1,val,core,rcsb-mmseqs2-30:46107_30
6IFM_B,1,test_reserve,core,rcsb-mmseqs2-30:9502_30
6IIT_B,1,validation_reserve,core,rcsb-mmseqs2-30:21422_30
6IJ7_A,0,test,core,rcsb-mmseqs2-30:1025_30
6IMN_A,1,validation_reserve,core,rcsb-mmseqs2-30:42583_30
6IOD_A,1,test_reserve,core,rcsb-mmseqs2-30:5142_30
6IUC_A,1,train,core,rcsb-mmseqs2-30:4046_30
6IZH_A,0,train,core,rcsb-mmseqs2-30:2449_30
6J80_B,1,train,core,rcsb-mmseqs2-30:11345_30
6J9C_D,1,validation_reserve,core,rcsb-mmseqs2-30:83827_30
6JBX_A,1,train,core,rcsb-mmseqs2-30:93830_30
6JCX_F,1,train,challenge,rcsb-mmseqs2-30:11621_30
6JD2_A,0,test,core,rcsb-mmseqs2-30:233_30
6JDD_A,0,train,core,rcsb-mmseqs2-30:71172_30
6JE4_T,1,train,core,rcsb-mmseqs2-30:40015_30
6JG8_B,1,val,core,rcsb-mmseqs2-30:10013_30
6JJT_A,0,test,core,rcsb-mmseqs2-30:22607_30
6JNI_A,1,train,core,rcsb-mmseqs2-30:7006_30
6JTB_A,0,train,core,rcsb-mmseqs2-30:5548_30
6JUM_A,1,train,core,rcsb-mmseqs2-30:9346_30
6JWP_D,0,train,core,rcsb-mmseqs2-30:38087_30
6K2J_B,1,train,challenge,rcsb-mmseqs2-30:3360_30
6K8O_A,1,validation_reserve,core,rcsb-mmseqs2-30:19729_30
6KBS_B,1,train,core,rcsb-mmseqs2-30:14358_30
6KI3_B,1,train,core,rcsb-mmseqs2-30:56546_30
6KKM_E,0,val,core,rcsb-mmseqs2-30:21541_30
6KSF_A,1,validation_reserve,core,rcsb-mmseqs2-30:8173_30
6KVO_A,1,validation_reserve,core,rcsb-mmseqs2-30:28430_30
6L1L_A,0,train,core,rcsb-mmseqs2-30:1403_30
6L8E_A,1,train,core,rcsb-mmseqs2-30:8952_30
6LAR_B,0,val,core,rcsb-mmseqs2-30:23116_30
6LBR_B,1,train,core,rcsb-mmseqs2-30:85026_30
6LLZ_A,0,test,core,rcsb-mmseqs2-30:793_30
6LMJ_A,1,train,core,rcsb-mmseqs2-30:499_30
6LNB_A,1,val,core,rcsb-mmseqs2-30:18308_30
6LNB_H,1,val,core,rcsb-mmseqs2-30:17297_30
6LNB_I,1,val,core,rcsb-mmseqs2-30:12391_30
6LPV_A,0,train,core,rcsb-mmseqs2-30:3043_30
6LQF_A,1,train,core,rcsb-mmseqs2-30:13285_30
6LRD_A,1,train,core,rcsb-mmseqs2-30:32845_30
6LTY_A,1,train,core,rcsb-mmseqs2-30:21386_30
6LXN_A,1,train,core,rcsb-mmseqs2-30:1671_30
6M75_A,1,test,core,rcsb-mmseqs2-30:11006_30
6MRJ_B,1,train,core,rcsb-mmseqs2-30:1222_30
6N7I_C,1,train,core,rcsb-mmseqs2-30:12013_30
6NC9_A,0,train,core,rcsb-mmseqs2-30:27900_30
6NSM_A,1,train,core,rcsb-mmseqs2-30:17497_30
6O19_A,1,train,core,rcsb-mmseqs2-30:63156_30
6O71_A,1,test,core,rcsb-mmseqs2-30:23811_30
6OE7_A,1,train,core,rcsb-mmseqs2-30:13664_30
6OFD_A,0,train,core,rcsb-mmseqs2-30:2277_30
6OGJ_B,1,test,core,rcsb-mmseqs2-30:13944_30
6OHB_A,0,train,core,rcsb-mmseqs2-30:6511_30
6OJ0_A,0,train,core,rcsb-mmseqs2-30:127559_30
6OJ0_Z,0,train,core,rcsb-mmseqs2-30:127561_30
6ON0_B,1,val,core,rcsb-mmseqs2-30:83100_30
6OX6_B,0,train,core,rcsb-mmseqs2-30:100998_30
6P18_Q,1,test,core,rcsb-mmseqs2-30:29219_30
6P73_A,0,test,core,rcsb-mmseqs2-30:2292_30
6P7B_A,1,train,core,rcsb-mmseqs2-30:69688_30
6P7U_A,0,val,core,rcsb-mmseqs2-30:1454_30
6P8U_B,0,train,core,rcsb-mmseqs2-30:36424_30
6PAX_A,1,val,core,rcsb-mmseqs2-30:14889_30
6PBD_A,1,train,core,rcsb-mmseqs2-30:9906_30
6PBZ_A,0,val,core,rcsb-mmseqs2-30:2266_30
6PCM_B,1,train,core,rcsb-mmseqs2-30:10082_30
6PEM_0,0,train,core,rcsb-mmseqs2-30:6373_30
6PEM_7,0,train,challenge,rcsb-mmseqs2-30:8629_30
6PEU_A,0,test,core,rcsb-mmseqs2-30:50410_30
6PIJ_A,1,train,core,rcsb-mmseqs2-30:18309_30
6PNZ_A,0,train,core,rcsb-mmseqs2-30:122_30
6PPU_B,1,val,core,rcsb-mmseqs2-30:29566_30
6PR5_A,1,train,core,rcsb-mmseqs2-30:33267_30
6PT8_A,0,val,core,rcsb-mmseqs2-30:4614_30
6Q5U_R,0,test,core,rcsb-mmseqs2-30:34422_30
6Q6N_A,0,train,core,rcsb-mmseqs2-30:2497_30
6QEC_A,1,train,core,rcsb-mmseqs2-30:34493_30
6QEM_G,1,test,core,rcsb-mmseqs2-30:13385_30
6QFD_B,1,train,core,rcsb-mmseqs2-30:24327_30
6QJT_A,0,test,core,rcsb-mmseqs2-30:29330_30
6QL9_G,0,train,core,rcsb-mmseqs2-30:3530_30
6QP3_A,0,test,core,rcsb-mmseqs2-30:7480_30
6R2Q_B,0,test,core,rcsb-mmseqs2-30:76166_30
6R64_A,1,train,core,rcsb-mmseqs2-30:43136_30
6RAS_I,1,train,core,rcsb-mmseqs2-30:44085_30
6RID_S,1,train,core,rcsb-mmseqs2-30:11493_30
6RIE_O,1,train,core,rcsb-mmseqs2-30:16545_30
6RJ9_A,1,train,core,rcsb-mmseqs2-30:39676_30
6RO0_C,0,train,core,rcsb-mmseqs2-30:10389_30
6RQL_R,1,train,core,rcsb-mmseqs2-30:11279_30
6RRD_Q,1,validation_reserve,core,rcsb-mmseqs2-30:11229_30
6RWE_M,1,val,challenge,rcsb-mmseqs2-30:4575_30
6RWL_A,1,val,core,rcsb-mmseqs2-30:41_30
6RYZ_A,0,train,core,rcsb-mmseqs2-30:6832_30
6S16_B,1,train,core,rcsb-mmseqs2-30:1147_30
6S48_A,1,val,core,rcsb-mmseqs2-30:42474_30
6SA0_A,1,val,core,rcsb-mmseqs2-30:27334_30
6SD0_A,0,test,core,rcsb-mmseqs2-30:1036_30
6SER_A,0,test,core,rcsb-mmseqs2-30:15589_30
6T0B_J,0,train,challenge,rcsb-mmseqs2-30:12031_30
6T5X_A,0,train,core,rcsb-mmseqs2-30:622_30
6TED_U,1,val,core,rcsb-mmseqs2-30:3753_30
6TWK_A,0,test,core,rcsb-mmseqs2-30:32728_30
6U08_B,0,val,core,rcsb-mmseqs2-30:80216_30
6UEP_B,1,val,core,rcsb-mmseqs2-30:3075_30
6UG1_A,1,val,core,rcsb-mmseqs2-30:16901_30
6UH5_L,1,val,core,rcsb-mmseqs2-30:23755_30
6UH5_M,1,val,core,rcsb-mmseqs2-30:16913_30
6UH5_N,1,val,core,rcsb-mmseqs2-30:12176_30
6UKE_X,1,test,core,rcsb-mmseqs2-30:42505_30
6UT6_G,0,train,core,rcsb-mmseqs2-30:23816_30
6V7B_A,1,train,core,rcsb-mmseqs2-30:185664_30
6V7B_a,1,train,core,rcsb-mmseqs2-30:185657_30
6VDQ_A,0,val,core,rcsb-mmseqs2-30:42752_30
6VE7_H,0,train,challenge,rcsb-mmseqs2-30:48787_30
6VR2_A,0,train,core,rcsb-mmseqs2-30:9775_30
6VU7_A,0,train,core,rcsb-mmseqs2-30:20420_30
6VVX_M,1,train,core,rcsb-mmseqs2-30:2195_30
6VVY_J,1,train,challenge,rcsb-mmseqs2-30:4572_30
6W1F_A,1,test,core,rcsb-mmseqs2-30:16951_30
6W5E_A,0,train,core,rcsb-mmseqs2-30:906_30
6W7A_A,1,test,core,rcsb-mmseqs2-30:552_30
6WB9_1,0,train,core,rcsb-mmseqs2-30:24592_30
6WB9_2,0,train,core,rcsb-mmseqs2-30:22861_30
6WB9_5,0,train,challenge,rcsb-mmseqs2-30:20589_30
6WIG_A,1,train,core,rcsb-mmseqs2-30:30739_30
6WJ7_B,0,train,core,rcsb-mmseqs2-30:5390_30
6WKR_C,1,test,core,rcsb-mmseqs2-30:3181_30
6WMD_A,0,test,core,rcsb-mmseqs2-30:14478_30
6WMR_Z,1,train,core,rcsb-mmseqs2-30:1120_30
6WPA_A,1,train,core,rcsb-mmseqs2-30:19923_30
6WQ0_A,1,train,core,rcsb-mmseqs2-30:65633_30
6WUE_A,0,test,core,rcsb-mmseqs2-30:9138_30
6X67_C,1,validation_reserve,core,rcsb-mmseqs2-30:69481_30
6X9J_A,1,val,core,rcsb-mmseqs2-30:4743_30
6XB8_C,1,train,core,rcsb-mmseqs2-30:6893_30
6XGX_A,1,test,core,rcsb-mmseqs2-30:13056_30
6XL5_G,1,train,core,rcsb-mmseqs2-30:27665_30
6XT9_I,0,test,core,rcsb-mmseqs2-30:15336_30
6Y5E_K,1,validation_reserve,core,rcsb-mmseqs2-30:1145_30
6YCQ_A,1,validation_reserve,core,rcsb-mmseqs2-30:2345_30
6YJB_A,1,train,core,rcsb-mmseqs2-30:54053_30
6YL2_B,1,train,core,rcsb-mmseqs2-30:42825_30
6YPF_A,0,train,core,rcsb-mmseqs2-30:10119_30
6YRA_A,0,train,core,rcsb-mmseqs2-30:17134_30
6YSL_C,0,val,challenge,rcsb-mmseqs2-30:12708_30
6YUG_A,0,val,core,rcsb-mmseqs2-30:86549_30
6Z8D_A,0,val,core,rcsb-mmseqs2-30:40156_30
6ZA3_B,1,train,core,rcsb-mmseqs2-30:35336_30
6ZJ2_B,1,test,core,rcsb-mmseqs2-30:9146_30
6ZNP_A,1,train,core,rcsb-mmseqs2-30:18415_30
7AE5_a,0,test,core,rcsb-mmseqs2-30:41660_30
7AGJ_A,0,train,core,rcsb-mmseqs2-30:13076_30
7AMN_A,1,train,core,rcsb-mmseqs2-30:9215_30
7AMV_K,1,train,core,rcsb-mmseqs2-30:44209_30
7AMV_W,1,train,core,rcsb-mmseqs2-30:261790_30
7ANZ_B,0,train,core,rcsb-mmseqs2-30:37_30
7AOH_Y,1,test,core,rcsb-mmseqs2-30:34902_30
7AW7_D,1,train,challenge,rcsb-mmseqs2-30:53410_30
7B0C_A,1,train,core,rcsb-mmseqs2-30:2915_30
7B0X_D,0,val,core,rcsb-mmseqs2-30:3529_30
7BHQ_A,0,val,challenge,rcsb-mmseqs2-30:20393_30
7BHY_A,1,test,core,rcsb-mmseqs2-30:14398_30
7BIN_F,0,test,core,rcsb-mmseqs2-30:6631_30
7BIN_b,0,test,core,rcsb-mmseqs2-30:7418_30
7BJQ_A,1,train,core,rcsb-mmseqs2-30:19454_30
7BK8_A,0,train,core,rcsb-mmseqs2-30:51928_30
7BR8_S,0,train,core,rcsb-mmseqs2-30:8716_30
7BTX_B,0,train,core,rcsb-mmseqs2-30:22788_30
7BTX_C,0,train,core,rcsb-mmseqs2-30:27043_30
7BUG_A,0,train,core,rcsb-mmseqs2-30:6760_30
7BVV_A,0,train,core,rcsb-mmseqs2-30:17515_30
7BW6_A,0,test,core,rcsb-mmseqs2-30:8899_30
7BZG_A,1,test,core,rcsb-mmseqs2-30:9797_30
7C7L_A,1,test,core,rcsb-mmseqs2-30:46860_30
7C8Z_B,0,train,core,rcsb-mmseqs2-30:51729_30
7CE1_K,1,test,core,rcsb-mmseqs2-30:47070_30
7CQ4_A,1,test,core,rcsb-mmseqs2-30:9442_30
7CSI_A,0,train,core,rcsb-mmseqs2-30:9775_30
7CSY_B,1,train,core,rcsb-mmseqs2-30:19402_30
7CSZ_A,1,train,core,rcsb-mmseqs2-30:21795_30
7CUH_A,1,train,core,rcsb-mmseqs2-30:12747_30
7CVO_A,1,train,core,rcsb-mmseqs2-30:81345_30
7CY8_A,1,val,core,rcsb-mmseqs2-30:34074_30
7CZO_A,0,val,core,rcsb-mmseqs2-30:26269_30
7D8T_A,1,train,core,rcsb-mmseqs2-30:22960_30
7DBW_A,0,train,core,rcsb-mmseqs2-30:21405_30
7DCJ_B,1,train,core,rcsb-mmseqs2-30:8174_30
7DKP_A,0,val,core,rcsb-mmseqs2-30:14914_30
7DN2_a,0,train,core,rcsb-mmseqs2-30:92021_30
7DPE_A,1,train,core,rcsb-mmseqs2-30:17294_30
7DV2_A,1,val,core,rcsb-mmseqs2-30:74334_30
7DVV_B,1,train,core,rcsb-mmseqs2-30:31935_30
7DWR_A,1,test,core,rcsb-mmseqs2-30:58609_30
7EA8_L,1,train,core,rcsb-mmseqs2-30:4951_30
7ECW_I,1,train,core,rcsb-mmseqs2-30:43884_30
7EDB_A,1,val,core,rcsb-mmseqs2-30:78788_30
7EEB_G,0,train,core,rcsb-mmseqs2-30:26338_30
7EEB_H,0,train,core,rcsb-mmseqs2-30:29166_30
7EF9_A,1,train,core,rcsb-mmseqs2-30:15444_30
7EGH_A,1,train,core,rcsb-mmseqs2-30:2944_30
7EGH_B,1,train,core,rcsb-mmseqs2-30:4812_30
7EL3_A,1,test,core,rcsb-mmseqs2-30:17471_30
7ELN_E,1,train,core,rcsb-mmseqs2-30:3239_30
7EOF_B,1,train,core,rcsb-mmseqs2-30:17140_30
7ET4_D,1,test,core,rcsb-mmseqs2-30:10855_30
7F0K_A,0,val,challenge,rcsb-mmseqs2-30:13856_30
7F9F_A,0,val,core,rcsb-mmseqs2-30:33969_30
7FHJ_B,1,validation_reserve,core,rcsb-mmseqs2-30:2978_30
7JGS_A,1,train,core,rcsb-mmseqs2-30:21876_30
7JGS_D,1,train,core,rcsb-mmseqs2-30:6095_30
7JGS_G,1,train,core,rcsb-mmseqs2-30:28879_30
7JK2_C,1,train,core,rcsb-mmseqs2-30:6938_30
7JK3_E,1,train,core,rcsb-mmseqs2-30:6846_30
7JRJ_H,0,train,core,rcsb-mmseqs2-30:54493_30
7JTK_G,0,test,core,rcsb-mmseqs2-30:20649_30
7JTN_A,1,val,core,rcsb-mmseqs2-30:3733_30
7JU3_B,1,train,core,rcsb-mmseqs2-30:4983_30
7JVT_D,1,train,core,rcsb-mmseqs2-30:224613_30
7K30_A,1,train,core,rcsb-mmseqs2-30:39201_30
7K5D_A,1,val,core,rcsb-mmseqs2-30:7188_30
7K6Q_K,1,train,core,rcsb-mmseqs2-30:28758_30
7K9Y_A,1,train,core,rcsb-mmseqs2-30:11630_30
7KII_A,1,train,core,rcsb-mmseqs2-30:31146_30
7KIK_A,1,train,core,rcsb-mmseqs2-30:220471_30
7KIM_Z,1,train,core,rcsb-mmseqs2-30:30371_30
7KQM_A,1,test,core,rcsb-mmseqs2-30:18743_30
7KRA_F,0,train,core,rcsb-mmseqs2-30:23476_30
7KSP_A,1,val,core,rcsb-mmseqs2-30:10017_30
7KZN_G,0,train,core,rcsb-mmseqs2-30:1234_30
7L1K_B,0,train,core,rcsb-mmseqs2-30:73180_30
7L4C_A,1,test,core,rcsb-mmseqs2-30:12051_30
7L4X_B,1,train,core,rcsb-mmseqs2-30:4263_30
7LCE_A,0,val,core,rcsb-mmseqs2-30:22050_30
7LH9_B,1,train,core,rcsb-mmseqs2-30:407_30
7LHV_A,0,test,core,rcsb-mmseqs2-30:43209_30
7LMA_D,1,train,core,rcsb-mmseqs2-30:18396_30
7LMA_H,1,train,challenge,rcsb-mmseqs2-30:21767_30
7LV8_A,1,train,core,rcsb-mmseqs2-30:34262_30
7LV8_B,1,train,core,rcsb-mmseqs2-30:34262_30
7LVV_C,1,train,core,rcsb-mmseqs2-30:22509_30
7LW9_A,1,test_reserve,core,rcsb-mmseqs2-30:22552_30
7M5W_A,1,train,core,rcsb-mmseqs2-30:76549_30
7MG6_A,1,train,core,rcsb-mmseqs2-30:1143_30
7MI4_B,1,test,core,rcsb-mmseqs2-30:9194_30
7MK1_A,1,train,core,rcsb-mmseqs2-30:3702_30
7ML2_7,1,train,core,rcsb-mmseqs2-30:1485_30
7MSN_A,0,val,core,rcsb-mmseqs2-30:44388_30
7MTL_A,1,train,core,rcsb-mmseqs2-30:19809_30
7MXW_Z,1,validation_reserve,core,rcsb-mmseqs2-30:6822_30
7N3Y_A,1,val,core,rcsb-mmseqs2-30:41353_30
7N8S_A,1,train,core,rcsb-mmseqs2-30:3644_30
7NE6_A,1,train,core,rcsb-mmseqs2-30:22025_30
7NKY_O,1,train,core,rcsb-mmseqs2-30:6349_30
7NKY_Q,1,train,core,rcsb-mmseqs2-30:2354_30
7NS3_5,0,train,core,rcsb-mmseqs2-30:52413_30
7NVS_R,1,train,challenge,rcsb-mmseqs2-30:2132_30
7NYW_B,1,test,challenge,rcsb-mmseqs2-30:2156_30
7O0H_A,1,val,core,rcsb-mmseqs2-30:28724_30
7O3H_K,0,train,challenge,rcsb-mmseqs2-30:2388_30
7O4I_R,1,validation_reserve,challenge,rcsb-mmseqs2-30:5764_30
7O4I_W,1,validation_reserve,core,rcsb-mmseqs2-30:7834_30
7O4I_X,1,validation_reserve,core,rcsb-mmseqs2-30:6818_30
7O4Q_C,0,train,core,rcsb-mmseqs2-30:5596_30
7O71_2,0,train,core,rcsb-mmseqs2-30:14709_30
7O71_h,0,train,challenge,rcsb-mmseqs2-30:8367_30
7O72_Q,1,train,core,rcsb-mmseqs2-30:6084_30
7OA5_B,1,train,core,rcsb-mmseqs2-30:435_30
7OB9_M,1,val,challenge,rcsb-mmseqs2-30:17238_30
7OBN_A,1,train,core,rcsb-mmseqs2-30:43151_30
7ODF_A,1,train,core,rcsb-mmseqs2-30:12921_30
7OIY_A,0,train,core,rcsb-mmseqs2-30:95205_30
7OJG_A,0,train,challenge,rcsb-mmseqs2-30:19537_30
7OL9_B,1,train,core,rcsb-mmseqs2-30:5721_30
7OOK_A,0,train,core,rcsb-mmseqs2-30:18468_30
7OUE_A,1,train,core,rcsb-mmseqs2-30:10987_30
7OUF_E,1,train,core,rcsb-mmseqs2-30:11567_30
7OVB_D,0,train,challenge,rcsb-mmseqs2-30:69399_30
7OVB_E,0,train,core,rcsb-mmseqs2-30:54261_30
7P3F_A,1,val,core,rcsb-mmseqs2-30:525_30
7PDS_A,1,train,challenge,rcsb-mmseqs2-30:153135_30
7PIK_A,1,test_reserve,core,rcsb-mmseqs2-30:90599_30
7PRW_A,1,train,core,rcsb-mmseqs2-30:1701_30
7PZB_A,1,test,core,rcsb-mmseqs2-30:62023_30
7Q06_A,0,test,core,rcsb-mmseqs2-30:34292_30
7Q8A_B,1,train,core,rcsb-mmseqs2-30:7729_30
7QAZ_B,1,val,core,rcsb-mmseqs2-30:40016_30
7QD4_A,1,train,core,rcsb-mmseqs2-30:17017_30
7QEN_A,1,test,challenge,rcsb-mmseqs2-30:4708_30
7QF6_A,0,train,core,rcsb-mmseqs2-30:14705_30
7QG9_G,0,test,core,rcsb-mmseqs2-30:35390_30
7QG9_V,0,test,core,rcsb-mmseqs2-30:21925_30
7QH2_A,0,test,core,rcsb-mmseqs2-30:9736_30
7QOF_A,0,train,core,rcsb-mmseqs2-30:47358_30
7QOF_a,0,train,core,rcsb-mmseqs2-30:38982_30
7QOG_A,0,test,core,rcsb-mmseqs2-30:32944_30
7QOJ_D,0,test,core,rcsb-mmseqs2-30:28074_30
7QOL_P,0,train,challenge,rcsb-mmseqs2-30:60233_30
7QQD_B,1,train,core,rcsb-mmseqs2-30:5829_30
7QRU_F,0,val,challenge,rcsb-mmseqs2-30:9642_30
7QV9_a,1,train,core,rcsb-mmseqs2-30:2707_30
7QW5_A,1,validation_reserve,core,rcsb-mmseqs2-30:29439_30
7R5S_L,1,train,core,rcsb-mmseqs2-30:11268_30
7R5S_N,1,train,core,rcsb-mmseqs2-30:7210_30
7R5S_T,1,train,core,rcsb-mmseqs2-30:15785_30
7R5S_W,1,train,core,rcsb-mmseqs2-30:11408_30
7R6R_A,1,train,core,rcsb-mmseqs2-30:101316_30
7R8G_A,1,test,core,rcsb-mmseqs2-30:31550_30
7RGO_A,0,val,core,rcsb-mmseqs2-30:875_30
7RRO_e,0,train,core,rcsb-mmseqs2-30:5154_30
7RT0_A,0,train,core,rcsb-mmseqs2-30:91971_30
7S01_c,1,test,core,rcsb-mmseqs2-30:49741_30
7S68_A,1,train,core,rcsb-mmseqs2-30:1302_30
7S6H_D,1,train,core,rcsb-mmseqs2-30:1302_30
7S78_N,0,val,core,rcsb-mmseqs2-30:6921_30
7S9W_B,1,train,core,rcsb-mmseqs2-30:66954_30
7SBA_I,1,test,core,rcsb-mmseqs2-30:48111_30
7SCZ_K,1,train,core,rcsb-mmseqs2-30:1302_30
7SGL_D,1,val,core,rcsb-mmseqs2-30:11328_30
7SR6_B,1,test_reserve,core,rcsb-mmseqs2-30:2916_30
7ST9_E,1,val,core,rcsb-mmseqs2-30:2031_30
7SVU_X,1,validation_reserve,core,rcsb-mmseqs2-30:23647_30
7TAW_J,1,test,core,rcsb-mmseqs2-30:21123_30
7TFI_A,1,train,core,rcsb-mmseqs2-30:5547_30
7TJJ_I,1,train,core,rcsb-mmseqs2-30:19387_30
7TJK_F,1,train,challenge,rcsb-mmseqs2-30:10958_30
7TRD_A,1,train,core,rcsb-mmseqs2-30:6044_30
7U05_H,0,test,core,rcsb-mmseqs2-30:13709_30
7U05_K,0,test,core,rcsb-mmseqs2-30:3608_30
7U1T_A,1,train,core,rcsb-mmseqs2-30:18238_30
7UB2_E,1,validation_reserve,core,rcsb-mmseqs2-30:69839_30
7UBN_N,1,train,core,rcsb-mmseqs2-30:2089_30
7UBN_Q,1,train,core,rcsb-mmseqs2-30:19811_30
7UFI_1,1,train,core,rcsb-mmseqs2-30:55060_30
7UJL_A,1,train,core,rcsb-mmseqs2-30:30700_30
7UO2_A,0,train,core,rcsb-mmseqs2-30:579_30
7UOO_z,0,train,challenge,rcsb-mmseqs2-30:7237_30
7UV9_K,1,train,core,rcsb-mmseqs2-30:4508_30
7UVZ_S,0,train,core,rcsb-mmseqs2-30:210_30
7UXG_A,0,train,core,rcsb-mmseqs2-30:41266_30
7UY5_I,1,train,core,rcsb-mmseqs2-30:46727_30
7V6W_B,1,train,core,rcsb-mmseqs2-30:50851_30
7V6W_F,1,train,core,rcsb-mmseqs2-30:43771_30
7V9G_D,1,validation_reserve,challenge,rcsb-mmseqs2-30:21163_30
7VG8_A,1,test,core,rcsb-mmseqs2-30:35140_30
7VJM_A,1,test,core,rcsb-mmseqs2-30:45363_30
7VJQ_A,1,validation_reserve,core,rcsb-mmseqs2-30:20232_30
7VKU_A,0,train,core,rcsb-mmseqs2-30:24138_30
7VO0_G,1,train,core,rcsb-mmseqs2-30:4204_30
7VOR_X,0,train,challenge,rcsb-mmseqs2-30:12699_30
7VP2_A,1,train,core,rcsb-mmseqs2-30:34866_30
7VP3_C,1,train,core,rcsb-mmseqs2-30:58052_30
7VS4_A,1,train,core,rcsb-mmseqs2-30:11600_30
7VS4_C,1,train,core,rcsb-mmseqs2-30:91970_30
7VVU_T,1,train,core,rcsb-mmseqs2-30:14511_30
7W1K_A,0,test,core,rcsb-mmseqs2-30:1636_30
7W7U_A,0,train,core,rcsb-mmseqs2-30:1029_30
7WAZ_A,1,train,core,rcsb-mmseqs2-30:28332_30
7WMP_a,0,test,challenge,rcsb-mmseqs2-30:120409_30
7WQ5_A,1,train,core,rcsb-mmseqs2-30:150324_30
7WWV_A,1,train,core,rcsb-mmseqs2-30:19302_30
7WWV_B,1,train,core,rcsb-mmseqs2-30:19303_30
7X3V_U,1,test,core,rcsb-mmseqs2-30:40499_30
7X5E_E,1,test,challenge,rcsb-mmseqs2-30:13605_30
7X5M_B,1,validation_reserve,core,rcsb-mmseqs2-30:32059_30
7XCD_A,0,train,core,rcsb-mmseqs2-30:80810_30
7XCR_L,1,test_reserve,core,rcsb-mmseqs2-30:87_30
7XEY_B,0,test,core,rcsb-mmseqs2-30:15042_30
7XF1_A,1,val,core,rcsb-mmseqs2-30:21721_30
7XFZ_A,1,train,core,rcsb-mmseqs2-30:20851_30
7XJG_J,1,train,core,rcsb-mmseqs2-30:29019_30
7XM0_A,1,test,core,rcsb-mmseqs2-30:44427_30
7XML_C,0,train,core,rcsb-mmseqs2-30:241843_30
7XP3_A,1,val,core,rcsb-mmseqs2-30:51732_30
7XPX_K,1,val,core,rcsb-mmseqs2-30:7611_30
7XQ5_A,1,test,challenge,rcsb-mmseqs2-30:58423_30
7XQ5_B,1,test,challenge,rcsb-mmseqs2-30:46100_30
7XVM_U,1,test,core,rcsb-mmseqs2-30:24996_30
7XYA_G,1,train,core,rcsb-mmseqs2-30:63683_30
7Y18_C,0,test,core,rcsb-mmseqs2-30:46590_30
7Y43_A,1,train,core,rcsb-mmseqs2-30:6187_30
7Y7T_A,1,train,core,rcsb-mmseqs2-30:22706_30
7YDW_C,1,val,core,rcsb-mmseqs2-30:73030_30
7YEO_A,0,train,core,rcsb-mmseqs2-30:16427_30
7YHL_A,0,test,core,rcsb-mmseqs2-30:30942_30
7YHP_A,1,val,core,rcsb-mmseqs2-30:21881_30
7YKR_A,0,train,core,rcsb-mmseqs2-30:8509_30
7YMI_Z,0,test,core,rcsb-mmseqs2-30:734_30
7YOJ_A,1,train,core,rcsb-mmseqs2-30:92974_30
7YPO_A,1,train,core,rcsb-mmseqs2-30:67198_30
7YUL_A,1,train,core,rcsb-mmseqs2-30:37097_30
7YZB_A,1,train,core,rcsb-mmseqs2-30:17505_30
7YZO_A,1,train,core,rcsb-mmseqs2-30:15612_30
7YZO_C,1,train,core,rcsb-mmseqs2-30:22351_30
7Z0O_E,1,test,core,rcsb-mmseqs2-30:66166_30
7Z0S_C,0,train,core,rcsb-mmseqs2-30:30614_30
7Z0S_D,0,train,core,rcsb-mmseqs2-30:24257_30
7Z0S_G,0,train,core,rcsb-mmseqs2-30:21548_30
7Z0U_A,1,train,core,rcsb-mmseqs2-30:10666_30
7Z4W_1,0,train,core,rcsb-mmseqs2-30:49121_30
7Z5A_A,1,validation_reserve,core,rcsb-mmseqs2-30:18998_30
7Z5Z_A,1,train,core,rcsb-mmseqs2-30:16947_30
7ZES_A,1,train,core,rcsb-mmseqs2-30:4738_30
7ZG5_C,1,train,challenge,rcsb-mmseqs2-30:17836_30
7ZHJ_b,0,train,challenge,rcsb-mmseqs2-30:30214_30
7ZIE_B,1,val,core,rcsb-mmseqs2-30:76573_30
7ZQS_B,1,validation_reserve,core,rcsb-mmseqs2-30:5667_30
7ZS9_2,1,train,core,rcsb-mmseqs2-30:5610_30
7ZS9_5,1,train,core,rcsb-mmseqs2-30:4604_30
7ZS9_M,1,train,core,rcsb-mmseqs2-30:4961_30
8A0X_A,1,test,challenge,rcsb-mmseqs2-30:35538_30
8A0X_D,1,test,core,rcsb-mmseqs2-30:27514_30
8A3T_O,0,train,core,rcsb-mmseqs2-30:37296_30
8A3T_Q,0,train,core,rcsb-mmseqs2-30:45058_30
8A5P_G,1,train,challenge,rcsb-mmseqs2-30:10567_30
8A5P_U,1,train,core,rcsb-mmseqs2-30:21351_30
8A5Q_X,1,train,core,rcsb-mmseqs2-30:64438_30
8A8J_A,1,test,core,rcsb-mmseqs2-30:26935_30
8AAN_A,1,train,core,rcsb-mmseqs2-30:3104_30
8AAS_A,1,train,core,rcsb-mmseqs2-30:27757_30
8AAS_B,1,train,core,rcsb-mmseqs2-30:30233_30
8AGE_C,0,test,challenge,rcsb-mmseqs2-30:30648_30
8AGE_E,0,test,core,rcsb-mmseqs2-30:21176_30
8AMU_F,1,train,core,rcsb-mmseqs2-30:30915_30
8AP9_I,0,test,core,rcsb-mmseqs2-30:12751_30
8ATT_A,1,train,core,rcsb-mmseqs2-30:19571_30
8ATT_B,1,train,core,rcsb-mmseqs2-30:14521_30
8B1T_D,1,val,core,rcsb-mmseqs2-30:8135_30
8B3D_c,1,train,challenge,rcsb-mmseqs2-30:10354_30
8B4B_W,1,train,core,rcsb-mmseqs2-30:16774_30
8B4H_C,1,train,core,rcsb-mmseqs2-30:30004_30
8B64_X,0,train,challenge,rcsb-mmseqs2-30:70570_30
8BAR_A,1,train,core,rcsb-mmseqs2-30:54908_30
8BBG_C,0,train,challenge,rcsb-mmseqs2-30:5328_30
8BCP_A,0,train,core,rcsb-mmseqs2-30:41307_30
8BD4_C,1,val,core,rcsb-mmseqs2-30:14505_30
8BEE_V,0,train,core,rcsb-mmseqs2-30:11215_30
8BF9_G,0,train,core,rcsb-mmseqs2-30:9017_30
8BIP_A,0,train,core,rcsb-mmseqs2-30:4156_30
8BIP_B,0,train,core,rcsb-mmseqs2-30:49955_30
8BPX_a,0,test,challenge,rcsb-mmseqs2-30:11735_30
8BTG_B,1,test,core,rcsb-mmseqs2-30:645_30
8C26_A,0,val,core,rcsb-mmseqs2-30:54924_30
8C7U_D,1,val,core,rcsb-mmseqs2-30:1655_30
8C81_E,0,train,core,rcsb-mmseqs2-30:14729_30
8CEZ_A,0,train,core,rcsb-mmseqs2-30:71547_30
8CLI_A,1,test,core,rcsb-mmseqs2-30:22792_30
8CSH_D,1,train,core,rcsb-mmseqs2-30:233001_30
8CWW_P,1,test,core,rcsb-mmseqs2-30:54713_30
8D0B_F,1,test,core,rcsb-mmseqs2-30:2931_30
8D3L_E,1,test,core,rcsb-mmseqs2-30:10101_30
8D9J_D,1,train,core,rcsb-mmseqs2-30:1788_30
8DC2_A,1,train,core,rcsb-mmseqs2-30:33397_30
8DF9_B,1,val,core,rcsb-mmseqs2-30:18021_30
8DFS_M,0,train,core,rcsb-mmseqs2-30:44352_30
8DMB_P,1,test,core,rcsb-mmseqs2-30:139621_30
8DR0_D,1,val,core,rcsb-mmseqs2-30:1430_30
8DTP_A,1,train,core,rcsb-mmseqs2-30:26578_30
8DVF_H,1,train,core,rcsb-mmseqs2-30:41920_30
8DY7_H,1,train,core,rcsb-mmseqs2-30:11264_30
8DY9_B,1,test,core,rcsb-mmseqs2-30:26_30
8E2Q_B,1,train,core,rcsb-mmseqs2-30:8239_30
8E3S_A,0,train,core,rcsb-mmseqs2-30:21003_30
8E5D_A,1,val,core,rcsb-mmseqs2-30:17292_30
8EA4_O,1,val,core,rcsb-mmseqs2-30:15523_30
8EAS_f,0,train,core,rcsb-mmseqs2-30:6896_30
8EB5_A,1,validation_reserve,core,rcsb-mmseqs2-30:19067_30
8EBU_K,1,train,challenge,rcsb-mmseqs2-30:6686_30
8EFV_B,1,train,core,rcsb-mmseqs2-30:152_30
8EO4_F,1,train,core,rcsb-mmseqs2-30:4341_30
8EOS_G,1,train,core,rcsb-mmseqs2-30:12778_30
8EPX_B,1,train,core,rcsb-mmseqs2-30:98891_30
8ER8_A,1,train,core,rcsb-mmseqs2-30:39474_30
8F6B_F,1,validation_reserve,core,rcsb-mmseqs2-30:4180_30
8FCJ_A,1,train,core,rcsb-mmseqs2-30:28123_30
8FCJ_B,1,train,core,rcsb-mmseqs2-30:28124_30
8FCJ_H,1,train,core,rcsb-mmseqs2-30:32498_30
8FCJ_I,1,train,core,rcsb-mmseqs2-30:17316_30
8FCV_P,1,train,core,rcsb-mmseqs2-30:58837_30
8FCV_T,1,train,core,rcsb-mmseqs2-30:22243_30
8FGW_C,0,val,challenge,rcsb-mmseqs2-30:2498_30
8FLJ_N,1,train,core,rcsb-mmseqs2-30:30572_30
8FS4_A,1,test,core,rcsb-mmseqs2-30:16254_30
8FS6_G,1,test,core,rcsb-mmseqs2-30:14571_30
8FW5_I,0,test,core,rcsb-mmseqs2-30:80153_30
8FW7_D,1,test,core,rcsb-mmseqs2-30:41709_30
8FYB_C,1,train,core,rcsb-mmseqs2-30:6901_30
8FZ5_N,0,train,core,rcsb-mmseqs2-30:962_30
8G0L_B,0,train,core,rcsb-mmseqs2-30:25098_30
8G9U_A,1,test,core,rcsb-mmseqs2-30:13643_30
8GBJ_X,1,test,core,rcsb-mmseqs2-30:11027_30
8GJ0_A,1,test,core,rcsb-mmseqs2-30:5512_30
8GQ6_A,0,val,core,rcsb-mmseqs2-30:10960_30
8GUI_L,1,val,core,rcsb-mmseqs2-30:7644_30
8GY2_C,0,train,core,rcsb-mmseqs2-30:75911_30
8H0L_A,1,train,core,rcsb-mmseqs2-30:198735_30
8H1T_L,1,train,core,rcsb-mmseqs2-30:13480_30
8H24_A,0,train,core,rcsb-mmseqs2-30:42187_30
8H8E_A,0,train,challenge,rcsb-mmseqs2-30:9556_30
8HAG_K,1,train,core,rcsb-mmseqs2-30:3561_30
8HD0_E,0,train,challenge,rcsb-mmseqs2-30:13183_30
8HFS_B,0,train,core,rcsb-mmseqs2-30:48970_30
8HIM_A,1,train,core,rcsb-mmseqs2-30:11496_30
8HKC_E,1,train,core,rcsb-mmseqs2-30:8586_30
8HNV_E,1,test,core,rcsb-mmseqs2-30:24023_30
8HNW_A,1,train,core,rcsb-mmseqs2-30:4767_30
8HOV_A,1,validation_reserve,core,rcsb-mmseqs2-30:95690_30
8HVR_I,1,train,core,rcsb-mmseqs2-30:22545_30
8HXY_M,1,val,challenge,rcsb-mmseqs2-30:5834_30
8HY0_N,1,test,core,rcsb-mmseqs2-30:7714_30
8I24_F,1,train,challenge,rcsb-mmseqs2-30:15855_30
8IA3_E,1,val,challenge,rcsb-mmseqs2-30:14164_30
8IAZ_A,1,test,core,rcsb-mmseqs2-30:12490_30
8IDB_C,0,train,core,rcsb-mmseqs2-30:16597_30
8IJO_A,1,train,core,rcsb-mmseqs2-30:10880_30
8IMQ_A,0,test,core,rcsb-mmseqs2-30:40989_30
8IN8_C,1,train,core,rcsb-mmseqs2-30:27021_30
8IPP_B,1,train,core,rcsb-mmseqs2-30:33431_30
8ISZ_B,1,train,core,rcsb-mmseqs2-30:5335_30
8IUH_P,1,test,core,rcsb-mmseqs2-30:2409_30
8IUH_W,1,test,core,rcsb-mmseqs2-30:13776_30
8IYJ_8,0,test,challenge,rcsb-mmseqs2-30:10899_30
8J0R_A,1,train,core,rcsb-mmseqs2-30:10120_30
8J12_A,1,train,core,rcsb-mmseqs2-30:19883_30
8J1Q_C,1,train,core,rcsb-mmseqs2-30:116_30
8JFU_B,1,train,core,rcsb-mmseqs2-30:20740_30
8JKK_D,1,train,core,rcsb-mmseqs2-30:66190_30
8JPX_B,1,train,core,rcsb-mmseqs2-30:24630_30
8K25_A,1,train,core,rcsb-mmseqs2-30:36279_30
8K29_I,1,train,core,rcsb-mmseqs2-30:23374_30
8K4L_A,1,train,core,rcsb-mmseqs2-30:30102_30
8K86_A,1,val,challenge,rcsb-mmseqs2-30:18935_30
8KA5_A,1,train,core,rcsb-mmseqs2-30:23097_30
8KBG_D,0,test,core,rcsb-mmseqs2-30:23992_30
8KD7_B,1,train,core,rcsb-mmseqs2-30:6852_30
8KGG_R,0,test,core,rcsb-mmseqs2-30:3485_30
8KH1_A,0,test,core,rcsb-mmseqs2-30:136442_30
8OK9_A,1,validation_reserve,core,rcsb-mmseqs2-30:17635_30
8OK9_C,1,validation_reserve,core,rcsb-mmseqs2-30:41557_30
8OLT_o,0,train,core,rcsb-mmseqs2-30:786_30
8OM1_a,0,train,challenge,rcsb-mmseqs2-30:747_30
8OM1_d,0,train,core,rcsb-mmseqs2-30:797_30
8OVW_N,1,test,core,rcsb-mmseqs2-30:15575_30
8OW4_B,1,test,core,rcsb-mmseqs2-30:8603_30
8OY8_A,1,val,core,rcsb-mmseqs2-30:3061_30
8OZ7_C,1,train,core,rcsb-mmseqs2-30:144540_30
8P0B_A,0,train,core,rcsb-mmseqs2-30:14552_30
8P4B_M,1,test,core,rcsb-mmseqs2-30:6988_30
8P4W_A,0,train,core,rcsb-mmseqs2-30:39249_30
8P5Q_A,1,val,core,rcsb-mmseqs2-30:28275_30
8PBX_B,0,train,core,rcsb-mmseqs2-30:8769_30
8PHH_A,0,test,core,rcsb-mmseqs2-30:121538_30
8PHK_P,1,train,core,rcsb-mmseqs2-30:6596_30
8PI9_B,1,train,core,rcsb-mmseqs2-30:6855_30
8PKP_Y,0,test,core,rcsb-mmseqs2-30:8306_30
8PM4_A,1,test_reserve,core,rcsb-mmseqs2-30:36185_30
8PO8_A,1,test,core,rcsb-mmseqs2-30:11825_30
8POP_A,1,train,core,rcsb-mmseqs2-30:86442_30
8PPT_A,1,train,core,rcsb-mmseqs2-30:13564_30
8PS5_A,1,train,core,rcsb-mmseqs2-30:65147_30
8PSN_A,1,train,core,rcsb-mmseqs2-30:16763_30
8PSN_B,1,train,core,rcsb-mmseqs2-30:16761_30
8PSN_C,1,train,core,rcsb-mmseqs2-30:16762_30
8PUZ_A,0,train,challenge,rcsb-mmseqs2-30:21665_30
8Q1B_H,0,train,challenge,rcsb-mmseqs2-30:3718_30
8Q1B_J,0,train,challenge,rcsb-mmseqs2-30:100188_30
8Q2N_B,1,train,core,rcsb-mmseqs2-30:10379_30
8Q3W_A,1,validation_reserve,core,rcsb-mmseqs2-30:15023_30
8Q40_A,1,train,core,rcsb-mmseqs2-30:29652_30
8Q7D_p,1,val,core,rcsb-mmseqs2-30:40252_30
8QA9_C,1,train,core,rcsb-mmseqs2-30:20723_30
8QGW_A,0,train,core,rcsb-mmseqs2-30:3549_30
8QQI_B,1,train,core,rcsb-mmseqs2-30:1543_30
8QU6_H,1,val,core,rcsb-mmseqs2-30:18939_30
8QUE_B,1,test,core,rcsb-mmseqs2-30:50257_30
8R0S_A,1,train,core,rcsb-mmseqs2-30:2470_30
8R4Z_A,0,train,core,rcsb-mmseqs2-30:28309_30
8R7E_A,1,train,core,rcsb-mmseqs2-30:3690_30
8RAM_O,1,train,core,rcsb-mmseqs2-30:25369_30
8RAM_Z,1,train,core,rcsb-mmseqs2-30:13906_30
8RC2_F,1,val,core,rcsb-mmseqs2-30:45457_30
8RC2_G,1,val,core,rcsb-mmseqs2-30:45456_30
8RC3_B,1,train,core,rcsb-mmseqs2-30:21722_30
8RC3_F,1,train,core,rcsb-mmseqs2-30:20835_30
8REV_A,1,train,core,rcsb-mmseqs2-30:1562_30
8RFJ_M,1,test,core,rcsb-mmseqs2-30:22942_30
8RKV_S,1,train,core,rcsb-mmseqs2-30:32315_30
8ROQ_M,0,val,core,rcsb-mmseqs2-30:6921_30
8RPX_D,1,train,core,rcsb-mmseqs2-30:96359_30
8RQT_A,0,val,core,rcsb-mmseqs2-30:45112_30
8RQZ_C,0,train,core,rcsb-mmseqs2-30:5293_30
8RVL_3,0,train,core,rcsb-mmseqs2-30:8043_30
8RVL_4,0,train,core,rcsb-mmseqs2-30:13491_30
8RVL_5,0,train,core,rcsb-mmseqs2-30:12972_30
8RXD_B,1,train,core,rcsb-mmseqs2-30:11974_30
8RZ7_B,1,val,core,rcsb-mmseqs2-30:4821_30
8S09_5,1,train,core,rcsb-mmseqs2-30:1301_30
8S09_6,1,train,core,rcsb-mmseqs2-30:1446_30
8S1P_L,0,train,challenge,rcsb-mmseqs2-30:40_30
8S35_M,1,train,core,rcsb-mmseqs2-30:57545_30
8S37_B,1,train,core,rcsb-mmseqs2-30:45455_30
8S4T_A,1,test,core,rcsb-mmseqs2-30:77104_30
8S52_Q,1,validation_reserve,core,rcsb-mmseqs2-30:3091_30
8S7G_D,1,validation_reserve,core,rcsb-mmseqs2-30:504_30
8S82_K,1,test,core,rcsb-mmseqs2-30:27510_30
8S8P_R,1,train,core,rcsb-mmseqs2-30:17807_30
8SD5_A,0,test,core,rcsb-mmseqs2-30:31111_30
8SH0_A,1,test,core,rcsb-mmseqs2-30:9980_30
8SIY_A,1,test,core,rcsb-mmseqs2-30:25687_30
8SLN_A,1,test,core,rcsb-mmseqs2-30:28886_30
8SUK_D,1,train,core,rcsb-mmseqs2-30:32045_30
8SYN_A,0,test,core,rcsb-mmseqs2-30:15663_30
8T9C_A,1,val,core,rcsb-mmseqs2-30:41029_30
8T9F_K,1,train,core,rcsb-mmseqs2-30:12034_30
8TAC_B,1,train,core,rcsb-mmseqs2-30:88095_30
8TEW_1,0,train,core,rcsb-mmseqs2-30:8716_30
8TEW_U,0,train,core,rcsb-mmseqs2-30:14977_30
8TLK_A,1,train,core,rcsb-mmseqs2-30:11429_30
8TM6_d,0,val,core,rcsb-mmseqs2-30:7846_30
8TP8_D,1,train,core,rcsb-mmseqs2-30:26051_30
8TRO_b,0,test,core,rcsb-mmseqs2-30:4897_30
8TVC_A,1,train,core,rcsb-mmseqs2-30:2335_30
8TVR_G,0,train,core,rcsb-mmseqs2-30:27287_30
8TVU_A,0,train,core,rcsb-mmseqs2-30:12426_30
8TWB_1,1,test,core,rcsb-mmseqs2-30:15843_30
8TWQ_A,0,train,core,rcsb-mmseqs2-30:259705_30
8U8L_B,1,train,core,rcsb-mmseqs2-30:42650_30
8U8U_A,1,validation_reserve,core,rcsb-mmseqs2-30:16536_30
8UA7_B,1,train,core,rcsb-mmseqs2-30:98593_30
8UA7_D,1,train,core,rcsb-mmseqs2-30:185050_30
8UC3_C,0,val,core,rcsb-mmseqs2-30:62901_30
8UGQ_B,1,train,core,rcsb-mmseqs2-30:97745_30
8UK9_F,1,train,core,rcsb-mmseqs2-30:13227_30
8UMY_A,1,test,core,rcsb-mmseqs2-30:11902_30
8UN0_H,1,test,core,rcsb-mmseqs2-30:1139_30
8UNF_A,1,train,core,rcsb-mmseqs2-30:30103_30
8URQ_A,1,val,core,rcsb-mmseqs2-30:39734_30
8URQ_B,1,val,core,rcsb-mmseqs2-30:30985_30
8URQ_F,1,val,core,rcsb-mmseqs2-30:37366_30
8USP_A,0,train,core,rcsb-mmseqs2-30:43878_30
8UUC_A,1,train,core,rcsb-mmseqs2-30:201818_30
8UVX_A,1,train,core,rcsb-mmseqs2-30:1671_30
8UX1_L,1,train,core,rcsb-mmseqs2-30:14337_30
8V08_B,1,test,core,rcsb-mmseqs2-30:6531_30
8V1Q_B,1,train,core,rcsb-mmseqs2-30:17276_30
8V32_J,1,val,core,rcsb-mmseqs2-30:84174_30
8V9K_z,0,train,core,rcsb-mmseqs2-30:61155_30
8VCA_A,0,val,core,rcsb-mmseqs2-30:2095_30
8VCJ_B,1,train,core,rcsb-mmseqs2-30:23934_30
8VCJ_X,1,train,core,rcsb-mmseqs2-30:31870_30
8VKJ_A,0,val,core,rcsb-mmseqs2-30:11583_30
8W2P_C,1,test,core,rcsb-mmseqs2-30:57077_30
8WFD_A,1,train,core,rcsb-mmseqs2-30:64042_30
8WG5_M,1,train,core,rcsb-mmseqs2-30:13634_30
8WMM_G,1,train,core,rcsb-mmseqs2-30:68979_30
8WPE_D,1,val,core,rcsb-mmseqs2-30:52651_30
8WPK_B,1,test,core,rcsb-mmseqs2-30:6945_30
8WQ5_A,1,train,core,rcsb-mmseqs2-30:21795_30
8WT4_A,0,train,core,rcsb-mmseqs2-30:39318_30
8WT9_A,1,train,core,rcsb-mmseqs2-30:13008_30
8WUS_E,1,train,core,rcsb-mmseqs2-30:3724_30
8WWA_C,1,train,core,rcsb-mmseqs2-30:13973_30
8WY5_B,1,train,core,rcsb-mmseqs2-30:13688_30
8X6D_B,1,test,core,rcsb-mmseqs2-30:26361_30
8X6G_H,1,test,core,rcsb-mmseqs2-30:8840_30
8XA7_H,0,train,core,rcsb-mmseqs2-30:93407_30
8XAK_A,1,val,core,rcsb-mmseqs2-30:34195_30
8XHV_A,1,test,core,rcsb-mmseqs2-30:28196_30
8XIH_B,1,val,core,rcsb-mmseqs2-30:46605_30
8XRI_B,1,test,core,rcsb-mmseqs2-30:6816_30
8XSB_A,1,validation_reserve,core,rcsb-mmseqs2-30:2541_30
8XSB_B,1,validation_reserve,core,rcsb-mmseqs2-30:9572_30
8XUF_C,1,validation_reserve,core,rcsb-mmseqs2-30:14380_30
8XVB_A,1,train,core,rcsb-mmseqs2-30:35236_30
8XX4_D,1,train,core,rcsb-mmseqs2-30:13962_30
8XYC_A,1,train,core,rcsb-mmseqs2-30:73326_30
8Y3M_C,0,train,core,rcsb-mmseqs2-30:15034_30
8Y80_I,1,train,core,rcsb-mmseqs2-30:27022_30
8Y9N_A,1,val,core,rcsb-mmseqs2-30:46527_30
8YEY_C,1,test,core,rcsb-mmseqs2-30:12218_30
8YFQ_R,1,train,core,rcsb-mmseqs2-30:10245_30
8YLI_B,1,train,core,rcsb-mmseqs2-30:17071_30
8YO4_A,1,train,core,rcsb-mmseqs2-30:19489_30
8YO4_C,1,train,core,rcsb-mmseqs2-30:16601_30
8YTI_V,1,train,core,rcsb-mmseqs2-30:34992_30
8YV7_A,0,train,core,rcsb-mmseqs2-30:10099_30
8YVB_A,1,train,core,rcsb-mmseqs2-30:39415_30
8YWM_A,1,test,core,rcsb-mmseqs2-30:34078_30
8YZT_C,1,val,core,rcsb-mmseqs2-30:19498_30
8Z0L_E,1,train,core,rcsb-mmseqs2-30:12359_30
8Z0L_F,1,train,challenge,rcsb-mmseqs2-30:12356_30
8Z0L_M,1,train,core,rcsb-mmseqs2-30:12360_30
8Z79_A,1,train,core,rcsb-mmseqs2-30:86470_30
8Z96_A,1,train,core,rcsb-mmseqs2-30:5250_30
8ZB1_B,0,train,core,rcsb-mmseqs2-30:15410_30
8ZEF_A,1,val,core,rcsb-mmseqs2-30:14110_30
8ZF9_R,0,train,core,rcsb-mmseqs2-30:3487_30
8ZIC_A,0,train,core,rcsb-mmseqs2-30:54034_30
8ZJR_M,1,validation_reserve,core,rcsb-mmseqs2-30:37095_30
8ZKZ_A,0,val,core,rcsb-mmseqs2-30:20623_30
8ZNJ_A,1,val,core,rcsb-mmseqs2-30:72335_30
8ZNJ_B,1,val,core,rcsb-mmseqs2-30:72336_30
8ZP5_C,1,train,core,rcsb-mmseqs2-30:8979_30
8ZP7_H,1,test,core,rcsb-mmseqs2-30:16127_30
8ZPO_A,0,train,core,rcsb-mmseqs2-30:53414_30
8ZQC_A,1,train,core,rcsb-mmseqs2-30:75306_30
8ZQH_A,1,train,core,rcsb-mmseqs2-30:28028_30
8ZYV_C,0,train,challenge,rcsb-mmseqs2-30:15381_30
9A2N_A,0,test,core,rcsb-mmseqs2-30:8904_30
9A4P_A,0,train,core,rcsb-mmseqs2-30:76592_30
9A4P_B,0,train,core,rcsb-mmseqs2-30:76590_30
9A4S_B,0,train,core,rcsb-mmseqs2-30:39832_30
9A4X_A,0,test,core,rcsb-mmseqs2-30:24791_30
9A4Z_A,0,train,core,rcsb-mmseqs2-30:39913_30
9A51_B,0,val,core,rcsb-mmseqs2-30:76591_30
9A52_A,0,test,core,rcsb-mmseqs2-30:46164_30
9A59_A,0,val,core,rcsb-mmseqs2-30:18682_30
9A5R_B,0,test,core,rcsb-mmseqs2-30:8443_30
9A60_A,0,train,core,rcsb-mmseqs2-30:75308_30
9A64_A,0,train,core,rcsb-mmseqs2-30:58519_30
9A65_A,0,train,challenge,rcsb-mmseqs2-30:78777_30
9A67_A,0,test,challenge,rcsb-mmseqs2-30:62450_30
9A67_B,0,test,challenge,rcsb-mmseqs2-30:78908_30
9A6C_A,0,train,core,rcsb-mmseqs2-30:77458_30
9A6F_B,0,train,core,rcsb-mmseqs2-30:77775_30
9A6I_A,0,train,core,rcsb-mmseqs2-30:77833_30
9A6K_A,0,val,core,rcsb-mmseqs2-30:76941_30
9A6V_B,0,train,core,rcsb-mmseqs2-30:80595_30
9A72_A,0,test,challenge,rcsb-mmseqs2-30:77372_30
9A74_A,0,test,core,rcsb-mmseqs2-30:53845_30
9A7K_B,0,train,core,rcsb-mmseqs2-30:54462_30
9A7V_A,0,train,challenge,rcsb-mmseqs2-30:31809_30
9A7Y_A,0,train,core,rcsb-mmseqs2-30:47220_30
9A7Y_B,0,train,core,rcsb-mmseqs2-30:43166_30
9B0L_P,1,train,core,rcsb-mmseqs2-30:209804_30
9B0X_Q,0,train,challenge,rcsb-mmseqs2-30:49675_30
9B2S_K,1,train,core,rcsb-mmseqs2-30:4732_30
9B7Y_A,1,train,core,rcsb-mmseqs2-30:73960_30
9BCT_G,1,train,core,rcsb-mmseqs2-30:12294_30
9BCT_J,1,train,core,rcsb-mmseqs2-30:11956_30
9BRY_f,0,test,core,rcsb-mmseqs2-30:4353_30
9BYQ_A,1,test,core,rcsb-mmseqs2-30:70076_30
9BZ0_f,1,test,core,rcsb-mmseqs2-30:19452_30
9C0I_A,1,test,core,rcsb-mmseqs2-30:26259_30
9C3S_A,1,train,core,rcsb-mmseqs2-30:20426_30
9C4C_E,1,train,core,rcsb-mmseqs2-30:4123_30
9C5G_B,1,test,core,rcsb-mmseqs2-30:21595_30
9C5Q_C,1,test,core,rcsb-mmseqs2-30:4702_30
9CAY_A,1,train,core,rcsb-mmseqs2-30:15412_30
9CB5_D,1,test,core,rcsb-mmseqs2-30:1_30
9CES_P,1,train,core,rcsb-mmseqs2-30:15432_30
9CEZ_P,1,train,core,rcsb-mmseqs2-30:15432_30
9CF0_C,1,train,core,rcsb-mmseqs2-30:6426_30
9CF0_P,1,train,core,rcsb-mmseqs2-30:15432_30
9CGC_o,0,train,core,rcsb-mmseqs2-30:866_30
9CIP_A,0,val,core,rcsb-mmseqs2-30:97088_30
9CJ6_A,1,validation_reserve,core,rcsb-mmseqs2-30:1964_30
9COP_J,0,train,challenge,rcsb-mmseqs2-30:1863_30
9COP_P,0,train,core,rcsb-mmseqs2-30:8310_30
9COP_x,0,train,core,rcsb-mmseqs2-30:11780_30
9CYY_0,0,train,core,rcsb-mmseqs2-30:35400_30
9D46_C,1,val,core,rcsb-mmseqs2-30:1263_30
9D4S_A,1,train,core,rcsb-mmseqs2-30:82903_30
9D5L_A,1,train,core,rcsb-mmseqs2-30:44984_30
9DBH_A,1,test,core,rcsb-mmseqs2-30:58567_30
9DIH_A,1,test,core,rcsb-mmseqs2-30:28811_30
9DQN_C,1,train,core,rcsb-mmseqs2-30:31069_30
9E2Y_7,1,train,core,rcsb-mmseqs2-30:1529_30
9E8Z_A,1,test,core,rcsb-mmseqs2-30:7723_30
9ECO_A,1,train,core,rcsb-mmseqs2-30:2949_30
9EFF_B,1,val,core,rcsb-mmseqs2-30:56843_30
9EFW_A,1,val,core,rcsb-mmseqs2-30:61810_30
9EL5_A,1,train,core,rcsb-mmseqs2-30:11959_30
9ENR_A,0,train,core,rcsb-mmseqs2-30:34049_30
9EO1_A,1,train,core,rcsb-mmseqs2-30:8286_30
9ERK_B,0,test,core,rcsb-mmseqs2-30:25216_30
9EZD_A,1,train,core,rcsb-mmseqs2-30:46536_30
9EZY_B,1,val,core,rcsb-mmseqs2-30:54382_30
9F09_A,0,train,core,rcsb-mmseqs2-30:21423_30
9F0Z_F,1,val,core,rcsb-mmseqs2-30:20002_30
9F0Z_H,1,val,core,rcsb-mmseqs2-30:6698_30
9F5Y_T,0,val,core,rcsb-mmseqs2-30:226_30
9F5Y_V,0,val,core,rcsb-mmseqs2-30:34366_30
9F5Y_W,0,val,core,rcsb-mmseqs2-30:34365_30
9F7D_A,1,train,core,rcsb-mmseqs2-30:8014_30
9F7L_O,1,train,core,rcsb-mmseqs2-30:8014_30
9FF4_B,1,val,core,rcsb-mmseqs2-30:6900_30
9FSO_Z,1,train,core,rcsb-mmseqs2-30:8407_30
9G0A_b,1,train,core,rcsb-mmseqs2-30:1603_30
9G0A_c,1,train,core,rcsb-mmseqs2-30:1037_30
9G7F_C,0,train,core,rcsb-mmseqs2-30:37766_30
9GAW_K,0,test,core,rcsb-mmseqs2-30:6249_30
9GC3_A,1,train,core,rcsb-mmseqs2-30:40285_30
9GC3_B,1,train,core,rcsb-mmseqs2-30:40434_30
9GC3_C,1,train,core,rcsb-mmseqs2-30:33483_30
9GD3_W,1,train,core,rcsb-mmseqs2-30:7620_30
9GMK_K,1,train,core,rcsb-mmseqs2-30:26189_30
9GO6_1,0,train,challenge,rcsb-mmseqs2-30:5162_30
9GO6_A,0,train,challenge,rcsb-mmseqs2-30:29387_30
9GO6_L,0,train,challenge,rcsb-mmseqs2-30:22530_30
9GPJ_A,1,train,core,rcsb-mmseqs2-30:3055_30
9GUI_A,1,train,core,rcsb-mmseqs2-30:10204_30
9GUW_N,1,test,core,rcsb-mmseqs2-30:16_30
9GUX_S,1,test,core,rcsb-mmseqs2-30:48_30
9GY4_F,0,val,core,rcsb-mmseqs2-30:20591_30
9GZM_B,1,train,core,rcsb-mmseqs2-30:12625_30
9H8W_A,0,test,core,rcsb-mmseqs2-30:15225_30
9HCF_6,0,val,core,rcsb-mmseqs2-30:1802_30
9HCF_M,0,val,core,rcsb-mmseqs2-30:1643_30
9HGI_A,1,test,core,rcsb-mmseqs2-30:38760_30
9HJT_A,1,train,core,rcsb-mmseqs2-30:31552_30
9HJT_F,1,train,core,rcsb-mmseqs2-30:6883_30
9HJU_D,1,train,core,rcsb-mmseqs2-30:28694_30
9HQX_B,1,val,core,rcsb-mmseqs2-30:28778_30
9HQX_d,1,val,core,rcsb-mmseqs2-30:73241_30
9HR5_C,1,train,core,rcsb-mmseqs2-30:55779_30
9HVO_O,1,train,core,rcsb-mmseqs2-30:6010_30
9I4I_Z,0,train,challenge,rcsb-mmseqs2-30:1008_30
9I86_A,1,train,core,rcsb-mmseqs2-30:93075_30
9IAD_A,1,test,core,rcsb-mmseqs2-30:267327_30
9IAN_F,0,train,core,rcsb-mmseqs2-30:48905_30
9IHF_P,1,train,core,rcsb-mmseqs2-30:1984_30
9IHR_1,0,train,core,rcsb-mmseqs2-30:12433_30
9ILP_A,0,train,core,rcsb-mmseqs2-30:64487_30
9IM1_E,1,train,challenge,rcsb-mmseqs2-30:7876_30
9IMR_A,0,train,core,rcsb-mmseqs2-30:10913_30
9IS6_H,0,train,core,rcsb-mmseqs2-30:4275_30
9ISN_F,1,train,core,rcsb-mmseqs2-30:20814_30
9ITJ_U,0,test,challenge,rcsb-mmseqs2-30:516_30
9IXM_B,1,train,core,rcsb-mmseqs2-30:75452_30
9IZP_A,1,train,core,rcsb-mmseqs2-30:33397_30
9J09_A,1,train,core,rcsb-mmseqs2-30:93979_30
9J13_A,0,val,core,rcsb-mmseqs2-30:6020_30
9J1M_0,0,train,challenge,rcsb-mmseqs2-30:2542_30
9J89_D,1,train,core,rcsb-mmseqs2-30:19590_30
9JFO_A,1,train,core,rcsb-mmseqs2-30:55466_30
9JG3_A,1,test,core,rcsb-mmseqs2-30:72935_30
9JH7_A,1,train,core,rcsb-mmseqs2-30:24459_30
9JT2_B,1,train,core,rcsb-mmseqs2-30:20087_30
9JXS_B,1,val,core,rcsb-mmseqs2-30:24428_30
9JXS_D,1,val,core,rcsb-mmseqs2-30:27240_30
9JYZ_P,0,train,challenge,rcsb-mmseqs2-30:19978_30
9K2G_Q,1,train,core,rcsb-mmseqs2-30:5955_30
9K9T_A,1,val,core,rcsb-mmseqs2-30:8504_30
9KBH_B,1,train,core,rcsb-mmseqs2-30:6893_30
9KHY_1,0,train,challenge,rcsb-mmseqs2-30:70458_30
9KI1_a,0,test,challenge,rcsb-mmseqs2-30:100204_30
9L22_L,1,train,core,rcsb-mmseqs2-30:24094_30
9L55_B,1,val,core,rcsb-mmseqs2-30:27474_30
9LC1_A,0,train,core,rcsb-mmseqs2-30:21103_30
9LGI_A,1,val,core,rcsb-mmseqs2-30:27723_30
9LLQ_B,1,train,core,rcsb-mmseqs2-30:68031_30
9LM3_E,1,train,core,rcsb-mmseqs2-30:41225_30
9LOL_A,0,val,core,rcsb-mmseqs2-30:12961_30
9LPZ_A,0,train,core,rcsb-mmseqs2-30:5625_30
9LW1_A,0,val,core,rcsb-mmseqs2-30:12151_30
9M7W_B,0,test,core,rcsb-mmseqs2-30:13550_30
9M7Y_F,1,val,challenge,rcsb-mmseqs2-30:181154_30
9MKY_A,0,train,challenge,rcsb-mmseqs2-30:3931_30
9MMI_A,0,train,core,rcsb-mmseqs2-30:8574_30
9MN6_E,1,train,core,rcsb-mmseqs2-30:6437_30
9MPP_M,1,train,core,rcsb-mmseqs2-30:3247_30
9MRD_A,1,val,core,rcsb-mmseqs2-30:31642_30
9MRG_A,0,val,core,rcsb-mmseqs2-30:40115_30
9MSG_M,1,val,core,rcsb-mmseqs2-30:4213_30
9MTY_B,1,train,core,rcsb-mmseqs2-30:116927_30
9MVY_A,1,train,core,rcsb-mmseqs2-30:14837_30
9N81_M,1,test,core,rcsb-mmseqs2-30:1088_30
9N82_F,1,train,challenge,rcsb-mmseqs2-30:4976_30
9N82_b,1,train,core,rcsb-mmseqs2-30:2746_30
9N9J_N,0,test,core,rcsb-mmseqs2-30:10306_30
9NP6_A,1,train,core,rcsb-mmseqs2-30:29565_30
9NQU_K,1,val,core,rcsb-mmseqs2-30:16842_30
9NVU_P,1,train,core,rcsb-mmseqs2-30:16577_30
9NYI_A,1,test,core,rcsb-mmseqs2-30:114359_30
9NYU_A,0,val,core,rcsb-mmseqs2-30:40116_30
9OA5_A,0,train,core,rcsb-mmseqs2-30:3355_30
9OM4_A,1,test,core,rcsb-mmseqs2-30:127031_30
9P1D_E,1,test,core,rcsb-mmseqs2-30:14806_30
9P8U_A,1,val,core,rcsb-mmseqs2-30:35328_30
9PFN_B,1,test,challenge,rcsb-mmseqs2-30:40512_30
9PXG_B,0,train,core,rcsb-mmseqs2-30:1699_30
9PYM_A,0,train,core,rcsb-mmseqs2-30:8510_30
9Q9H_A,1,train,core,rcsb-mmseqs2-30:11935_30
9Q9H_E,1,train,core,rcsb-mmseqs2-30:9150_30
9QTQ_J,0,val,core,rcsb-mmseqs2-30:17972_30
9QXR_A,1,train,challenge,rcsb-mmseqs2-30:17097_30
9QXR_C,1,train,core,rcsb-mmseqs2-30:18977_30
9QXR_E,1,train,challenge,rcsb-mmseqs2-30:17318_30
9R35_B,1,train,core,rcsb-mmseqs2-30:68792_30
9RD0_B,0,test,core,rcsb-mmseqs2-30:47810_30
9RJS_A,1,train,core,rcsb-mmseqs2-30:47395_30
9RJS_C,1,train,core,rcsb-mmseqs2-30:47393_30
9RY7_A,0,train,core,rcsb-mmseqs2-30:4348_30
9S5U_D,0,train,challenge,rcsb-mmseqs2-30:22746_30
9S97_A,0,train,core,rcsb-mmseqs2-30:38333_30
9S9B_A,0,train,core,rcsb-mmseqs2-30:32725_30
9SI9_L,1,test,challenge,rcsb-mmseqs2-30:9746_30
9TZ9_j,0,train,core,rcsb-mmseqs2-30:67_30
9U6F_H,0,train,core,rcsb-mmseqs2-30:4230_30
9UB7_A,0,test,core,rcsb-mmseqs2-30:28679_30
9URH_A,1,test,core,rcsb-mmseqs2-30:4135_30
9UV2_A,0,train,core,rcsb-mmseqs2-30:2191_30
9UZO_E,0,train,challenge,rcsb-mmseqs2-30:49444_30
9UZO_F,0,train,challenge,rcsb-mmseqs2-30:49445_30
9UZO_J,0,train,core,rcsb-mmseqs2-30:63378_30
9VKR_d,0,val,core,rcsb-mmseqs2-30:1530_30
9VWA_A,0,test,core,rcsb-mmseqs2-30:49930_30
9WNO_A,0,train,core,rcsb-mmseqs2-30:2730_30
9WNO_B,0,train,core,rcsb-mmseqs2-30:29036_30
9X3O_A,0,train,core,rcsb-mmseqs2-30:28540_30
9X3O_E,0,train,core,rcsb-mmseqs2-30:28539_30
9X3O_F,0,train,core,rcsb-mmseqs2-30:29485_30
9X3P_l,0,val,core,rcsb-mmseqs2-30:64452_30
9X3Q_D,0,test,core,rcsb-mmseqs2-30:25292_30
9X3R_G,0,train,core,rcsb-mmseqs2-30:19268_30
9YD7_A,0,train,core,rcsb-mmseqs2-30:1462_30
